186,G,G,C,T,1,50,0
187,T,T,G,C,2,50,0
225,G,G,C,C,3,51,0
274,A,A,T,T,4,64,0
285,C,C,A,A,5,64,0
625,A,A,-,-,5,80,1
819,C,C,T,G,6,99,1
844,A,A,G,G,7,99,1
939,T,T,C,C,8,101,1
1005,-,-,T,C,8,113,1
1052,G,G,A,A,9,192,1
1139,T,T,C,G,10,198,1
1145,G,G,C,C,11,198,1
1215,G,G,A,A,12,202,1
1260,G,G,C,C,13,202,1
1391,G,G,A,A,14,216,1
1672,T,T,G,G,15,237,1
1787,T,T,C,C,16,246,1
1879,A,A,G,G,17,256,1
1991,C,C,T,T,18,280,1
2049,A,A,G,G,19,280,1
2064,-,-,A,A,19,292,1
2064,-,-,A,A,19,293,1
2064,-,-,A,A,19,294,1
2064,-,-,A,A,19,295,1
2072,-,-,C,A,19,308,1
2072,-,-,A,C,19,309,1
2072,-,-,A,A,19,310,1
2074,-,-,A,A,19,318,1
2114,G,G,A,A,20,319,1
2210,T,T,C,C,21,321,1
2278,C,C,T,T,22,321,1
2383,T,T,G,G,23,323,1
2472,A,A,G,G,24,328,1
2514,T,T,C,C,25,328,1
2694,C,C,T,T,26,345,1
2832,C,C,T,T,27,415,1
2839,T,T,C,A,28,415,1
2958,T,T,-,-,28,468,2
2987,G,G,A,A,29,469,2
3095,T,T,A,A,30,473,2
3147,C,C,T,T,31,475,2
3275,G,G,T,T,32,475,2
3364,C,C,T,T,33,524,2
3448,A,A,C,G,34,534,2
3500,T,T,C,C,35,534,2
3731,C,C,T,T,36,549,2
4123,G,G,A,A,37,589,2
4135,A,A,C,C,38,589,2
4553,C,C,A,T,39,648,2
4640,C,C,T,T,40,706,2
4729,C,C,T,T,41,728,2
4792,-,-,A,G,41,745,2
4792,-,-,G,A,41,746,2
4792,-,-,A,A,41,747,2
4792,-,-,T,T,41,748,2
4894,T,T,C,C,42,760,2
4905,C,C,T,T,43,760,2
5033,C,C,A,A,44,819,2
5215,G,G,C,C,45,890,2
5389,C,C,T,T,46,906,2
5390,A,A,T,G,47,906,2
5978,A,A,G,G,48,1050,2
6109,A,A,T,T,49,1052,2
6284,G,G,T,T,50,1066,2
6326,C,C,G,A,51,1074,2
6341,G,G,C,T,52,1074,2
6353,A,A,C,T,53,1075,2
6447,A,A,C,C,54,1136,2
6455,T,T,C,C,55,1136,2
6508,C,C,T,G,56,1137,2
6556,C,C,A,G,57,1193,2
6609,A,A,G,G,58,1224,2
6627,T,T,C,C,59,1224,2
6908,A,A,G,G,60,1267,2
7294,G,G,C,T,61,1363,2
7295,-,-,G,G,61,1365,2
7413,A,T,-,-,61,1397,3
7661,G,G,A,C,62,1446,3
7694,G,G,T,T,63,1447,3
7711,-,-,A,A,63,1448,3
7711,-,-,T,T,63,1449,3
7711,-,-,T,T,63,1450,3
7711,-,-,A,A,63,1451,3
7711,-,-,A,A,63,1452,3
7711,-,-,A,A,63,1453,3
7711,-,-,T,T,63,1454,3
7711,-,-,A,A,63,1455,3
7725,A,G,-,-,63,1459,4
7726,A,A,-,-,63,1459,5
7727,T,T,-,-,63,1459,6
7728,T,T,-,-,63,1459,7
7729,T,T,-,-,63,1459,8
8046,A,A,G,G,64,1518,8
8145,G,G,T,T,65,1520,8
8263,T,T,G,G,66,1538,8
8450,G,G,A,A,67,1546,8
8501,T,T,C,C,68,1588,8
8571,A,A,G,G,69,1610,8
8791,A,A,-,-,69,1805,9
8858,A,A,G,C,70,1820,9
9229,C,C,A,T,71,1901,9
9349,C,C,T,T,72,1979,9
9402,A,A,G,G,73,1996,9
9412,T,T,C,C,74,1996,9
9515,T,T,G,C,75,2132,9
9922,G,G,C,C,76,2177,9
9980,G,G,A,A,77,2194,9
10044,C,C,T,T,78,2194,9
10165,-,-,T,T,78,2243,9
10165,-,-,A,A,78,2244,9
10259,G,G,T,T,79,2260,9
10350,C,C,T,T,80,2298,9
10821,T,T,C,C,81,2298,9
11079,A,A,T,T,82,2298,9
11286,A,A,G,G,83,2359,9
11335,A,A,G,G,84,2359,9
11466,C,C,A,A,85,2369,9
11472,A,A,-,-,85,2373,10
12013,C,C,T,T,86,2448,10
12292,A,A,G,G,87,2507,10
12823,G,G,C,C,88,2575,10
12852,G,G,A,A,89,2580,10
12883,G,G,A,A,90,2580,10
13061,G,G,A,A,91,2634,10
13224,G,G,T,T,92,2707,10
13241,T,T,A,A,93,2707,10
13349,T,T,C,C,94,2755,10
13442,T,T,C,C,95,2765,10
13450,A,A,G,G,96,2771,10
14372,G,G,A,A,97,2932,10
14393,A,G,-,-,97,2936,11
14437,C,C,T,T,98,2939,11
14465,C,C,G,G,99,2941,11
14481,T,T,A,G,100,2948,11
14486,C,C,G,G,101,2948,11
14694,C,C,G,G,102,2987,11
14709,G,G,C,T,103,2987,11
14768,C,C,G,G,104,3008,11
14782,A,A,-,-,104,3011,12
14783,C,C,-,-,104,3011,13
14784,C,C,-,-,104,3011,14
14853,C,C,-,-,104,3043,15
14854,G,G,-,-,104,3043,16
14855,C,C,-,-,104,3043,17
14856,A,A,-,-,104,3043,18
14986,A,A,C,C,105,3060,18
15036,G,G,A,T,106,3065,18
15220,A,A,G,G,107,3097,18
15270,A,A,C,C,108,3105,18
15278,A,A,G,G,109,3105,18
15335,G,G,C,A,110,3112,18
15389,G,G,A,A,111,3149,18
15473,G,G,A,C,112,3182,18
15507,-,-,G,G,112,3220,18
15551,T,T,A,A,113,3220,18
15596,A,A,C,C,114,3226,18
15597,G,G,A,T,115,3226,18
15624,A,A,G,G,116,3230,18
15643,G,G,C,C,117,3231,18
15676,A,A,C,C,118,3231,18
15750,A,A,C,C,119,3248,18
15876,C,C,G,G,120,3306,18
15898,C,C,T,T,121,3306,18
16030,T,T,G,G,122,3310,18
16255,A,A,G,G,123,3345,18
16444,C,C,T,T,124,3349,18
16739,T,T,A,A,125,3378,18
16740,-,-,T,C,125,3384,18
16740,-,-,C,C,125,3385,18
16741,A,A,C,C,126,3385,18
16969,G,G,C,C,127,3422,18
17588,A,A,G,G,128,3503,18
17948,T,T,G,A,129,3600,18
17976,G,G,A,A,130,3608,18
17995,G,G,C,A,131,3608,18
18309,T,T,C,C,132,3653,18
18487,G,G,A,A,133,3674,18
18796,A,A,C,C,134,3743,18
18797,G,G,A,A,135,3743,18
18849,A,A,T,T,136,3799,18
18892,G,G,T,T,137,3799,18
18907,G,G,C,C,138,3802,18
18908,T,T,C,C,139,3802,18
18921,G,G,C,C,140,3803,18
19027,T,T,C,C,141,3815,18
19028,G,G,A,A,142,3815,18
19082,G,G,A,A,143,3821,18
19108,G,G,T,T,144,3822,18
19195,C,C,T,T,145,3850,18
19344,A,A,T,T,146,3886,18
19811,T,T,G,C,147,3921,18
19855,T,T,A,A,148,3931,18
19887,G,G,A,A,149,3942,18
19897,C,C,T,T,150,3943,18
20073,A,A,G,G,151,4128,18
20211,A,A,G,G,152,4138,18
20307,A,A,G,C,153,4152,18
20311,G,G,A,A,154,4152,18
20379,T,T,C,C,155,4153,18
20417,C,C,G,G,156,4172,18
20504,C,C,G,G,157,4173,18
20587,-,-,A,G,157,4182,18
20587,-,-,C,C,157,4265,18
20587,-,-,C,C,157,4266,18
20587,-,-,T,T,157,4267,18
20587,-,-,G,G,157,4268,18
20587,-,-,C,C,157,4269,18
20587,-,-,A,A,157,4270,18
20587,-,-,G,G,157,4271,18
20587,-,-,G,A,157,4273,18
20587,-,-,T,T,157,4274,18
20587,-,-,G,G,157,4275,18
20587,-,-,G,G,157,4276,18
20587,-,-,G,G,157,4277,18
20587,-,-,G,G,157,4278,18
20587,-,-,G,G,157,4279,18
20587,-,-,A,A,157,4280,18
20925,T,T,C,C,158,4437,18
20928,G,G,A,C,159,4437,18
20987,A,A,G,G,160,4460,18
21038,G,G,C,C,161,4462,18
21320,G,G,C,C,162,4529,18
21751,A,A,*,*,162,4606,19
21752,A,A,*,*,162,4606,20
21753,C,C,*,*,162,4606,21
21754,A,A,*,*,162,4606,22
21755,A,A,*,*,162,4606,23
21861,-,-,A,A,162,4632,23
21861,-,-,T,C,162,4633,23
21863,C,C,T,T,163,4633,23
21895,-,-,T,T,163,4638,23
21895,-,-,C,C,163,4639,23
21895,-,-,T,T,163,4640,23
21895,-,-,T,T,163,4641,23
22000,T,T,C,C,164,4650,23
22023,C,C,G,G,165,4650,23
22038,A,A,C,C,166,4650,23
22052,A,A,C,C,167,4654,23
22074,T,T,G,G,168,4658,23
22104,C,C,A,A,169,4658,23
22122,C,C,T,T,170,4659,23
22358,A,A,G,G,171,4682,23
22398,T,T,C,C,172,4684,23
22517,G,G,A,A,173,4697,23
22571,T,T,C,C,174,4698,23
22572,G,G,A,A,175,4698,23
22613,A,A,G,G,176,4741,23
22683,C,C,T,T,177,4746,23
22709,A,A,G,G,178,4761,23
22776,A,A,T,C,179,4766,23
22867,A,A,G,G,180,4809,23
22901,C,C,T,A,181,4810,23
23142,T,T,A,A,182,4835,23
23159,A,A,G,G,183,4843,23
23203,T,T,G,A,184,4850,23
23392,C,C,G,G,185,4887,23
23477,G,G,C,C,186,4926,23
23485,G,G,A,A,187,4928,23
23546,C,C,T,G,188,4928,23
23638,C,C,G,G,189,4935,23
23664,G,G,T,T,190,4935,23
23684,G,G,C,C,191,4935,23
23693,T,T,G,G,192,4937,23
23699,C,C,T,T,193,4939,23
23705,G,G,A,A,194,4939,23
23709,G,G,C,C,195,4939,23
23744,T,T,C,C,196,4942,23
23812,-,-,C,G,196,4956,23
23812,-,-,G,G,196,4957,23
23813,G,G,C,T,197,4957,23
23834,T,T,C,C,198,4963,23
23986,T,T,C,C,199,4980,23
24064,A,A,G,G,200,4992,23
24197,T,T,C,C,201,5017,23
24530,G,G,C,C,202,5099,23
24737,C,C,T,G,203,5237,23
24828,G,G,T,T,204,5242,23
24966,A,A,T,C,205,5283,23
25041,A,A,G,G,206,5316,23
25042,T,T,G,G,207,5316,23
25179,C,C,T,G,208,5341,23
25280,A,A,G,G,209,5363,23
25292,A,A,C,G,210,5418,23
25402,C,C,T,T,211,5545,23
25412,C,C,T,T,212,5545,23
25577,C,C,T,T,213,5674,23
25669,G,G,C,A,214,5711,23
25815,T,C,-,-,214,5733,24
25818,C,C,T,T,215,5733,24
25979,C,C,T,T,216,5744,24
26024,G,G,A,A,217,5757,24
26179,G,G,C,C,218,5777,24
26224,G,G,A,A,219,5782,24
26488,C,C,T,A,220,5860,24
26523,G,G,A,T,221,5902,24
26562,T,T,A,A,222,5920,24
26622,G,G,A,T,223,5944,24
26661,G,G,A,A,224,5944,24
26703,A,A,G,G,225,5949,24
26799,A,A,-,-,225,5967,25
26800,A,A,-,-,225,5967,26
26801,A,C,-,-,225,5967,27
26802,C,A,-,-,225,5967,28
26803,A,A,-,-,225,5967,29
26804,A,A,-,-,225,5967,30
26805,A,A,-,-,225,5967,31
26806,C,A,-,-,225,5967,32
26807,A,A,-,-,225,5967,33
26808,A,A,-,-,225,5967,34
26809,A,A,-,-,225,5967,35
26810,C,C,-,-,225,5967,36
26811,A,A,-,-,225,5967,37
26847,G,G,A,A,226,5976,37
26860,A,A,-,-,226,5976,38
26876,T,C,-,-,226,5976,39
26877,G,C,-,-,226,5976,40
26878,A,A,-,-,226,5976,41
26879,T,T,-,-,226,5976,42
26880,G,G,-,-,226,5976,43
26881,G,G,-,-,226,5976,44
26882,T,T,-,-,226,5976,45
26883,G,G,-,-,226,5976,46
27023,G,G,T,T,227,6000,46
27031,T,T,C,C,228,6002,46
27033,A,A,G,G,229,6002,46
27475,A,A,G,G,230,6022,46
27507,C,C,T,T,231,6028,46
27515,T,T,-,-,231,6028,47
27700,T,T,C,C,232,6038,47
27803,C,C,T,T,233,6038,47
27848,A,A,T,G,234,6142,47
27923,T,T,C,C,235,6154,47
27939,T,T,G,G,236,6154,47
28497,A,A,-,*,236,6190,48
28498,T,T,-,*,236,6190,49
28885,A,A,-,-,236,6208,50
28886,A,A,-,-,236,6208,51
28887,A,G,-,-,236,6208,52
28888,G,G,-,-,236,6208,53
28889,A,A,-,-,236,6208,54
28890,A,A,-,-,236,6208,55
28891,T,T,-,-,236,6208,56
28892,T,T,-,-,236,6208,57
28893,A,A,-,-,236,6208,58
28894,C,C,-,-,236,6208,59
28895,A,A,-,-,236,6208,60
28969,C,C,A,A,237,6214,60
29001,A,A,T,T,238,6220,60
