225,T,T,A,A,1,147,0
238,T,T,A,A,2,157,0
261,G,G,A,C,3,158,0
322,T,T,A,A,4,158,0
326,C,C,A,G,5,159,0
484,A,A,G,G,6,160,0
741,C,C,G,A,7,161,0
878,T,T,C,C,8,185,0
979,A,A,G,G,9,212,0
1050,T,T,G,C,10,258,0
1058,G,G,A,A,11,258,0
1074,T,T,C,C,12,258,0
1079,C,C,G,G,13,258,0
1158,T,T,A,C,14,265,0
1194,A,A,C,T,15,267,0
1254,A,A,G,G,16,267,0
1264,T,T,C,C,17,267,0
1291,T,T,C,C,18,267,0
1298,C,C,T,T,19,267,0
1548,G,G,A,A,20,295,0
1846,A,A,G,G,21,340,0
1953,C,C,T,T,22,360,0
1984,T,T,C,C,23,360,0
2026,C,C,T,T,24,366,0
2032,A,A,G,G,25,366,0
2087,T,T,C,C,26,366,0
2088,G,G,A,A,27,366,0
2093,G,G,A,A,28,366,0
2277,A,A,G,G,29,384,0
2280,A,A,G,G,30,384,0
2318,T,T,A,A,31,402,0
2353,C,C,A,A,32,403,0
2388,A,A,T,T,33,404,0
2404,T,T,C,C,34,404,0
2577,A,A,C,C,35,407,0
2661,A,A,C,G,36,421,0
2669,-,-,A,T,36,426,0
2669,-,-,A,C,36,427,0
2753,A,A,-,-,36,447,1
2754,A,C,-,-,36,447,2
2882,A,A,C,C,37,455,2
2891,G,G,A,A,38,456,2
2892,A,A,G,G,39,456,2
2910,A,A,-,-,39,483,3
2994,A,A,-,-,39,505,4
3477,C,C,G,G,40,557,4
3489,A,A,C,G,41,564,4
3620,A,A,-,-,41,583,5
3702,A,A,G,G,42,593,5
3745,A,A,G,G,43,593,5
3884,A,A,C,C,44,610,5
4016,G,G,-,-,44,619,6
4017,T,T,-,-,44,619,7
4018,T,T,-,-,44,619,8
4019,A,A,-,-,44,619,9
4077,A,A,C,C,45,665,9
4226,T,T,G,G,46,686,9
4468,C,C,T,T,47,739,9
4488,C,C,T,T,48,739,9
4491,G,G,A,A,49,739,9
4771,T,T,G,A,50,826,9
4940,A,A,G,G,51,849,9
5033,T,T,C,C,52,856,9
5090,C,C,T,G,53,856,9
5100,T,T,G,G,54,856,9
5192,G,G,A,A,55,870,9
5247,C,C,T,T,56,876,9
5264,T,T,C,C,57,876,9
5317,G,G,C,T,58,876,9
5507,T,T,C,C,59,896,9
5571,C,C,T,T,60,896,9
5594,T,T,G,C,61,896,9
5671,A,A,-,-,61,905,10
5752,A,A,G,G,62,908,10
5791,A,A,G,G,63,956,10
5792,A,A,G,G,64,956,10
5824,C,C,T,G,65,980,10
5874,C,C,T,G,66,980,10
5901,T,T,C,C,67,980,10
5952,C,C,G,T,68,1004,10
5953,A,A,G,G,69,1004,10
5993,-,-,C,C,69,1010,10
6041,-,-,G,G,69,1016,10
6041,-,-,G,G,69,1017,10
6041,-,-,T,G,69,1018,10
6041,-,-,G,G,69,1019,10
6041,-,-,A,A,69,1020,10
6041,-,-,G,G,69,1021,10
6134,A,A,G,G,70,1021,10
6334,A,A,G,G,71,1046,10
6464,T,T,C,G,72,1058,10
6537,T,T,C,C,73,1067,10
6663,C,C,T,T,74,1113,10
6664,A,A,G,G,75,1113,10
6671,A,A,C,C,76,1113,10
6702,A,A,G,G,77,1115,10
6708,C,C,G,T,78,1116,10
6761,G,G,A,A,79,1119,10
6839,T,T,G,G,80,1154,10
6879,C,C,A,A,81,1173,10
6995,C,C,A,A,82,1181,10
7036,G,G,A,A,83,1183,10
7199,A,A,C,C,84,1207,10
7215,C,C,T,G,85,1213,10
7350,T,T,C,C,86,1339,10
7352,T,T,C,C,87,1339,10
7523,A,A,-,-,87,1362,11
7705,G,G,A,A,88,1403,11
7709,A,A,G,G,89,1403,11
7787,T,T,G,G,90,1411,11
7789,T,T,C,C,91,1411,11
7816,T,T,C,C,92,1419,11
8052,A,A,G,G,93,1479,11
8091,A,A,G,G,94,1481,11
8180,C,C,A,A,95,1487,11
8397,A,A,T,T,96,1545,11
8518,G,G,A,A,97,1575,11
8601,G,G,A,A,98,1579,11
8629,A,A,G,G,99,1585,11
8635,G,G,A,A,100,1585,11
8641,C,C,T,G,101,1585,11
8816,A,A,G,G,102,1596,11
8906,C,C,A,A,103,1610,11
8920,G,G,T,T,104,1611,11
9030,G,G,A,A,105,1680,11
9258,G,G,C,C,106,1731,11
9357,T,T,A,A,107,1753,11
9358,T,T,A,C,108,1753,11
9485,C,C,T,A,109,1776,11
9558,A,A,G,C,110,1782,11
9559,C,C,T,T,111,1782,11
9567,C,C,T,G,112,1788,11
9604,G,G,A,A,113,1789,11
9937,T,T,-,-,113,1868,12
9938,C,C,-,-,113,1868,13
9939,T,T,-,-,113,1868,14
9940,T,T,-,-,113,1868,15
11047,-,-,A,A,113,1972,15
11047,-,-,G,G,113,1973,15
11047,-,-,T,A,113,1974,15
11099,A,A,G,G,114,2039,15
11253,C,C,A,A,115,2042,15
11608,C,C,T,T,116,2107,15
11756,A,A,G,G,117,2141,15
11794,T,T,G,A,118,2147,15
11809,C,C,G,G,119,2147,15
12131,C,C,G,G,120,2171,15
12239,-,-,A,G,120,2190,15
12393,C,C,T,T,121,2249,15
12488,T,T,A,C,122,2307,15
12691,A,A,T,C,123,2327,15
12713,G,G,A,A,124,2328,15
12892,C,C,G,A,125,2393,15
12920,T,T,A,A,126,2421,15
12923,T,T,A,A,127,2425,15
13065,A,A,G,G,128,2505,15
13080,T,T,C,C,129,2505,15
13553,C,C,G,A,130,2598,15
13735,A,A,T,T,131,2652,15
13981,C,C,T,T,132,2662,15
14098,G,G,C,C,133,2677,15
14173,A,A,G,G,134,2677,15
14209,G,G,C,C,135,2698,15
14221,A,A,C,C,136,2698,15
14303,A,A,C,C,137,2701,15
15154,T,C,-,*,137,2781,16
15155,G,G,-,*,137,2781,17
15186,G,G,-,*,137,2781,18
15214,G,G,-,*,137,2781,19
15228,G,G,-,*,137,2786,20
15229,G,G,-,*,137,2791,21
15230,G,G,-,*,137,2791,22
15231,G,G,-,*,137,2791,23
15232,G,G,-,*,137,2791,24
15233,T,T,-,*,137,2791,25
15234,G,G,-,*,137,2792,26
15235,G,G,-,*,137,2792,27
15696,T,T,C,C,138,2905,27
15754,C,C,T,G,139,2908,27
15863,A,A,G,T,140,2915,27
16252,A,A,T,G,141,3009,27
16465,T,T,C,C,142,3041,27
16501,C,C,T,A,143,3041,27
16566,G,G,A,A,144,3062,27
16612,A,A,-,-,144,3074,28
16721,G,G,A,A,145,3088,28
16843,A,A,-,-,145,3100,29
16845,T,T,G,G,146,3100,29
16981,T,T,-,-,146,3142,30
16982,A,A,-,-,146,3142,31
17134,A,A,G,G,147,3305,31
17183,A,A,C,C,148,3322,31
17226,C,C,T,T,149,3349,31
17258,A,A,C,G,150,3356,31
17598,G,G,A,A,151,3416,31
17601,G,G,A,T,152,3416,31
17705,-,-,C,C,152,3451,31
17723,C,C,G,T,153,3451,31
17795,A,A,G,G,154,3458,31
17923,T,T,-,-,154,3494,32
17924,A,A,-,-,154,3494,33
17925,T,T,-,-,154,3494,34
17926,T,T,-,-,154,3494,35
18027,C,C,T,T,155,3503,35
18028,T,T,G,G,156,3503,35
18201,A,A,G,G,157,3533,35
18504,G,G,A,A,158,3602,35
18715,G,G,T,A,159,3652,35
18750,C,C,T,T,160,3657,35
18753,T,T,C,C,161,3657,35
18796,T,T,-,-,161,3659,36
18803,A,A,G,G,162,3659,36
19101,G,G,A,C,163,3881,36
19222,C,C,T,T,164,3912,36
19289,A,A,C,G,165,3932,36
19353,T,T,-,-,165,3959,37
19354,T,G,-,-,165,3959,38
19355,T,T,-,-,165,3959,39
19356,T,T,-,-,165,3959,40
19357,T,T,-,-,165,3959,41
19358,T,T,-,-,165,3959,42
19453,C,C,T,T,166,3979,42
19707,G,G,C,C,167,4011,42
19739,G,G,A,A,168,4011,42
19802,C,C,T,T,169,4013,42
19803,A,A,G,G,170,4014,42
19812,A,A,C,C,171,4014,42
19859,C,C,T,T,172,4017,42
19926,C,C,A,T,173,4035,42
19955,G,G,A,A,174,4037,42
20048,A,A,C,C,175,4038,42
20216,T,T,C,C,176,4066,42
20224,C,C,T,T,177,4066,42
20378,C,C,G,G,178,4282,42
20385,G,G,C,C,179,4282,42
20433,C,C,A,A,180,4296,42
20583,A,A,T,T,181,4303,42
20757,T,T,C,C,182,4324,42
20775,-,-,A,C,182,4329,42
20775,-,-,A,A,182,4330,42
20775,-,-,A,A,182,4331,42
20775,-,-,C,C,182,4332,42
20775,-,-,C,C,182,4333,42
20775,-,-,C,T,182,4334,42
20775,-,-,T,T,182,4335,42
20775,-,-,G,G,182,4336,42
20775,-,-,T,T,182,4337,42
20775,-,-,G,C,182,4338,42
20775,-,-,T,T,182,4339,42
20775,-,-,C,C,182,4340,42
20775,-,-,T,T,182,4341,42
20775,-,-,A,A,182,4342,42
20775,-,-,C,C,182,4343,42
20775,-,-,T,T,182,4344,42
20775,-,-,G,A,182,4345,42
20775,-,-,A,A,182,4346,42
20775,-,-,A,A,182,4347,42
20860,G,G,C,A,183,4347,42
20929,C,C,T,T,184,4347,42
20979,G,G,C,A,185,4352,42
21012,T,T,C,C,186,4372,42
21129,A,A,G,G,187,4395,42
21170,-,-,T,T,187,4412,42
21170,-,-,C,C,187,4413,42
21176,G,G,A,A,188,4413,42
21245,G,G,C,T,189,4435,42
21395,T,T,-,-,189,4460,43
21418,G,G,A,A,190,4460,43
21502,-,-,A,A,190,4482,43
21513,A,A,-,-,190,4488,44
21514,A,A,-,-,190,4488,45
21515,T,T,-,-,190,4488,46
21516,C,C,-,-,190,4488,47
21553,C,C,-,-,190,4493,48
21618,G,G,T,T,191,4504,48
21655,C,C,T,T,192,4514,48
21663,G,G,T,C,193,4526,48
21795,G,G,A,A,194,4537,48
21891,T,T,-,-,194,4545,49
21892,C,C,-,-,194,4545,50
22065,-,-,A,T,194,4582,50
22185,G,G,A,A,195,4633,50
22210,A,A,G,T,196,4638,50
22305,C,C,T,T,197,4707,50
22322,C,C,T,T,198,4716,50
22354,-,-,T,T,198,4719,50
22380,G,G,T,A,199,4720,50
22396,T,T,C,C,200,4725,50
22399,-,-,C,C,200,4726,50
22482,G,G,C,C,201,4737,50
22494,T,T,-,-,201,4737,51
22495,A,A,-,-,201,4737,52
22496,A,A,-,-,201,4737,53
22497,T,T,-,-,201,4737,54
22517,G,G,A,A,202,4737,54
22532,G,G,A,A,203,4748,54
22596,C,C,T,G,204,4767,54
22688,T,T,C,A,205,4777,54
22713,G,G,C,C,206,4777,54
22729,C,C,-,-,206,4777,55
22730,T,T,-,-,206,4777,56
22731,C,C,-,-,206,4777,57
22779,T,T,C,C,207,4784,57
22787,A,A,G,G,208,4786,57
22829,G,G,T,T,209,4795,57
23116,A,A,T,G,210,4827,57
23153,G,G,A,A,211,4830,57
23188,T,T,C,C,212,4835,57
23209,A,A,C,C,213,4836,57
23295,C,C,G,T,214,4843,57
23320,T,T,A,A,215,4897,57
23352,G,G,C,C,216,4900,57
23408,A,A,G,G,217,4903,57
23411,G,G,A,C,218,4903,57
23470,A,A,G,G,219,4933,57
23497,-,-,G,G,219,4935,57
23497,-,-,T,T,219,4936,57
23497,-,-,T,T,219,4937,57
23497,-,-,T,T,219,4938,57
23497,-,-,A,A,219,4939,57
23538,C,C,A,A,220,4976,57
23622,-,-,C,C,220,5054,57
23622,-,-,T,T,220,5055,57
23622,-,-,C,C,220,5056,57
23686,T,T,C,C,221,5078,57
23707,C,C,G,G,222,5078,57
23766,C,C,T,T,223,5078,57
23888,C,C,T,T,224,5080,57
23900,T,T,C,C,225,5080,57
23985,T,T,A,C,226,5140,57
24030,G,G,C,C,227,5142,57
24224,T,T,C,C,228,5156,57
24231,G,G,T,T,229,5157,57
24397,A,A,G,G,230,5179,57
24667,C,C,T,T,231,5256,57
24742,G,G,A,A,232,5258,57
24937,A,A,G,G,233,5303,57
24973,G,G,A,A,234,5305,57
24984,C,C,G,G,235,5305,57
25050,A,A,C,C,236,5317,57
25066,G,G,A,A,237,5318,57
25088,-,-,T,T,237,5319,57
25088,-,-,A,A,237,5320,57
25088,-,-,G,G,237,5321,57
25211,-,-,A,G,237,5333,57
25367,G,G,A,A,238,5392,57
25375,A,A,C,C,239,5392,57
25390,C,C,T,T,240,5392,57
25415,G,A,*,-,240,5393,58
25427,C,C,*,*,240,5393,59
25428,A,A,*,*,240,5393,60
25429,T,T,*,*,240,5393,61
25430,G,G,*,*,240,5393,62
25431,G,G,*,*,240,5393,63
25432,G,G,*,*,240,5393,64
25433,C,C,*,*,240,5393,65
25434,C,C,*,*,240,5393,66
25435,A,G,*,*,240,5393,67
25436,G,G,*,*,240,5393,68
25437,G,G,*,*,240,5393,69
25438,C,C,*,*,240,5393,70
25439,G,A,*,*,240,5393,71
25440,C,C,*,*,240,5393,72
25441,G,G,*,*,240,5393,73
25442,G,G,*,*,240,5393,74
25443,T,T,*,*,240,5393,75
25444,G,G,*,*,240,5393,76
25445,G,G,*,*,240,5393,77
25446,C,C,*,*,240,5393,78
25447,T,T,*,*,240,5393,79
25448,C,T,*,*,240,5393,80
25449,A,A,*,*,240,5393,81
25450,C,C,*,*,240,5393,82
25451,G,G,*,*,240,5393,83
25452,C,C,*,*,240,5393,84
25453,C,C,*,*,240,5393,85
25454,T,T,*,*,240,5393,86
25455,G,G,*,*,240,5393,87
25456,T,T,*,*,240,5393,88
25457,A,A,*,*,240,5393,89
25458,A,A,*,*,240,5393,90
25459,T,T,*,*,240,5393,91
25460,C,C,*,*,240,5393,92
25461,C,C,*,*,240,5393,93
25462,C,C,*,*,240,5393,94
25463,A,A,*,*,240,5393,95
25464,G,G,*,*,240,5393,96
25465,C,C,*,*,240,5393,97
25466,A,A,*,*,240,5393,98
25467,C,C,*,*,240,5393,99
25468,T,T,*,*,240,5393,100
25469,T,T,*,*,240,5393,101
25470,T,T,*,*,240,5393,102
25471,G,G,*,*,240,5393,103
25472,G,G,*,*,240,5393,104
25473,G,G,*,*,240,5393,105
25474,A,A,*,*,240,5393,106
25475,G,G,*,*,240,5393,107
25476,G,G,*,*,240,5393,108
25477,C,C,*,*,240,5393,109
25478,T,T,*,*,240,5393,110
25479,G,G,*,*,240,5393,111
25480,A,A,*,*,240,5393,112
25481,G,G,*,*,240,5393,113
25482,G,G,*,*,240,5393,114
25483,C,C,*,*,240,5393,115
25484,A,G,*,*,240,5393,116
25485,G,G,*,*,240,5393,117
25486,G,G,*,*,240,5393,118
25487,C,C,*,*,240,5393,119
25488,G,G,*,*,240,5393,120
25489,G,G,*,*,240,5393,121
25490,A,A,*,*,240,5393,122
25491,T,T,*,*,240,5393,123
25492,C,C,*,*,240,5393,124
25493,A,A,*,*,240,5393,125
25494,C,C,*,*,240,5393,126
25495,G,G,*,*,240,5393,127
25496,A,A,*,*,240,5393,128
25497,G,G,*,*,240,5393,129
25498,G,G,*,*,240,5393,130
25499,T,T,*,*,240,5393,131
25500,C,C,*,*,240,5393,132
25501,A,A,*,*,240,5393,133
25502,G,G,*,*,240,5393,134
25503,G,G,*,*,240,5393,135
25504,A,A,*,*,240,5393,136
25505,G,G,*,*,240,5393,137
25506,A,A,*,*,240,5393,138
25507,T,T,*,*,240,5393,139
25509,A,A,*,*,240,5393,140
25510,G,G,*,*,240,5393,141
25511,A,A,*,*,240,5393,142
25512,G,G,*,*,240,5393,143
25513,A,A,*,*,240,5393,144
25514,C,C,*,*,240,5393,145
25515,C,C,*,*,240,5393,146
25516,A,A,*,*,240,5393,147
25517,T,T,*,*,240,5393,148
25518,C,C,*,*,240,5393,149
25519,C,C,*,*,240,5393,150
25520,T,T,*,*,240,5393,151
25521,G,G,*,*,240,5393,152
25522,G,G,*,*,240,5393,153
25523,C,C,*,*,240,5393,154
25524,T,T,*,*,240,5393,155
25525,A,A,*,*,240,5393,156
25526,A,A,*,*,240,5393,157
25527,C,C,*,*,240,5393,158
25528,A,A,*,*,240,5393,159
25529,T,T,*,*,240,5393,160
25530,G,G,*,*,240,5393,161
25531,G,G,*,*,240,5393,162
25532,T,T,*,*,240,5393,163
25533,G,G,*,*,240,5393,164
25534,A,A,*,*,240,5393,165
25535,A,A,*,*,240,5393,166
25536,A,A,*,*,240,5393,167
25537,C,C,*,*,240,5393,168
25538,C,C,*,*,240,5393,169
25539,C,C,*,*,240,5393,170
25540,C,C,*,*,240,5393,171
25541,G,G,*,*,240,5393,172
25542,T,T,*,*,240,5393,173
25543,C,C,*,*,240,5393,174
25544,T,T,*,*,240,5393,175
25545,C,C,*,*,240,5393,176
25546,T,T,*,*,240,5393,177
25547,A,A,*,*,240,5393,178
25548,C,C,*,*,240,5393,179
25549,T,T,*,*,240,5393,180
25550,A,A,*,*,240,5393,181
25551,A,A,*,*,240,5393,182
25552,A,A,*,*,240,5393,183
25553,A,A,*,*,240,5393,184
25554,A,A,*,*,240,5393,185
25555,T,T,*,*,240,5393,186
25556,A,A,*,*,240,5393,187
25557,C,C,*,*,240,5393,188
25558,A,A,*,*,240,5394,189
25559,A,A,*,*,240,5394,190
25560,A,A,*,*,240,5394,191
25561,A,A,*,*,240,5394,192
25562,A,A,*,*,240,5394,193
25563,A,A,*,*,240,5394,194
25564,T,T,*,*,240,5394,195
25565,T,T,*,*,240,5394,196
25566,A,A,*,*,240,5394,197
25567,G,G,*,*,240,5394,198
25568,C,C,*,*,240,5394,199
25569,C,C,*,*,240,5394,200
25570,G,G,*,*,240,5394,201
25571,G,G,*,*,240,5394,202
25572,G,G,*,*,240,5394,203
25573,C,C,*,*,240,5394,204
25574,G,G,*,*,240,5394,205
25575,T,T,*,*,240,5394,206
25576,G,G,*,*,240,5394,207
25577,G,G,*,*,240,5394,208
25578,T,T,*,*,240,5394,209
25579,G,G,*,*,240,5394,210
25580,G,G,*,*,240,5394,211
25581,C,T,*,*,240,5394,212
25582,G,G,*,*,240,5394,213
25583,G,G,*,*,240,5394,214
25584,G,G,*,*,240,5394,215
25585,C,C,*,*,240,5394,216
25586,A,G,*,*,240,5394,217
25587,C,A,*,*,240,5394,218
25588,C,C,*,*,240,5394,219
25589,T,T,*,*,240,5394,220
25590,G,G,*,*,240,5394,221
25591,T,T,*,*,240,5394,222
25592,A,A,*,*,240,5394,223
25593,G,G,*,*,240,5394,224
25594,T,T,*,*,240,5394,225
25595,C,C,*,*,240,5394,226
25596,C,C,*,*,240,5394,227
25597,G,G,*,*,240,5394,228
25598,A,A,*,*,240,5394,229
25599,G,G,*,*,240,5394,230
25600,C,C,*,*,240,5394,231
25601,T,T,*,*,240,5394,232
25602,A,A,*,*,240,5394,233
25603,C,C,*,*,240,5394,234
25604,T,T,*,*,240,5394,235
25605,T,C,*,*,240,5394,236
25606,G,G,*,*,240,5394,237
25607,G,G,*,*,240,5394,238
25608,G,G,*,*,240,5394,239
25609,A,A,*,*,240,5394,240
25610,G,G,*,*,240,5394,241
25611,G,G,*,*,240,5394,242
25612,C,C,*,*,240,5394,243
25613,T,T,*,*,240,5394,244
25614,G,G,*,*,240,5394,245
25615,A,A,*,*,240,5394,246
25616,G,G,*,*,240,5394,247
25617,G,G,*,*,240,5394,248
25618,C,C,*,*,240,5394,249
25619,A,A,*,*,240,5394,250
25620,G,G,*,*,240,5394,251
25623,G,G,*,*,240,5394,252
25624,A,A,*,*,240,5394,253
25625,A,A,*,*,240,5394,254
25626,T,T,*,*,240,5394,255
25627,G,G,*,*,240,5394,256
25628,G,G,*,*,240,5394,257
25629,C,C,*,*,240,5394,258
25630,G,G,*,*,240,5394,259
25631,T,T,*,*,240,5394,260
25632,G,G,*,*,240,5394,261
25633,A,A,*,*,240,5394,262
25634,A,A,*,*,240,5394,263
25635,C,C,*,*,240,5394,264
25636,C,C,*,*,240,5394,265
25637,C,C,*,*,240,5394,266
25638,A,A,*,*,240,5394,267
25639,G,G,*,*,240,5394,268
25640,G,G,*,*,240,5394,269
25641,A,A,*,*,240,5394,270
25642,G,G,*,*,240,5394,271
25643,G,G,*,*,240,5394,272
25644,C,T,*,*,240,5394,273
25645,G,G,*,*,240,5394,274
25646,G,G,*,*,240,5394,275
25647,A,A,*,*,240,5394,276
25648,G,G,*,*,240,5394,277
25649,T,T,*,*,240,5394,278
25650,T,T,*,*,240,5394,279
25651,T,T,*,*,240,5394,280
25652,G,G,*,*,240,5394,281
25653,C,C,*,*,240,5394,282
25654,A,A,*,*,240,5394,283
25655,G,G,*,*,240,5394,284
25656,T,T,*,*,240,5394,285
25657,G,G,*,*,240,5394,286
25658,A,A,*,*,240,5394,287
25659,G,G,*,*,240,5394,288
25660,C,C,*,*,240,5394,289
25661,C,G,*,*,240,5394,290
25662,G,G,*,*,240,5394,291
25663,A,A,*,*,240,5394,292
25664,G,G,*,*,240,5394,293
25665,A,A,*,*,240,5394,294
25666,T,T,*,*,240,5394,295
25667,A,A,*,*,240,5394,296
25668,G,G,*,*,240,5394,297
25669,C,C,*,*,240,5394,298
25670,G,G,*,*,240,5394,299
25671,C,C,*,*,240,5394,300
25672,C,C,*,*,240,5394,301
25673,A,A,*,*,240,5394,302
25674,C,C,*,*,240,5394,303
25675,T,T,*,*,240,5394,304
25676,G,G,*,*,240,5394,305
25677,C,C,*,*,240,5394,306
25678,A,A,*,*,240,5394,307
25679,C,C,*,*,240,5394,308
25680,T,T,*,*,240,5394,309
25681,C,C,*,*,240,5394,310
25682,C,C,*,*,240,5394,311
25683,A,A,*,*,240,5394,312
25684,G,G,*,*,240,5394,313
25685,T,T,*,*,240,5394,314
25686,C,C,*,*,240,5394,315
25687,T,T,*,*,240,5394,316
25688,G,G,*,*,240,5394,317
25689,G,G,*,*,240,5394,318
25690,G,G,*,*,240,5394,319
25691,C,C,*,*,240,5394,320
25692,G,G,*,*,240,5394,321
25693,A,A,*,*,240,5394,322
25694,C,C,*,*,240,5394,323
25695,A,A,*,*,240,5394,324
25696,G,G,*,*,240,5394,325
25697,A,A,*,*,240,5394,326
25698,G,G,*,*,240,5394,327
25699,C,C,*,*,240,5394,328
25701,G,A,*,*,240,5394,329
25702,A,A,*,*,240,5394,330
25703,A,A,*,*,240,5394,331
25704,A,A,*,*,240,5394,332
25705,C,C,*,*,240,5394,333
25706,T,T,*,*,240,5394,334
25707,C,C,*,*,240,5394,335
25708,C,C,*,*,240,5394,336
25709,G,G,*,*,240,5394,337
25710,T,T,*,*,240,5394,338
25711,C,C,*,*,240,5394,339
25712,T,T,*,*,240,5394,340
25713,C,C,*,*,240,5394,341
25714,A,A,*,*,240,5394,342
25715,A,A,*,*,240,5394,343
25716,A,A,*,*,240,5394,344
25722,A,A,*,*,240,5397,345
25723,C,C,*,*,240,5397,346
25724,A,A,*,*,240,5397,347
25725,A,A,*,*,240,5397,348
25726,A,A,*,*,240,5397,349
25727,C,C,*,*,240,5397,350
26055,C,C,-,*,240,5435,351
26333,A,A,T,T,241,5462,351
26586,A,A,C,C,242,5463,351
26693,G,G,C,C,243,5467,351
26698,A,A,G,G,244,5467,351
26726,A,A,G,G,245,5467,351
26815,T,T,C,C,246,5468,351
26839,A,A,G,G,247,5469,351
26848,A,A,G,C,248,5469,351
26862,T,T,C,C,249,5469,351
26895,T,T,C,C,250,5475,351
27071,G,G,A,A,251,5478,351
27161,G,G,A,A,252,5478,351
27218,C,C,A,A,253,5483,351
27219,A,A,G,G,254,5483,351
27262,G,G,C,T,255,5522,351
27271,T,T,C,C,256,5543,351
27326,C,C,T,T,257,5617,351
27368,C,C,T,T,258,5715,351
27429,G,G,T,T,259,5717,351
27451,-,-,T,T,259,5727,351
27455,G,G,T,T,260,5727,351
27695,T,T,A,A,261,5765,351
27701,T,T,-,-,261,5765,352
27702,A,A,-,-,261,5765,353
27703,C,C,-,-,261,5765,354
27742,C,C,G,G,262,5768,354
27767,-,-,C,C,262,5770,354
27767,-,-,A,A,262,5771,354
27767,-,-,A,A,262,5772,354
27767,-,-,T,T,262,5773,354
27799,C,C,T,T,263,5779,354
27957,A,A,T,T,264,5871,354
27963,G,G,A,A,265,5871,354
28069,G,G,C,C,266,5962,354
28341,G,G,A,A,267,6006,354
28498,A,A,G,G,268,6014,354
28507,T,T,C,C,269,6018,354
28508,G,G,T,A,270,6018,354
28528,G,G,A,A,271,6032,354
28717,-,-,T,T,271,6072,354
28842,G,G,A,A,272,6086,354
28860,A,A,C,G,273,6090,354
28990,T,T,C,C,274,6104,354
29007,A,A,G,G,275,6104,354
29232,G,G,A,C,276,6133,354
29339,T,T,-,-,276,6143,355
29392,G,G,A,A,277,6147,355
29653,-,-,T,T,277,6190,355
29791,C,C,T,T,278,6204,355
29797,-,-,T,T,278,6221,355
29818,G,G,A,A,279,6221,355
29819,G,G,A,A,280,6221,355
29928,C,C,T,T,281,6238,355
30163,C,C,A,G,282,6284,355
30277,T,T,G,C,283,6287,355
30284,A,A,G,C,284,6287,355
30684,T,T,G,A,285,6310,355
30729,C,C,T,T,286,6310,355
30780,G,G,A,A,287,6316,355
30944,C,C,A,A,288,6399,355
30947,C,C,G,G,289,6399,355
31135,G,G,A,A,290,6514,355
31144,-,-,T,A,290,6515,355
31151,T,T,G,G,291,6517,355
31374,T,T,G,G,292,6570,355
31411,-,-,T,T,292,6576,355
31411,-,-,T,T,292,6577,355
31755,T,T,G,C,293,6619,355
31822,G,G,A,A,294,6633,355
32093,A,T,-,-,294,6673,356
32156,G,G,C,T,295,6738,356
32192,G,G,C,C,296,6748,356
32288,T,T,C,C,297,6820,356
32293,A,A,T,T,298,6820,356
32364,T,T,C,C,299,6823,356
32435,T,T,G,G,300,6841,356
32530,A,A,G,G,301,6860,356
32572,T,T,C,C,302,6890,356
32579,T,T,C,C,303,6892,356
32647,T,T,C,C,304,6909,356
32665,T,T,-,-,304,6915,357
32666,C,C,-,-,304,6915,358
32667,A,A,-,-,304,6915,359
32668,T,T,-,-,304,6915,360
32669,T,T,-,-,304,6915,361
32670,G,G,-,-,304,6915,362
32812,C,C,T,T,305,6926,362
32911,G,G,C,C,306,6948,362
33110,T,T,C,C,307,6990,362
33142,A,A,G,G,308,6991,362
33169,G,G,A,A,309,6991,362
33185,T,T,C,C,310,7000,362
33210,A,A,G,G,311,7005,362
33210,-,-,T,T,311,7006,362
33210,-,-,G,G,311,7008,362
33210,-,-,A,A,311,7009,362
33335,G,G,A,A,312,7038,362
33615,A,A,G,G,313,7158,362
33623,A,A,-,-,313,7215,363
33701,C,C,T,T,314,7424,363
33782,A,A,-,-,314,7497,364
33783,T,C,-,-,314,7497,365
34191,G,G,A,A,315,7574,365
34488,A,A,T,T,316,7581,365
34693,-,-,T,T,316,7595,365
34715,C,C,A,A,317,7595,365
34949,T,T,C,C,318,7638,365
34966,C,C,G,G,319,7638,365
35029,A,A,T,T,320,7643,365
35040,C,C,T,T,321,7643,365
35044,G,G,A,A,322,7646,365
35126,A,A,-,-,322,7671,366
35150,C,C,A,A,323,7684,366
35275,A,A,T,G,324,7709,366
35315,C,C,G,T,325,7709,366
35339,A,A,C,G,326,7713,366
35345,T,T,C,C,327,7713,366
35355,T,T,C,C,328,7713,366
35356,G,G,T,T,329,7713,366
35400,C,C,A,A,330,7734,366
35402,-,-,A,A,330,7735,366
35402,-,-,A,A,330,7736,366
35402,-,-,G,G,330,7737,366
35402,-,-,A,A,330,7738,366
35402,-,-,T,G,330,7739,366
35449,C,C,A,A,331,7739,366
35453,T,T,C,A,332,7739,366
35454,T,T,-,-,332,7741,367
35455,C,C,-,-,332,7741,368
35456,T,T,-,-,332,7741,369
35605,T,T,C,C,333,7765,369
35660,C,C,-,-,333,7802,370
35720,A,A,G,G,334,7818,370
35770,T,T,C,C,335,7822,370
35964,G,G,A,A,336,7840,370
36237,G,G,A,A,337,7897,370
36356,T,T,C,C,338,7946,370
36566,A,A,G,G,339,7963,370
36591,A,A,G,G,340,7964,370
36701,G,G,-,-,340,7974,371
36884,G,G,T,A,341,7976,371
36936,A,A,T,C,342,7976,371
36943,G,G,A,A,343,7976,371
37094,T,T,C,C,344,7990,371
37141,G,G,T,C,345,7995,371
37505,G,G,T,T,346,8040,371
37526,T,T,G,G,347,8040,371
37550,C,C,T,T,348,8053,371
37551,A,A,G,G,349,8053,371
38004,G,G,T,T,350,8143,371
38279,C,C,G,G,351,8297,371
38282,T,T,A,G,352,8297,371
38315,G,G,T,C,353,8297,371
38401,A,A,-,-,353,8437,372
38536,-,-,T,T,353,8481,372
38536,-,-,G,G,353,8482,372
38611,-,-,A,A,353,8589,372
38611,-,-,A,A,353,8590,372
38611,-,-,T,T,353,8591,372
38761,G,G,A,A,354,8598,372
38824,-,-,A,A,354,8622,372
38824,-,-,A,A,354,8623,372
38824,-,-,C,C,354,8630,372
38824,-,-,T,T,354,8631,372
38901,T,T,C,C,355,8668,372
39033,A,A,T,T,356,8720,372
39040,A,A,C,C,357,8720,372
39061,T,T,A,G,358,8720,372
40118,A,A,G,G,359,8822,372
40457,C,C,T,T,360,8828,372
40469,A,A,G,G,361,8846,372
40772,T,T,G,G,362,8861,372
40781,A,A,G,G,363,8861,372
40842,-,-,T,T,363,8862,372
41015,T,T,C,C,364,8865,372
41166,C,C,T,T,365,8870,372
41388,G,G,C,C,366,8872,372
41521,G,G,A,T,367,8875,372
41538,G,G,A,A,368,8875,372
41614,G,G,A,A,369,8883,372
41770,A,A,G,G,370,8902,372
41826,T,T,C,G,371,8919,372
41872,T,T,C,C,372,8920,372
42012,C,C,A,A,373,8959,372
42013,A,A,G,G,374,8959,372
42077,A,A,G,T,375,8964,372
42082,G,G,A,T,376,8964,372
42087,-,-,T,T,376,8965,372
42087,-,-,T,T,376,8966,372
42207,G,G,A,A,377,9089,372
42229,C,C,A,A,378,9090,372
42243,G,G,C,C,379,9100,372
42246,T,T,G,G,380,9100,372
42449,A,A,G,G,381,9167,372
42469,C,C,G,G,382,9184,372
42742,T,T,-,-,382,9214,373
42949,-,-,T,A,382,9262,373
42949,-,-,A,A,382,9263,373
42949,-,-,A,G,382,9264,373
43244,A,A,G,G,383,9312,373
43445,A,A,G,G,384,9314,373
43513,A,A,G,G,385,9314,373
43531,-,-,T,T,385,9315,373
43531,-,-,T,T,385,9316,373
43829,C,C,T,T,386,9334,373
43829,-,-,G,C,386,9335,373
43901,G,G,A,A,387,9337,373
44023,A,A,G,G,388,9337,373
44084,C,C,T,T,389,9337,373
44207,C,C,G,T,390,9338,373
44242,C,C,A,T,391,9338,373
44303,T,T,A,G,392,9338,373
44321,C,C,G,G,393,9338,373
44355,T,T,C,C,394,9338,373
44484,-,-,A,T,394,9341,373
44484,-,-,T,T,394,9342,373
44484,-,-,A,T,394,9343,373
44520,G,G,A,A,395,9351,373
44662,C,C,T,T,396,9353,373
44729,G,G,T,T,397,9353,373
44782,C,C,A,A,398,9354,373
45047,A,A,G,G,399,9369,373
45075,A,A,C,C,400,9369,373
45237,T,T,C,C,401,9378,373
45276,A,A,G,G,402,9378,373
45317,A,A,G,G,403,9378,373
45480,G,A,-,-,403,9391,374
45481,G,G,-,-,403,9391,375
45482,G,G,-,-,403,9391,376
45483,A,A,-,-,403,9391,377
45484,T,T,-,-,403,9395,378
45758,A,A,G,G,404,9425,378
45920,-,-,T,T,404,9440,378
45920,-,-,A,A,404,9441,378
45920,-,-,A,A,404,9442,378
45920,-,-,T,T,404,9443,378
45936,A,A,G,G,405,9443,378
45988,G,G,T,A,406,9448,378
45999,A,A,G,G,407,9448,378
46247,A,A,G,G,408,9459,378
46294,G,G,*,*,408,9459,379
46295,G,G,*,*,408,9459,380
46296,A,A,*,*,408,9459,381
46297,A,A,*,*,408,9459,382
46298,A,A,*,*,408,9459,383
46299,G,G,*,*,408,9459,384
46300,A,A,*,*,408,9459,385
46301,G,G,*,*,408,9459,386
46302,A,A,*,*,408,9459,387
46303,T,T,*,*,408,9459,388
46304,T,T,*,*,408,9459,389
46305,G,G,*,*,408,9459,390
46306,G,G,*,*,408,9459,391
46307,T,C,*,*,408,9459,392
46308,C,C,*,*,408,9459,393
46309,A,G,*,*,408,9459,394
46310,G,G,*,*,408,9459,395
46311,G,G,*,*,408,9459,396
46312,C,C,*,*,408,9459,397
46313,A,G,*,*,408,9459,398
46314,C,T,*,*,408,9459,399
46315,G,G,*,*,408,9459,400
46316,G,G,*,*,408,9459,401
46317,T,T,*,*,408,9459,402
46318,G,G,*,*,408,9459,403
46319,G,G,*,*,408,9459,404
46320,C,C,*,*,408,9459,405
46321,T,T,*,*,408,9459,406
46322,C,C,*,*,408,9459,407
46323,A,A,*,*,408,9459,408
46324,C,C,*,*,408,9459,409
46325,G,G,*,*,408,9459,410
46326,C,C,*,*,408,9459,411
46327,C,C,*,*,408,9459,412
46328,T,T,*,*,408,9459,413
46329,G,G,*,*,408,9459,414
46330,T,T,*,*,408,9459,415
46331,A,A,*,*,408,9459,416
46332,A,A,*,*,408,9459,417
46333,T,T,*,*,408,9459,418
46334,T,C,*,*,408,9459,419
46335,C,C,*,*,408,9459,420
46336,C,C,*,*,408,9459,421
46337,A,A,*,*,408,9459,422
46338,G,G,*,*,408,9459,423
46339,C,C,*,*,408,9459,424
46340,A,A,*,*,408,9459,425
46341,C,C,*,*,408,9459,426
46342,T,T,*,*,408,9459,427
46343,T,T,*,*,408,9459,428
46344,T,T,*,*,408,9459,429
46345,G,G,*,*,408,9459,430
46346,G,G,*,*,408,9459,431
46347,G,G,*,*,408,9459,432
46348,A,A,*,*,408,9459,433
46349,G,G,*,*,408,9459,434
46350,G,G,*,*,408,9459,435
46351,C,C,*,*,408,9459,436
46352,T,C,*,*,408,9459,437
46353,G,A,*,*,408,9459,438
46354,A,A,*,*,408,9459,439
46355,G,G,*,*,408,9459,440
46356,G,G,*,*,408,9459,441
46357,T,T,*,*,408,9459,442
46358,G,G,*,*,408,9459,443
46359,G,G,*,*,408,9459,444
46360,G,G,*,*,408,9459,445
46361,C,C,*,*,408,9459,446
46362,G,A,*,*,408,9459,447
46363,G,G,*,*,408,9459,448
46364,A,A,*,*,408,9459,449
46365,T,T,*,*,408,9459,450
46366,C,A,*,*,408,9459,451
46367,A,A,*,*,408,9459,452
46368,T,C,*,*,408,9459,453
46369,G,G,*,*,408,9459,454
46370,A,A,*,*,408,9459,455
46371,G,G,*,*,408,9459,456
46372,G,G,*,*,408,9459,457
46373,T,T,*,*,408,9459,458
46374,C,C,*,*,408,9459,459
46375,A,A,*,*,408,9459,460
46376,G,G,*,*,408,9459,461
46377,G,G,*,*,408,9459,462
46378,A,A,*,*,408,9459,463
46379,G,G,*,*,408,9459,464
46380,A,A,*,*,408,9459,465
46381,T,T,*,*,408,9459,466
46382,C,G,*,*,408,9459,467
46383,G,G,*,*,408,9459,468
46384,A,A,*,*,408,9459,469
46385,G,G,*,*,408,9459,470
46386,A,A,*,*,408,9459,471
46387,C,C,*,*,408,9459,472
46388,C,C,*,*,408,9459,473
46389,A,A,*,*,408,9459,474
46390,G,G,*,*,408,9459,475
46391,C,C,*,*,408,9459,476
46392,C,C,*,*,408,9459,477
46393,T,T,*,*,408,9459,478
46394,G,G,*,*,408,9459,479
46395,G,G,*,*,408,9459,480
46396,C,C,*,*,408,9459,481
46397,T,T,*,*,408,9459,482
46398,A,A,*,*,408,9459,483
46399,A,A,*,*,408,9459,484
46400,C,C,*,*,408,9459,485
46401,A,A,*,*,408,9459,486
46402,C,C,*,*,408,9459,487
46403,A,A,*,*,408,9459,488
46404,G,G,*,*,408,9459,489
46405,T,T,*,*,408,9459,490
46406,G,G,*,*,408,9459,491
46407,A,A,*,*,408,9459,492
46408,A,A,*,*,408,9459,493
46409,A,A,*,*,408,9459,494
46410,C,C,*,*,408,9459,495
46411,C,C,*,*,408,9459,496
46412,C,C,*,*,408,9459,497
46413,C,C,*,*,408,9459,498
46414,A,A,*,*,408,9459,499
46415,T,T,*,*,408,9459,500
46416,C,C,*,*,408,9459,501
46417,T,T,*,*,408,9459,502
46418,C,C,*,*,408,9459,503
46419,T,T,*,*,408,9459,504
46420,A,A,*,*,408,9459,505
46421,C,C,*,*,408,9459,506
46422,T,T,*,*,408,9459,507
46423,A,A,*,*,408,9459,508
46424,A,A,*,*,408,9459,509
46425,A,A,*,*,408,9459,510
46426,A,A,*,*,408,9459,511
46427,A,A,*,*,408,9459,512
46428,T,T,*,*,408,9459,513
46429,A,A,*,*,408,9459,514
46430,C,C,*,*,408,9459,515
46431,A,A,*,*,408,9459,516
46432,A,A,*,*,408,9459,517
46433,A,A,*,*,408,9459,518
46434,A,A,*,*,408,9459,519
46435,A,A,*,*,408,9459,520
46436,G,A,*,*,408,9459,521
46437,T,T,*,*,408,9459,522
46438,T,T,*,*,408,9459,523
46439,A,A,*,*,408,9459,524
46440,G,G,*,*,408,9459,525
46441,C,C,*,*,408,9459,526
46442,C,T,*,*,408,9459,527
46443,G,G,*,*,408,9459,528
46444,G,G,*,*,408,9459,529
46445,G,G,*,*,408,9459,530
46446,C,A,*,*,408,9459,531
46447,G,A,*,*,408,9459,532
46448,T,T,*,*,408,9459,533
46449,G,G,*,*,408,9459,534
46450,G,G,*,*,408,9459,535
46451,T,T,*,*,408,9459,536
46452,G,G,*,*,408,9459,537
46453,G,G,*,*,408,9459,538
46454,C,C,*,*,408,9459,539
46455,A,A,*,*,408,9459,540
46456,G,G,*,*,408,9459,541
46457,G,G,*,*,408,9459,542
46458,C,C,*,*,408,9459,543
46459,G,C,*,*,408,9459,544
46460,C,C,*,*,408,9459,545
46461,C,C,*,*,408,9459,546
46462,T,T,*,*,408,9459,547
46463,G,G,*,*,408,9459,548
46464,T,T,*,*,408,9459,549
46465,A,A,*,*,408,9459,550
46466,G,G,*,*,408,9459,551
46467,T,T,*,*,408,9459,552
46468,C,C,*,*,408,9459,553
46469,C,C,*,*,408,9459,554
46470,C,C,*,*,408,9459,555
46471,A,A,*,*,408,9459,556
46472,G,G,*,*,408,9459,557
46473,C,C,*,*,408,9459,558
46474,T,T,*,*,408,9459,559
46475,A,A,*,*,408,9459,560
46476,C,C,*,*,408,9459,561
46477,T,T,*,*,408,9459,562
46478,T,C,*,*,408,9459,563
46479,G,G,*,*,408,9459,564
46480,G,G,*,*,408,9459,565
46481,G,G,*,*,408,9459,566
46482,A,A,*,*,408,9459,567
46483,G,G,*,*,408,9459,568
46484,G,G,*,*,408,9459,569
46485,C,C,*,*,408,9459,570
46486,T,T,*,*,408,9459,571
46487,G,G,*,*,408,9459,572
46488,A,A,*,*,408,9459,573
46489,G,G,*,*,408,9459,574
46490,G,G,*,*,408,9459,575
46491,C,C,*,*,408,9459,576
46492,A,A,*,*,408,9459,577
46493,G,G,*,*,408,9459,578
46494,G,G,*,*,408,9459,579
46495,A,A,*,*,408,9459,580
46496,G,G,*,*,408,9459,581
46497,A,A,*,*,408,9459,582
46498,A,A,*,*,408,9459,583
46499,T,C,*,*,408,9459,584
46500,G,G,*,*,408,9459,585
46501,G,G,*,*,408,9459,586
46502,T,C,*,*,408,9459,587
46503,G,G,*,*,408,9459,588
46504,T,T,*,*,408,9459,589
46505,G,G,*,*,408,9459,590
46506,A,A,*,*,408,9459,591
46507,A,A,*,*,408,9459,592
46508,C,C,*,*,408,9459,593
46509,C,C,*,*,408,9459,594
46510,C,C,*,*,408,9459,595
46511,G,A,*,*,408,9459,596
46512,G,G,*,*,408,9459,597
46513,G,G,*,*,408,9459,598
46514,A,A,*,*,408,9459,599
46515,G,G,*,*,408,9459,600
46516,G,G,*,*,408,9459,601
46517,C,C,*,*,408,9459,602
46518,G,G,*,*,408,9459,603
46519,G,G,*,*,408,9459,604
46520,A,A,*,*,408,9459,605
46521,G,G,*,*,408,9459,606
46522,C,C,*,*,408,9459,607
46523,T,T,*,*,408,9459,608
46524,T,T,*,*,408,9459,609
46525,G,G,*,*,408,9459,610
46526,C,C,*,*,408,9459,611
46527,A,A,*,*,408,9459,612
46528,G,G,*,*,408,9459,613
46529,T,T,*,*,408,9459,614
46530,G,G,*,*,408,9459,615
46531,A,A,*,*,408,9459,616
46532,G,G,*,*,408,9459,617
46533,C,C,*,*,408,9459,618
46534,T,C,*,*,408,9459,619
46535,G,G,*,*,408,9459,620
46536,A,A,*,*,408,9459,621
46537,G,G,*,*,408,9459,622
46538,A,A,*,*,408,9459,623
46539,T,T,*,*,408,9459,624
46540,A,C,*,*,408,9459,625
46541,G,G,*,*,408,9459,626
46542,C,T,*,*,408,9459,627
46543,G,G,*,*,408,9459,628
46544,C,C,*,*,408,9459,629
46545,C,C,*,*,408,9459,630
46546,A,A,*,*,408,9459,631
46547,C,C,*,*,408,9459,632
46548,T,T,*,*,408,9459,633
46549,G,G,*,*,408,9459,634
46550,C,C,*,*,408,9459,635
46551,A,A,*,*,408,9459,636
46552,C,C,*,*,408,9459,637
46553,T,T,*,*,408,9459,638
46554,T,C,*,*,408,9459,639
46555,C,C,*,*,408,9459,640
46556,A,A,*,*,408,9459,641
46557,G,G,*,*,408,9459,642
46558,C,C,*,*,408,9459,643
46559,C,C,*,*,408,9459,644
46560,T,T,*,*,408,9459,645
46561,G,G,*,*,408,9459,646
46562,G,G,*,*,408,9459,647
46563,G,G,*,*,408,9459,648
46564,C,T,*,*,408,9459,649
46565,G,G,*,*,408,9459,650
46566,A,A,*,*,408,9459,651
46567,C,C,*,*,408,9459,652
46568,A,A,*,*,408,9459,653
46569,G,G,*,*,408,9459,654
46570,A,A,*,*,408,9459,655
46571,G,G,*,*,408,9459,656
46572,T,T,*,*,408,9459,657
46573,G,G,*,*,408,9459,658
46574,A,A,*,*,408,9459,659
46575,G,G,*,*,408,9459,660
46576,A,A,*,*,408,9459,661
46577,C,C,*,*,408,9459,662
46578,T,T,*,*,408,9459,663
46579,C,C,*,*,408,9459,664
46580,T,C,*,*,408,9459,665
46581,A,A,*,*,408,9459,666
46582,T,T,*,*,408,9459,667
46583,C,C,*,*,408,9459,668
46584,T,T,*,*,408,9459,669
46585,C,C,*,*,408,9459,670
46591,A,A,*,*,408,9462,671
46592,A,A,*,*,408,9462,672
46593,A,A,*,*,408,9462,673
46594,A,A,*,*,408,9463,674
46595,A,A,*,*,408,9463,675
46596,A,A,*,*,408,9463,676
46597,A,A,*,*,408,9463,677
46598,A,A,*,*,408,9463,678
46599,A,A,*,*,408,9463,679
46600,G,A,*,*,408,9489,680
46873,-,-,G,G,408,9498,680
46906,C,C,T,T,409,9506,680
47008,C,C,T,G,410,9513,680
47014,A,A,G,G,411,9513,680
47063,C,C,A,A,412,9514,680
47091,C,C,T,T,413,9514,680
47388,T,T,C,C,414,9607,680
47591,C,C,T,T,415,9644,680
47645,G,G,A,A,416,9645,680
47825,A,A,G,G,417,9667,680
47827,C,C,T,G,418,9667,680
47919,A,A,G,G,419,9671,680
47924,A,A,G,G,420,9671,680
47973,A,A,G,G,421,9674,680
48081,T,T,-,-,421,9684,681
48082,A,A,-,-,421,9684,682
48083,T,T,-,-,421,9684,683
48084,C,C,-,-,421,9684,684
48087,T,T,C,C,422,9684,684
48112,A,A,G,G,423,9692,684
48173,-,-,T,T,423,9707,684
48173,-,-,T,T,423,9708,684
48173,-,-,G,T,423,9713,684
48221,C,C,T,T,424,9723,684
48249,G,G,C,C,425,9727,684
48319,A,A,-,-,425,9743,685
48320,A,A,-,-,425,9743,686
48321,T,T,-,-,425,9743,687
48429,T,T,C,C,426,9762,687
48519,C,C,T,T,427,10000,687
49311,A,A,T,T,428,10026,687
49345,G,G,C,C,429,10026,687
49655,G,G,C,C,430,10056,687
49671,A,A,G,G,431,10056,687
49681,T,T,-,-,431,10064,688
49682,A,A,-,-,431,10064,689
49683,A,A,-,-,431,10064,690
49684,A,A,-,-,431,10064,691
49685,T,T,-,-,431,10064,692
49686,A,A,*,-,431,10065,693
49689,T,T,*,-,431,10065,694
49690,A,A,*,-,431,10065,695
49801,T,T,C,C,432,10128,695
49810,A,A,T,C,433,10146,695
49921,C,C,A,A,434,10150,695
50114,T,T,C,C,435,10169,695
50187,G,G,T,A,436,10188,695
50231,T,T,C,C,437,10198,695
50309,C,C,A,G,438,10202,695
50311,C,C,T,A,439,10202,695
50355,G,G,A,A,440,10204,695
50372,G,G,A,A,441,10204,695
50474,T,T,A,A,442,10220,695
50851,T,T,C,C,443,10471,695
50856,C,C,A,A,444,10471,695
50956,G,G,A,A,445,10504,695
51021,C,C,T,T,446,10505,695
51066,T,T,A,C,447,10505,695
51169,C,C,A,A,448,10521,695
51247,A,A,G,G,449,10627,695
51299,T,T,C,C,450,10652,695
51349,A,A,G,G,451,10696,695
51431,A,A,C,T,452,10734,695
51947,A,A,G,G,453,10764,695
52392,C,C,T,A,454,10858,695
52429,A,A,G,G,455,10860,695
52429,-,-,A,A,455,10861,695
52429,-,-,A,A,455,10862,695
52429,-,-,G,G,455,10863,695
52429,-,-,T,T,455,10864,695
52429,-,-,T,T,455,10865,695
52449,A,A,T,T,456,10867,695
52455,T,T,C,G,457,10867,695
52472,-,-,A,A,457,10868,695
52586,-,-,C,C,457,10876,695
52586,-,-,T,T,457,10877,695
52586,-,-,A,A,457,10878,695
52586,-,-,C,C,457,10879,695
52586,-,-,A,A,457,10880,695
52586,-,-,A,A,457,10881,695
52586,-,-,A,A,457,10882,695
52586,-,-,A,A,457,10883,695
52586,-,-,A,A,457,10884,695
52586,-,-,A,A,457,10885,695
52586,-,-,A,C,457,10886,695
52586,-,-,T,T,457,10887,695
52586,-,-,T,T,457,10888,695
52586,-,-,A,A,457,10890,695
52586,-,-,A,A,457,10891,695
52586,-,-,A,A,457,10892,695
52586,-,-,A,A,457,10893,695
52586,-,-,A,A,457,10894,695
52634,A,A,G,G,458,10894,695
52855,T,T,-,*,458,10946,696
52856,T,T,-,*,458,10946,697
52857,A,A,-,*,458,10946,698
52858,G,G,-,*,458,10946,699
52959,T,T,-,*,458,10993,700
52960,T,T,-,*,458,10993,701
52961,T,T,-,*,458,10993,702
52962,T,T,-,*,458,10993,703
52963,T,T,-,*,458,10993,704
52964,T,T,-,*,458,10993,705
53093,A,A,-,-,458,10997,706
53201,A,A,-,-,458,11063,707
53256,T,T,C,C,459,11146,707
53597,A,A,G,G,460,11172,707
53644,-,-,T,T,460,11181,707
53671,T,T,C,A,461,11182,707
53757,T,T,C,C,462,11224,707
53786,C,C,G,G,463,11224,707
53787,A,A,G,G,464,11224,707
53934,-,-,T,T,464,11246,707
54079,C,C,T,T,465,11266,707
54092,T,T,-,-,465,11266,708
54093,C,C,-,-,465,11266,709
55249,T,T,-,-,465,11414,710
55250,T,T,-,-,465,11414,711
55251,T,A,-,-,465,11414,712
55256,T,T,-,-,465,11414,713
55257,T,T,-,-,465,11414,714
55415,A,A,-,-,465,11423,715
55527,-,-,T,T,465,11435,715
55527,-,-,T,T,465,11436,715
55762,T,T,-,-,465,11458,716
55763,A,A,-,-,465,11458,717
55764,A,A,-,-,465,11458,718
55765,G,G,-,-,465,11458,719
55798,C,C,A,G,466,11466,719
55906,G,G,A,A,467,11529,719
55907,C,C,T,T,468,11529,719
55910,G,G,C,C,469,11529,719
55962,G,G,T,T,470,11572,719
55985,A,A,C,G,471,11594,719
56054,G,G,T,C,472,11795,719
56372,C,C,G,G,473,11911,719
56410,A,A,-,-,473,11920,720
56411,G,T,-,-,473,11920,721
56412,T,T,-,-,473,11920,722
56413,G,G,-,-,473,11920,723
56414,A,A,-,-,473,11920,724
56415,C,C,-,-,473,11920,725
56416,T,T,-,-,473,11920,726
56417,A,A,-,-,473,11920,727
56418,T,T,-,-,473,11920,728
56419,T,T,-,-,473,11920,729
56513,G,G,A,A,474,11944,729
56886,-,-,A,A,474,12030,729
56886,-,-,G,G,474,12031,729
56886,-,-,G,G,474,12032,729
56889,C,C,T,T,475,12037,729
56891,C,C,T,T,476,12037,729
57038,A,A,T,T,477,12102,729
57051,C,C,G,T,478,12102,729
57150,G,G,T,T,479,12120,729
57176,G,G,A,T,480,12137,729
57201,C,C,T,T,481,12140,729
57209,G,G,T,A,482,12140,729
57258,G,G,C,T,483,12155,729
57345,T,T,C,C,484,12160,729
57373,-,-,T,G,484,12166,729
57383,A,A,C,C,485,12167,729
57449,A,A,-,-,485,12187,730
57450,T,C,-,-,485,12187,731
57470,A,A,-,-,485,12187,732
57491,G,G,A,A,486,12190,732
57507,A,A,G,G,487,12191,732
57527,A,A,G,G,488,12194,732
57593,A,A,T,T,489,12201,732
58082,A,A,G,T,490,12283,732
58141,A,A,G,G,491,12292,732
58160,G,G,C,C,492,12294,732
58240,A,A,G,G,493,12302,732
58391,A,A,G,C,494,12307,732
58394,G,G,A,A,495,12308,732
58526,A,A,T,T,496,12320,732
58548,-,-,T,T,496,12321,732
58631,T,T,C,C,497,12391,732
58668,A,A,G,G,498,12393,732
58727,G,G,A,A,499,12405,732
58796,C,C,T,T,500,12405,732
58817,T,T,C,A,501,12406,732
58820,T,T,C,C,502,12406,732
58905,A,A,T,T,503,12419,732
59034,A,A,G,C,504,12429,732
59062,C,C,T,T,505,12431,732
59096,G,G,A,T,506,12431,732
59157,G,G,A,A,507,12469,732
59360,A,A,-,-,507,12520,733
59361,T,C,-,-,507,12520,734
59537,T,T,C,C,508,12525,734
59564,A,A,T,C,509,12526,734
59687,A,A,T,T,510,12536,734
59781,G,G,-,-,510,12548,735
59871,G,G,A,C,511,12574,735
60018,A,A,G,G,512,12616,735
60022,T,T,C,C,513,12616,735
60098,C,C,T,A,514,12619,735
60115,T,T,C,G,515,12621,735
60194,A,A,C,C,516,12626,735
60211,G,G,A,A,517,12626,735
60221,T,T,G,G,518,12626,735
60280,T,T,C,G,519,12632,735
60288,A,A,-,-,519,12632,736
60314,C,C,T,A,520,12636,736
60530,C,C,A,G,521,12657,736
60544,T,T,C,C,522,12657,736
60578,A,A,G,G,523,12658,736
60620,C,C,T,T,524,12661,736
60700,A,A,G,G,525,12669,736
61057,G,G,A,A,526,12672,736
61124,T,T,A,C,527,12680,736
61195,A,A,C,C,528,12707,736
61211,T,T,C,C,529,12707,736
61467,-,-,G,G,529,12720,736
61468,A,A,G,G,530,12720,736
61792,C,C,G,G,531,12782,736
61991,A,A,G,G,532,12797,736
62112,G,G,A,A,533,12810,736
62235,C,C,T,T,534,12811,736
62306,T,C,-,-,534,12811,737
62478,T,T,A,A,535,12905,737
62514,G,G,C,C,536,12931,737
62519,T,T,C,C,537,12931,737
62520,G,G,T,C,538,12931,737
62553,T,T,C,C,539,12972,737
62717,T,T,G,G,540,13019,737
62875,T,T,-,-,540,13044,738
62876,G,G,-,-,540,13044,739
62877,G,G,-,-,540,13044,740
62878,G,G,-,-,540,13044,741
62879,G,G,-,-,540,13044,742
63043,G,G,C,C,541,13048,742
63081,-,-,G,G,541,13067,742
63161,A,A,T,T,542,13077,742
63166,A,A,C,C,543,13077,742
63506,C,C,T,T,544,13108,742
63559,T,T,C,C,545,13119,742
63793,A,A,G,G,546,13198,742
63875,A,A,G,C,547,13199,742
64085,T,T,C,C,548,13243,742
64192,A,A,G,G,549,13296,742
64239,G,G,A,C,550,13298,742
64274,A,A,G,G,551,13311,742
64283,A,A,G,T,552,13311,742
64461,T,T,C,C,553,13318,742
64467,G,G,T,T,554,13318,742
64539,T,T,C,C,555,13319,742
64573,T,T,G,G,556,13319,742
64583,C,C,T,T,557,13323,742
64602,C,C,G,T,558,13325,742
64712,T,T,C,C,559,13384,742
64734,T,T,C,C,560,13406,742
64735,G,G,-,-,560,13406,743
64778,C,C,T,T,561,13406,743
64874,G,G,A,A,562,13406,743
65006,T,T,C,C,563,13409,743
65046,C,C,T,T,564,13409,743
65047,A,A,G,G,565,13409,743
65232,C,C,G,G,566,13417,743
65496,C,C,T,T,567,13468,743
65572,C,C,T,T,568,13483,743
65578,T,T,C,C,569,13485,743
65744,G,G,-,*,569,13505,744
65745,C,C,-,*,569,13505,745
65746,T,T,-,*,569,13505,746
65747,G,G,-,*,569,13505,747
65748,A,A,-,*,569,13505,748
65749,A,A,-,*,569,13505,749
65750,A,A,-,*,569,13505,750
65751,T,T,-,*,569,13505,751
65752,T,T,-,*,569,13505,752
65753,A,A,-,*,569,13505,753
65754,A,A,-,*,569,13505,754
65755,G,G,-,*,569,13505,755
65756,G,G,-,*,569,13505,756
65757,G,G,-,*,569,13505,757
65758,G,G,-,*,569,13505,758
65759,C,C,-,*,569,13505,759
65788,T,T,-,*,569,13508,760
65789,G,C,-,*,569,13508,761
65790,T,T,-,*,569,13508,762
65791,C,G,-,*,569,13508,763
65895,T,T,C,C,570,13572,763
65952,T,T,C,C,571,13579,763
65966,C,C,T,T,572,13579,763
66062,T,T,A,C,573,13580,763
66140,C,C,T,T,574,13585,763
66198,C,C,A,A,575,13597,763
66228,T,T,C,C,576,13599,763
66504,C,C,T,T,577,13635,763
66837,G,G,-,*,577,13910,764
66838,A,A,-,*,577,13910,765
66839,G,G,-,*,577,13910,766
66840,G,G,-,*,577,13910,767
66841,A,A,-,*,577,13910,768
66842,A,A,-,*,577,13910,769
66843,T,T,-,*,577,13910,770
66844,A,A,-,*,577,13910,771
67733,A,A,-,*,577,14079,772
67734,T,T,-,*,577,14079,773
67869,A,A,-,*,577,14085,774
67870,A,A,-,*,577,14085,775
67871,A,A,-,*,577,14085,776
67872,A,A,-,*,577,14085,777
67873,A,A,-,*,577,14085,778
67874,A,A,-,*,577,14085,779
68136,G,G,-,*,577,14091,780
68137,A,A,-,*,577,14091,781
68138,C,C,-,*,577,14091,782
68139,A,A,-,*,577,14095,783
68140,A,A,-,*,577,14095,784
68141,A,A,-,*,577,14095,785
68415,A,A,-,*,577,14180,786
68416,A,G,-,*,577,14180,787
68417,A,A,-,*,577,14180,788
68418,G,G,-,*,577,14180,789
68419,G,G,-,*,577,14180,790
68420,A,A,-,*,577,14180,791
68753,A,A,-,*,577,14243,792
69387,C,C,-,*,577,14365,793
69525,T,T,-,*,577,14367,794
69812,A,A,-,*,577,14370,795
69813,A,A,-,*,577,14370,796
69814,T,T,-,*,577,14370,797
69815,C,C,-,*,577,14370,798
70002,G,G,-,*,577,14374,799
70147,A,A,-,*,577,14377,800
70151,A,A,-,*,577,14377,801
70153,A,A,-,*,577,14386,802
70154,A,A,-,*,577,14386,803
70155,A,A,-,*,577,14386,804
70156,A,A,-,*,577,14386,805
70157,G,A,-,*,577,14386,806
70158,A,A,-,*,577,14386,807
70159,A,A,-,*,577,14386,808
70160,A,A,-,*,577,14386,809
70161,A,A,-,*,577,14386,810
70162,A,A,-,*,577,14386,811
70163,A,G,-,*,577,14386,812
70164,A,A,-,*,577,14386,813
70165,A,A,-,*,577,14386,814
70166,G,G,-,*,577,14386,815
70167,A,A,-,*,577,14386,816
70168,A,A,-,*,577,14386,817
70169,G,G,-,*,577,14386,818
70170,A,A,-,*,577,14386,819
70171,A,A,-,*,577,14386,820
70172,A,A,-,*,577,14386,821
70173,C,C,-,*,577,14386,822
70174,T,T,-,*,577,14386,823
70175,A,A,-,*,577,14386,824
70176,G,G,-,*,577,14387,825
70184,A,A,-,*,577,14388,826
70185,G,G,-,*,577,14388,827
70186,G,G,-,*,577,14388,828
70187,A,A,-,*,577,14388,829
70188,G,G,-,*,577,14388,830
70189,C,C,-,*,577,14388,831
70190,A,A,-,*,577,14388,832
70191,A,A,*,*,577,14388,833
70192,A,A,*,*,577,14388,834
70193,A,A,*,*,577,14388,835
70194,C,C,*,*,577,14388,836
70195,A,G,*,*,577,14388,837
70196,A,A,*,*,577,14388,838
70197,A,A,*,*,577,14390,839
70198,C,C,*,*,577,14390,840
70199,C,C,*,*,577,14390,841
70200,C,C,*,*,577,14390,842
70398,C,C,-,*,577,14407,843
70399,A,A,-,*,577,14407,844
70789,G,G,-,*,577,14513,845
70915,A,A,-,*,577,14518,846
71300,G,G,-,*,577,14541,847
71301,T,T,-,*,577,14541,848
71503,A,A,-,*,577,14703,849
71512,A,A,-,*,577,14703,850
71701,T,T,-,*,577,14711,851
71968,A,A,-,*,577,14784,852
72412,T,T,-,*,577,14826,853
72413,T,T,-,*,577,14826,854
72414,G,G,-,*,577,14826,855
72415,T,T,-,*,577,14826,856
72719,C,C,T,A,578,14844,856
72851,A,A,T,C,579,14908,856
72884,T,T,C,C,580,14908,856
72962,A,A,G,C,581,14956,856
72969,T,T,C,C,582,14956,856
73123,T,T,C,C,583,14960,856
73164,A,A,-,-,583,14960,857
73220,T,T,C,C,584,14966,857
73227,T,T,C,C,585,14966,857
73264,G,G,A,A,586,14967,857
73270,A,A,T,T,587,14967,857
73322,T,T,G,C,588,14967,857
73353,G,G,A,A,589,14973,857
73461,A,A,T,C,590,14998,857
73602,C,C,A,A,591,15005,857
73703,C,C,T,G,592,15013,857
74085,T,T,G,G,593,15099,857
74107,T,T,G,G,594,15100,857
74244,G,G,*,*,594,15119,858
74245,A,A,*,*,594,15119,859
74246,T,T,*,*,594,15119,860
74247,A,A,*,*,594,15119,861
74248,T,T,*,*,594,15119,862
74249,A,A,*,*,594,15119,863
74250,C,C,*,*,594,15119,864
74251,A,A,*,*,594,15119,865
74252,T,T,*,*,594,15119,866
74253,A,A,*,*,594,15119,867
74254,T,T,*,*,594,15119,868
74263,G,A,*,*,594,15129,869
74264,T,T,*,*,594,15129,870
74265,A,A,*,*,594,15129,871
74266,T,T,*,*,594,15129,872
74267,A,A,*,*,594,15129,873
74268,C,C,*,*,594,15129,874
74269,A,A,*,*,594,15129,875
74270,T,C,*,*,594,15129,876
74271,A,A,*,*,594,15129,877
74272,T,T,*,*,594,15129,878
74273,A,A,*,*,594,15129,879
74274,T,T,*,*,594,15129,880
74275,A,A,*,*,594,15129,881
74276,C,C,*,*,594,15129,882
74277,A,G,*,*,594,15129,883
74278,T,T,*,*,594,15129,884
74279,A,A,*,*,594,15129,885
74280,T,T,*,*,594,15129,886
74281,C,A,*,*,594,15129,887
74282,T,C,*,*,594,15129,888
74283,A,C,*,*,594,15129,889
74284,T,T,*,*,594,15129,890
74285,G,A,*,*,594,15129,891
74286,T,T,*,*,594,15129,892
74287,G,G,*,*,594,15129,893
74288,T,T,*,*,594,15129,894
74289,A,G,*,*,594,15129,895
74290,T,T,*,*,594,15129,896
74291,A,A,*,*,594,15129,897
74292,T,T,*,*,594,15129,898
74293,A,A,*,*,594,15129,899
74294,T,T,*,*,594,15129,900
74295,A,A,*,*,594,15129,901
74296,C,T,*,*,594,15129,902
74297,G,A,*,*,594,15129,903
74298,T,T,*,*,594,15129,904
74299,A,A,*,*,594,15129,905
74300,T,C,*,*,594,15129,906
74301,A,A,*,*,594,15129,907
74302,C,T,*,*,594,15129,908
74303,A,A,*,*,594,15129,909
74304,C,T,*,*,594,15129,910
74305,A,A,*,*,594,15129,911
74306,C,T,*,*,594,15129,912
74307,A,A,*,*,594,15129,913
74314,T,T,*,*,594,15201,914
74315,A,A,*,*,594,15201,915
74316,T,T,*,*,594,15201,916
74317,A,A,*,*,594,15201,917
74318,T,T,*,*,594,15201,918
74319,G,G,*,*,594,15201,919
74320,T,T,*,*,594,15201,920
74321,A,A,*,*,594,15201,921
74322,T,T,*,*,594,15201,922
74323,A,A,*,*,594,15201,923
74324,T,T,*,*,594,15201,924
74325,G,G,*,*,594,15201,925
74326,T,T,*,*,594,15201,926
74327,G,G,*,*,594,15201,927
74328,T,T,*,*,594,15201,928
74329,A,A,*,*,594,15201,929
74330,T,T,*,*,594,15201,930
74331,A,A,*,*,594,15201,931
74332,T,T,*,*,594,15201,932
74333,A,A,*,*,594,15201,933
74334,C,C,*,*,594,15201,934
74335,A,A,*,*,594,15201,935
74336,T,T,*,*,594,15201,936
74337,C,C,*,*,594,15201,937
74338,T,T,*,*,594,15201,938
74339,G,G,*,*,594,15201,939
74340,A,A,*,*,594,15201,940
74341,T,T,*,*,594,15201,941
74342,G,T,*,*,594,15201,942
74343,A,A,*,*,594,15201,943
74344,T,T,*,*,594,15201,944
74345,A,A,*,*,594,15201,945
74346,T,T,*,*,594,15201,946
74347,A,A,*,*,594,15201,947
74348,T,T,*,*,594,15201,948
74349,A,A,*,*,594,15201,949
74350,T,C,*,*,594,15201,950
74351,A,A,*,*,594,15201,951
74352,C,T,*,*,594,15205,952
74353,A,A,*,*,594,15205,953
74354,T,T,*,*,594,15205,954
74355,A,A,*,*,594,15205,955
74356,T,C,*,*,594,15205,956
74357,A,A,*,*,594,15205,957
74358,T,T,*,*,594,15205,958
74359,G,A,*,*,594,15205,959
74360,T,T,*,*,594,15205,960
74361,A,A,*,*,594,15205,961
74362,T,T,*,*,594,15205,962
74363,A,A,*,*,594,15205,963
74364,T,C,*,*,594,15205,964
74365,G,A,*,*,594,15205,965
74366,T,T,*,*,594,15205,966
74367,A,A,*,*,594,15205,967
74368,T,T,*,*,594,15205,968
74369,A,A,*,*,594,15207,969
74370,T,T,*,*,594,15207,970
74371,A,A,*,*,594,15207,971
74372,T,T,*,*,594,15207,972
74373,G,A,*,*,594,15207,973
74374,T,T,*,*,594,15207,974
74375,G,T,*,*,594,15207,975
74376,T,T,*,*,594,15207,976
74377,A,A,*,*,594,15207,977
74378,T,T,*,*,594,15207,978
74504,G,G,T,T,595,15295,978
74552,T,T,G,C,596,15304,978
74557,A,A,G,G,597,15305,978
74893,T,T,-,-,597,15352,979
74894,C,C,-,-,597,15352,980
74945,T,T,C,C,598,15355,980
75042,A,A,G,G,599,15356,980
75187,A,A,G,G,600,15358,980
75444,T,T,A,C,601,15404,980
75448,A,A,G,G,602,15404,980
75460,C,C,T,T,603,15412,980
75463,T,T,C,C,604,15412,980
75476,T,T,C,C,605,15412,980
75484,T,T,A,G,606,15412,980
75585,G,G,A,A,607,15424,980
75686,C,C,T,T,608,15428,980
75706,A,A,G,G,609,15432,980
75707,A,A,C,C,610,15432,980
75725,A,A,G,G,611,15435,980
75726,T,T,G,C,612,15435,980
76026,A,A,G,C,613,15491,980
76131,G,G,T,T,614,15493,980
76257,A,A,G,G,615,15558,980
76309,T,T,C,C,616,15558,980
76348,A,A,G,C,617,15565,980
76412,T,T,C,C,618,15583,980
76494,T,T,C,C,619,15587,980
76502,T,T,C,C,620,15587,980
76552,A,A,T,T,621,15594,980
77244,C,C,-,*,621,15646,981
78628,A,A,-,*,621,15773,982
78629,A,A,-,*,621,15773,983
78630,A,G,-,*,621,15773,984
79805,C,C,T,G,622,15964,984
79852,G,G,T,C,623,15965,984
79885,T,T,C,C,624,15967,984
79904,A,A,G,G,625,15968,984
80001,A,A,-,-,625,15988,985
80079,T,T,C,C,626,16001,985
80182,T,T,C,G,627,16012,985
80349,G,G,A,A,628,16050,985
80350,T,T,G,G,629,16056,985
80352,G,G,T,T,630,16056,985
80437,A,A,G,G,631,16056,985
80560,C,C,T,T,632,16071,985
80678,G,G,A,A,633,16098,985
80728,A,A,G,G,634,16098,985
81188,A,A,G,G,635,16149,985
81288,T,T,C,C,636,16164,985
81458,C,C,T,T,637,16186,985
81461,A,A,G,G,638,16188,985
81571,-,-,G,G,638,16231,985
82302,-,-,T,C,638,16454,985
82302,-,-,T,T,638,16455,985
82302,-,-,A,T,638,16456,985
82901,C,C,A,G,639,16467,985
82981,A,A,T,C,640,16468,985
83208,A,A,T,G,641,16549,985
83257,C,C,T,G,642,16550,985
83487,T,T,A,A,643,16583,985
83504,C,C,G,G,644,16583,985
83547,A,A,G,G,645,16586,985
83610,A,A,G,G,646,16586,985
83658,G,G,A,A,647,16590,985
83836,G,G,A,A,648,16615,985
83925,A,A,C,C,649,16624,985
83995,T,T,C,C,650,16625,985
84012,C,C,T,T,651,16625,985
84018,C,C,T,T,652,16625,985
84281,T,T,C,C,653,16689,985
84392,T,T,C,C,654,16702,985
84487,T,T,C,C,655,16727,985
84582,C,C,G,G,656,16769,985
84586,T,T,C,C,657,16769,985
84620,C,C,G,G,658,16769,985
84639,T,T,G,G,659,16769,985
84815,T,T,G,G,660,16777,985
85132,G,G,A,A,661,16806,985
85161,T,T,C,G,662,16807,985
85181,-,-,T,T,662,16808,985
85292,C,C,A,A,663,16828,985
85308,G,G,A,A,664,16829,985
