145,A,A,C,T,1,1,0
265,C,C,A,G,2,26,0
287,T,T,A,C,3,26,0
307,G,G,A,A,4,51,0
352,A,A,G,C,5,60,0
443,-,-,A,A,5,121,0
482,T,T,G,A,6,123,0
828,T,T,C,C,7,171,0
841,T,T,C,C,8,172,0
844,A,A,G,G,9,172,0
868,T,T,C,A,10,172,0
905,G,G,A,A,11,187,0
924,A,A,G,G,12,188,0
1127,A,A,G,G,13,250,0
1172,T,T,C,A,14,250,0
1204,C,C,A,A,15,253,0
1231,A,A,G,G,16,253,0
1278,T,T,C,C,17,286,0
1393,C,C,A,A,18,440,0
1394,C,C,T,T,19,440,0
1395,T,T,G,G,20,440,0
1400,C,C,-,-,20,440,1
1401,T,T,-,-,20,440,2
1404,C,C,A,T,21,441,2
1557,T,T,G,G,22,497,2
1579,A,A,C,G,23,529,2
1771,A,A,C,G,24,565,2
2042,C,C,T,G,25,589,2
2076,-,-,T,T,25,599,2
2076,-,-,T,T,25,600,2
2089,A,A,G,G,26,604,2
2228,C,C,G,G,27,668,2
2273,A,A,C,C,28,678,2
4657,C,C,T,T,29,953,2
4696,G,G,A,A,30,954,2
4927,C,C,T,T,31,988,2
5102,A,A,G,G,32,999,2
5110,T,T,C,C,33,999,2
5164,C,C,T,T,34,1000,2
5194,G,G,A,A,35,1013,2
5486,A,A,G,G,36,1117,2
5487,C,C,T,T,37,1117,2
5553,A,T,-,-,37,1150,3
5630,C,C,G,T,38,1155,3
5870,C,C,T,T,39,1187,3
6152,C,C,G,G,40,1222,3
6184,G,G,A,A,41,1222,3
6281,T,T,C,C,42,1258,3
6292,C,C,T,T,43,1258,3
6293,C,C,G,G,44,1258,3
6362,C,C,-,-,44,1264,4
6363,C,C,-,-,44,1264,5
6364,C,C,-,-,44,1264,6
6365,C,C,-,-,44,1264,7
6366,C,G,-,-,44,1264,8
6367,A,G,-,-,44,1264,9
6368,T,T,-,-,44,1264,10
6369,C,C,-,-,44,1264,11
6392,G,G,A,A,45,1266,11
6483,C,C,G,G,46,1287,11
6895,A,A,G,G,47,1543,11
6898,-,-,T,T,47,1544,11
6898,-,-,C,C,47,1545,11
6898,-,-,C,C,47,1546,11
6898,-,-,T,T,47,1547,11
6898,-,-,T,T,47,1548,11
6898,-,-,C,C,47,1549,11
6898,-,-,T,T,47,1550,11
6898,-,-,G,G,47,1551,11
6898,-,-,C,T,47,1552,11
6898,-,-,T,T,47,1553,11
6898,-,-,C,C,47,1554,11
6898,-,-,T,T,47,1555,11
6898,-,-,G,G,47,1556,11
6898,-,-,A,A,47,1557,11
6898,-,-,G,G,47,1558,11
6898,-,-,T,T,47,1559,11
6983,A,A,G,G,48,1561,11
7025,C,C,T,T,49,1564,11
7061,G,G,A,A,50,1573,11
7201,G,G,T,T,51,1589,11
7203,G,G,A,A,52,1595,11
7209,G,G,A,T,53,1595,11
7215,C,C,T,T,54,1599,11
7358,A,A,G,T,55,1666,11
7444,A,A,G,G,56,1697,11
7449,T,T,G,G,57,1697,11
7755,C,C,-,*,57,1755,12
7868,A,A,C,G,58,1756,12
7996,G,G,-,-,58,1792,13
8584,-,-,A,A,58,1905,13
8584,-,-,G,G,58,1906,13
8659,A,A,G,G,59,1925,13
8985,C,C,T,T,60,1957,13
9013,G,G,A,A,61,1960,13
9046,A,A,G,G,62,1971,13
9057,T,T,C,C,63,1971,13
9141,T,T,C,C,64,1973,13
9202,T,T,C,C,65,1983,13
9238,A,A,G,G,66,1983,13
9248,C,C,T,T,67,1983,13
9412,A,A,G,C,68,2003,13
9523,A,A,G,G,69,2005,13
9828,C,C,T,T,70,2040,13
9935,G,G,A,A,71,2044,13
10143,C,C,T,T,72,2076,13
10230,-,-,C,C,72,2134,13
10230,-,-,A,A,72,2135,13
10230,-,-,C,C,72,2136,13
10230,-,-,A,C,72,2137,13
10230,-,-,G,G,72,2138,13
10230,-,-,G,G,72,2139,13
10230,-,-,C,C,72,2140,13
10764,-,-,T,T,72,2220,13
10764,-,-,A,A,72,2221,13
10764,-,-,T,T,72,2224,13
10764,-,-,C,C,72,2225,13
10764,-,-,A,A,72,2226,13
10764,-,-,G,G,72,2227,13
10764,-,-,T,T,72,2228,13
10832,T,T,G,G,73,2245,13
10896,A,A,C,T,74,2245,13
11048,G,G,A,A,75,2247,13
11115,T,T,G,G,76,2247,13
11307,T,T,-,-,76,2278,14
11443,T,T,C,G,77,2291,14
11581,A,A,G,G,78,2386,14
11633,T,T,C,C,79,2416,14
11738,G,G,A,T,80,2487,14
11764,A,A,G,G,81,2487,14
11862,G,G,C,T,82,2507,14
12001,A,A,G,G,83,2510,14
12108,C,C,G,G,84,2514,14
12158,A,A,G,G,85,2518,14
12167,C,C,A,A,86,2518,14
12218,T,T,C,C,87,2530,14
12247,A,A,G,G,88,2535,14
12325,T,T,C,C,89,2542,14
12333,A,A,C,C,90,2542,14
12374,T,T,C,G,91,2564,14
12416,A,A,G,G,92,2567,14
12599,T,T,C,C,93,2587,14
12646,G,G,A,A,94,2591,14
12690,T,T,C,C,95,2598,14
12693,T,T,C,C,96,2598,14
12731,T,T,C,C,97,2613,14
12816,A,A,G,G,98,2701,14
12841,T,T,C,C,99,2701,14
12953,A,A,G,G,100,2711,14
13222,T,T,A,C,101,2775,14
13247,T,T,A,A,102,2777,14
13473,G,G,A,A,103,2819,14
13521,G,G,A,A,104,2846,14
13735,G,G,A,T,105,2896,14
13791,A,A,G,G,106,2917,14
13807,T,T,G,G,107,2917,14
13862,G,G,A,A,108,2954,14
13932,G,G,A,A,109,2955,14
13991,C,C,-,-,109,2973,15
14010,T,T,C,C,110,2973,15
14030,C,C,G,T,111,2973,15
14052,A,A,G,G,112,2973,15
14149,T,T,C,C,113,3004,15
14208,C,C,G,T,114,3011,15
14209,C,C,G,G,115,3011,15
14221,G,G,A,A,116,3011,15
14262,G,G,C,C,117,3018,15
14364,A,A,G,G,118,3019,15
14397,A,A,T,C,119,3024,15
14417,G,G,C,C,120,3024,15
14666,C,C,G,G,121,3082,15
14682,C,C,G,G,122,3082,15
14688,C,C,A,A,123,3082,15
14819,T,T,C,C,124,3160,15
14843,T,T,C,C,125,3160,15
14901,A,A,G,G,126,3164,15
14924,G,G,A,A,127,3164,15
14955,T,T,C,C,128,3164,15
15069,A,A,T,C,129,3193,15
15069,-,-,G,G,129,3194,15
15069,-,-,G,G,129,3195,15
15069,-,-,T,T,129,3196,15
15094,T,T,C,C,130,3197,15
15228,C,C,T,G,131,3197,15
15312,A,A,G,G,132,3214,15
15380,A,A,G,G,133,3220,15
15395,A,A,C,G,134,3224,15
15498,C,C,G,G,135,3244,15
15622,C,C,A,A,136,3248,15
15624,C,C,T,T,137,3248,15
15696,A,A,T,G,138,3259,15
15775,T,T,G,G,139,3346,15
15850,A,A,G,G,140,3361,15
15879,T,T,C,C,141,3365,15
15933,A,A,G,G,142,3365,15
16107,C,C,T,T,143,3366,15
16135,C,C,A,A,144,3368,15
16156,G,G,A,A,145,3395,15
16224,C,C,A,A,146,3412,15
16265,G,G,A,C,147,3413,15
16387,T,T,G,G,148,3427,15
16410,C,C,T,T,149,3427,15
16582,T,T,G,C,150,3439,15
16725,T,T,C,C,151,3500,15
16765,G,G,A,A,152,3500,15
16862,T,T,C,C,153,3531,15
16900,T,T,C,C,154,3567,15
16971,G,G,-,*,154,3571,16
16981,C,C,-,*,154,3571,17
16990,C,C,-,*,154,3571,18
17073,T,T,-,*,154,3574,19
17125,C,C,-,*,154,3575,20
17135,C,C,-,*,154,3575,21
17168,G,G,-,*,154,3580,22
17289,A,A,G,G,155,3612,22
17298,G,G,C,C,156,3620,22
17317,C,C,G,G,157,3620,22
17507,G,G,C,T,158,3650,22
17565,G,G,C,C,159,3652,22
17605,C,C,G,G,160,3664,22
17661,G,G,A,T,161,3673,22
17693,C,C,T,T,162,3673,22
18109,G,G,-,-,162,3765,23
18110,G,G,-,-,162,3765,24
18111,G,G,-,-,162,3765,25
18321,T,T,C,C,163,3964,25
18322,T,T,A,C,164,3964,25
18342,C,C,T,T,165,3987,25
18352,G,G,A,A,166,3987,25
18525,G,G,A,A,167,4136,25
18529,A,A,-,-,167,4137,26
18694,T,T,-,-,167,4218,27
18739,G,G,-,-,167,4245,28
18740,G,G,A,A,168,4245,28
18970,C,C,G,A,169,4360,28
19042,A,A,G,T,170,4364,28
19069,C,C,G,A,171,4364,28
19104,G,G,A,A,172,4372,28
19193,A,A,G,G,173,4395,28
19259,C,C,T,T,174,4395,28
19486,G,G,C,T,175,4476,28
19516,G,G,A,A,176,4487,28
19669,A,A,G,G,177,4497,28
19832,T,T,C,G,178,4500,28
19862,T,T,C,C,179,4511,28
19868,A,A,T,T,180,4511,28
19971,C,C,-,-,180,4531,29
19972,G,G,-,-,180,4531,30
19973,C,C,-,-,180,4531,31
19974,T,T,-,-,180,4531,32
19975,A,A,-,-,180,4531,33
20050,C,C,G,A,181,4558,33
20183,C,C,A,A,182,4564,33
20193,G,G,A,A,183,4564,33
20264,T,T,-,-,183,4569,34
20267,C,C,-,-,183,4575,35
20427,A,A,G,G,184,4644,35
20868,C,C,A,A,185,4742,35
20872,G,G,A,A,186,4742,35
20906,C,C,T,T,187,4749,35
21002,G,G,A,A,188,4759,35
21280,G,G,A,A,189,4810,35
21302,C,C,A,A,190,4810,35
21460,T,T,C,G,191,4811,35
21477,A,A,G,T,192,4814,35
21543,C,C,T,T,193,4825,35
21787,A,A,G,G,194,4928,35
23292,A,A,C,C,195,5012,35
23391,C,C,G,G,196,5013,35
23670,C,C,T,T,197,5021,35
23748,A,A,G,G,198,5021,35
23775,A,A,G,T,199,5021,35
23875,G,G,C,C,200,5039,35
23945,A,A,G,G,201,5088,35
24856,G,G,A,T,202,5238,35
25349,G,G,A,A,203,5256,35
25378,T,T,A,A,204,5257,35
25445,A,A,G,G,205,5265,35
25463,C,C,G,G,206,5287,35
25534,A,A,G,G,207,5306,35
25542,C,C,T,T,208,5315,35
25687,G,G,A,T,209,5343,35
26063,-,-,G,G,209,5434,35
26063,-,-,A,A,209,5435,35
26063,-,-,C,C,209,5436,35
26063,-,-,C,C,209,5437,35
26063,-,-,G,G,209,5438,35
26063,-,-,C,T,209,5454,35
26278,-,-,T,A,209,5512,35
26278,-,-,T,C,209,5513,35
26278,-,-,T,T,209,5514,35
26278,-,-,T,T,209,5515,35
26743,T,T,G,G,210,5547,35
26820,G,G,T,A,211,5555,35
26867,T,T,C,C,212,5563,35
26961,G,G,A,A,213,5564,35
26989,-,-,T,T,213,5574,35
27081,A,A,C,G,214,5642,35
27502,C,C,T,T,215,5740,35
27503,A,A,G,G,216,5740,35
27996,A,A,T,C,217,5797,35
28008,T,T,C,C,218,5797,35
28050,C,C,T,T,219,5826,35
28339,-,*,G,G,219,5916,35
30008,A,A,G,G,220,6226,35
30009,G,G,A,A,221,6226,35
30013,A,A,G,G,222,6226,35
30014,C,C,A,A,223,6226,35
30015,A,A,C,C,224,6226,35
30051,T,T,C,C,225,6230,35
30052,T,T,C,C,226,6230,35
30070,T,T,C,C,227,6234,35
30150,C,C,G,G,228,6235,35
30171,A,A,-,-,228,6235,36
30312,G,G,A,T,229,6274,36
30326,A,A,G,G,230,6277,36
30394,C,C,G,T,231,6291,36
30433,C,C,T,G,232,6294,36
30498,C,C,T,T,233,6320,36
30566,T,T,A,C,234,6332,36
30567,G,G,A,A,235,6332,36
30872,T,T,G,G,236,6384,36
30891,G,G,-,-,236,6392,37
30913,C,C,T,T,237,6401,37
31247,G,G,A,A,238,6460,37
31294,A,A,G,G,239,6460,37
31473,G,G,A,A,240,6473,37
31546,G,G,C,C,241,6477,37
31604,G,G,A,A,242,6479,37
31626,G,G,A,A,243,6479,37
31673,G,G,C,A,244,6481,37
31712,A,A,C,C,245,6495,37
31753,T,T,C,C,246,6501,37
31959,C,C,T,T,247,6541,37
32190,-,-,G,G,247,6611,37
32229,A,A,G,G,248,6613,37
32335,C,C,T,T,249,6642,37
32382,G,G,-,-,249,6643,38
32490,G,G,A,T,250,6652,38
32557,T,T,G,C,251,6666,38
32642,C,C,T,T,252,6784,38
32880,G,G,T,T,253,6834,38
32973,C,C,G,G,254,6838,38
33376,C,C,A,A,255,6885,38
33628,G,G,A,A,256,6900,38
33737,T,T,C,C,257,6900,38
33965,T,T,C,C,258,6907,38
34558,T,T,C,C,259,6934,38
34591,A,A,G,G,260,6934,38
34696,C,C,T,T,261,6934,38
34824,G,G,A,A,262,6970,38
34861,C,C,T,A,263,6982,38
34880,T,T,C,C,264,6982,38
34938,T,T,C,C,265,6985,38
34949,C,C,A,T,266,6985,38
34950,A,A,G,G,267,6985,38
35091,A,A,G,G,268,7001,38
35187,A,A,G,G,269,7027,38
35189,G,G,A,A,270,7027,38
35265,T,T,C,C,271,7056,38
35324,T,T,C,C,272,7056,38
35355,A,A,G,G,273,7057,38
35362,A,A,C,C,274,7057,38
35407,A,A,G,G,275,7058,38
35456,G,G,A,T,276,7059,38
35566,A,A,G,G,277,7101,38
35801,T,T,C,C,278,7116,38
35826,C,C,G,G,279,7116,38
35866,T,T,C,C,280,7116,38
35940,-,-,G,G,280,7123,38
35940,-,-,C,C,280,7124,38
35940,-,-,A,A,280,7125,38
35941,A,A,G,G,281,7125,38
35984,A,A,G,C,282,7133,38
36008,T,T,C,C,283,7137,38
36027,G,G,A,A,284,7176,38
36240,T,T,G,G,285,7238,38
36356,C,C,A,A,286,7252,38
36526,T,T,C,C,287,7261,38
36634,G,G,A,A,288,7262,38
36811,A,A,G,G,289,7331,38
36831,G,G,C,T,290,7331,38
36843,C,C,T,G,291,7334,38
37053,G,G,A,A,292,7348,38
37180,T,T,C,C,293,7400,38
37444,A,A,G,G,294,7561,38
37447,A,A,G,G,295,7561,38
37546,G,G,A,A,296,7596,38
37550,T,T,G,G,297,7596,38
37659,A,A,G,G,298,7662,38
37978,C,C,T,T,299,7765,38
38121,A,A,G,G,300,7780,38
38507,A,A,G,G,301,7895,38
38517,-,-,C,T,301,7896,38
38526,G,G,C,A,302,7898,38
38709,A,A,C,C,303,7912,38
38761,T,T,C,C,304,7916,38
38795,A,A,-,-,304,7917,39
38796,A,A,-,-,304,7917,40
38900,G,G,A,A,305,7970,40
38910,C,C,G,G,306,7970,40
38913,G,A,-,-,306,7970,41
38914,G,G,-,-,306,7970,42
38915,T,T,-,-,306,7970,43
38916,C,C,-,-,306,7970,44
38917,T,T,-,-,306,7970,45
38918,C,C,-,-,306,7970,46
38919,C,C,-,-,306,7970,47
38920,G,G,-,-,306,7970,48
38921,G,G,-,-,306,7970,49
38922,T,T,-,-,306,7970,50
38923,C,C,-,-,306,7970,51
38924,C,C,-,-,306,7970,52
38925,T,T,-,-,306,7970,53
38926,T,T,-,-,306,7970,54
38927,C,C,-,-,306,7970,55
38928,T,T,-,-,306,7970,56
38929,C,C,-,-,306,7970,57
38930,C,C,-,-,306,7970,58
38931,G,G,-,-,306,7970,59
38932,C,C,-,-,306,7970,60
38933,A,A,-,-,306,7970,61
38934,G,G,-,-,306,7970,62
38935,C,C,-,-,306,7970,63
38936,C,C,-,-,306,7970,64
38937,T,T,-,-,306,7970,65
38938,C,C,-,-,306,7970,66
38939,C,C,-,-,306,7970,67
38940,G,A,-,-,306,7970,68
38941,A,A,-,-,306,7970,69
38942,G,G,-,-,306,7970,70
38943,G,G,-,-,306,7970,71
38959,C,C,T,T,307,7970,71
39021,A,A,G,G,308,7972,71
39079,T,T,C,C,309,7986,71
39194,C,C,-,-,309,8017,72
39195,A,A,-,-,309,8017,73
39245,G,G,A,A,310,8018,73
39284,C,C,T,G,311,8021,73
39307,G,G,A,A,312,8026,73
39310,C,C,T,T,313,8026,73
39367,T,T,C,G,314,8127,73
39411,T,T,C,C,315,8145,73
39412,G,G,A,A,316,8145,73
39432,T,T,C,C,317,8150,73
39433,G,G,A,A,318,8150,73
39515,A,A,C,C,319,8174,73
39556,A,A,G,G,320,8178,73
39734,G,G,A,A,321,8248,73
39776,A,G,-,-,321,8275,74
39840,A,A,G,G,322,8301,74
40083,A,A,G,G,323,8340,74
40142,G,G,C,C,324,8357,74
40184,C,C,A,A,325,8357,74
40279,C,C,A,G,326,8358,74
40311,G,G,A,A,327,8358,74
40373,T,T,A,C,328,8358,74
40404,T,T,A,A,329,8365,74
40466,A,A,*,-,329,8391,75
40467,A,A,*,-,329,8391,76
40526,A,A,C,C,330,8411,76
40533,G,G,A,A,331,8411,76
40568,G,G,C,C,332,8415,76
40806,A,A,G,G,333,8443,76
41122,C,C,T,T,334,8523,76
41169,G,G,T,A,335,8528,76
41442,C,C,G,T,336,8558,76
41447,A,A,C,C,337,8558,76
41527,C,C,T,T,338,8614,76
41585,T,T,C,C,339,8614,76
41604,T,T,C,C,340,8614,76
41669,C,C,G,T,341,8637,76
41686,C,C,A,G,342,8638,76
41772,T,T,C,C,343,8649,76
41786,A,A,G,G,344,8650,76
41788,C,C,G,G,345,8650,76
41901,C,C,T,T,346,8667,76
41911,T,T,C,C,347,8667,76
41998,T,T,G,G,348,8681,76
41999,T,T,G,G,349,8682,76
42200,A,A,G,G,350,8701,76
42222,A,A,G,G,351,8707,76
42265,G,G,A,A,352,8708,76
42515,G,G,A,A,353,8852,76
42669,G,G,-,-,353,8865,77
42898,A,A,G,G,354,8963,77
43062,A,A,G,G,355,9047,77
43078,T,T,G,G,356,9047,77
43140,A,A,T,C,357,9095,77
43247,C,C,T,T,358,9118,77
43474,G,G,-,*,358,9140,78
44263,T,T,C,C,359,9250,78
44374,A,A,G,G,360,9250,78
44376,G,G,A,A,361,9250,78
44395,T,T,C,A,362,9250,78
44457,-,-,A,C,362,9251,78
44457,-,-,A,A,362,9252,78
44457,-,-,A,T,362,9253,78
44457,-,-,A,C,362,9254,78
44457,-,-,A,T,362,9255,78
44457,-,-,A,C,362,9256,78
44457,-,-,A,A,362,9257,78
44457,-,-,A,A,362,9258,78
44457,-,-,A,A,362,9259,78
44457,-,-,A,A,362,9260,78
44463,C,C,A,G,363,9260,78
44583,G,G,A,A,364,9278,78
44700,G,G,A,C,365,9300,78
44733,T,T,C,A,366,9303,78
44741,T,T,C,C,367,9303,78
44815,T,T,C,G,368,9307,78
44829,T,T,G,G,369,9311,78
44830,C,C,G,G,370,9311,78
44831,C,C,G,G,371,9311,78
44833,C,C,T,T,372,9311,78
44833,-,-,G,G,372,9312,78
44834,C,C,G,G,373,9312,78
44835,T,T,G,G,374,9312,78
44839,T,T,C,A,375,9312,78
44840,T,T,G,G,376,9312,78
44907,T,T,C,C,377,9321,78
45134,T,T,C,A,378,9329,78
45226,G,G,A,C,379,9341,78
45316,C,C,T,T,380,9351,78
45370,T,T,A,G,381,9352,78
45395,C,C,T,T,382,9352,78
45412,G,G,A,A,383,9352,78
45527,-,-,A,A,383,9359,78
45527,-,-,A,A,383,9360,78
45527,-,-,T,T,383,9361,78
45557,A,A,G,T,384,9361,78
45615,A,A,C,C,385,9363,78
45749,G,G,A,A,386,9368,78
46076,T,T,*,*,386,9445,79
46077,T,T,*,*,386,9449,80
46078,C,C,*,*,386,9449,81
46079,T,T,*,*,386,9449,82
46080,G,G,*,*,386,9449,83
46081,C,C,*,*,386,9449,84
46082,T,T,*,*,386,9449,85
46083,C,C,*,*,386,9449,86
46084,A,A,*,*,386,9449,87
46085,A,A,*,*,386,9449,88
46086,T,T,*,*,386,9449,89
46087,A,A,*,*,386,9449,90
46088,G,G,*,*,386,9449,91
46089,A,A,*,*,386,9449,92
46090,T,T,*,*,386,9449,93
46091,G,G,*,*,386,9449,94
46092,C,C,*,*,386,9449,95
46093,T,T,*,*,386,9449,96
46094,A,A,*,*,386,9449,97
46095,A,A,*,*,386,9449,98
46106,T,C,*,*,386,9449,99
46107,T,T,*,*,386,9449,100
46108,T,T,*,*,386,9449,101
46109,T,T,*,*,386,9449,102
46110,T,T,*,*,386,9449,103
46111,T,T,*,*,386,9449,104
46112,T,T,*,*,386,9449,105
46113,T,T,*,*,386,9449,106
46114,T,T,*,*,386,9449,107
46115,T,T,*,*,386,9449,108
46116,T,T,*,*,386,9449,109
46117,T,T,*,*,386,9449,110
46118,G,G,*,*,386,9449,111
46119,A,A,*,*,386,9449,112
46120,G,G,*,*,386,9449,113
46121,A,A,*,*,386,9450,114
46122,C,C,*,*,386,9450,115
46123,A,A,*,*,386,9451,116
46124,G,G,*,*,386,9451,117
46125,A,A,*,*,386,9451,118
46126,G,G,*,*,386,9451,119
46127,T,T,*,*,386,9451,120
46128,C,C,*,*,386,9451,121
46129,T,T,*,*,386,9451,122
46130,T,T,*,*,386,9451,123
46131,G,G,*,*,386,9451,124
46132,C,C,*,*,386,9451,125
46133,T,T,*,*,386,9451,126
46134,C,C,*,*,386,9451,127
46135,T,T,*,*,386,9451,128
46136,G,G,*,*,386,9451,129
46137,T,T,*,*,386,9451,130
46138,C,C,*,*,386,9451,131
46139,C,G,*,*,386,9451,132
46140,C,C,*,*,386,9451,133
46141,C,C,*,*,386,9451,134
46142,C,G,*,*,386,9451,135
46143,A,A,*,*,386,9451,136
46144,G,G,*,*,386,9451,137
46145,G,G,*,*,386,9451,138
46146,C,C,*,*,386,9451,139
46147,T,T,*,*,386,9451,140
46148,G,G,*,*,386,9451,141
46149,G,G,*,*,386,9451,142
46150,A,A,*,*,386,9451,143
46151,G,G,*,*,386,9451,144
46152,T,T,*,*,386,9451,145
46153,G,G,*,*,386,9451,146
46154,C,C,*,*,386,9451,147
46155,A,A,*,*,386,9451,148
46156,G,G,*,*,386,9451,149
46157,T,T,*,*,386,9451,150
46158,G,G,*,*,386,9451,151
46159,G,G,*,*,386,9451,152
46160,C,C,*,*,386,9451,153
46161,G,G,*,*,386,9451,154
46162,C,C,*,*,386,9451,155
46163,A,A,*,*,386,9451,156
46164,A,A,*,*,386,9451,157
46165,T,T,*,*,386,9451,158
46166,C,C,*,*,386,9451,159
46167,T,T,*,*,386,9451,160
46168,C,C,*,*,386,9451,161
46169,A,A,*,*,386,9451,162
46170,G,G,*,*,386,9451,163
46171,C,C,*,*,386,9451,164
46172,T,T,*,*,386,9451,165
46173,C,C,*,*,386,9451,166
46174,A,A,*,*,386,9451,167
46175,C,C,*,*,386,9451,168
46176,T,T,*,*,386,9451,169
46177,G,G,*,*,386,9451,170
46178,C,C,*,*,386,9451,171
46179,A,A,*,*,386,9451,172
46180,A,A,*,*,386,9451,173
46181,C,A,*,*,386,9451,174
46182,C,C,*,*,386,9451,175
46183,T,T,*,*,386,9451,176
46184,C,C,*,*,386,9451,177
46185,C,C,*,*,386,9451,178
46186,A,A,*,*,386,9451,179
46187,C,C,*,*,386,9451,180
46188,C,C,*,*,386,9451,181
46189,T,T,*,*,386,9451,182
46190,C,C,*,*,386,9451,183
46191,C,C,*,*,386,9451,184
46192,C,C,*,*,386,9451,185
46194,G,G,*,*,386,9451,186
46195,G,G,*,*,386,9451,187
46196,T,T,*,*,386,9451,188
46197,T,T,*,*,386,9451,189
46198,C,C,*,*,386,9451,190
46199,A,A,*,*,386,9451,191
46200,A,A,*,*,386,9451,192
46201,G,G,*,*,386,9451,193
46202,T,C,*,*,386,9451,194
46203,G,T,*,*,386,9451,195
46204,A,A,*,*,386,9451,196
46205,T,T,*,*,386,9451,197
46206,T,T,*,*,386,9451,198
46207,C,C,*,*,386,9451,199
46208,T,T,*,*,386,9451,200
46209,C,C,*,*,386,9451,201
46210,C,C,*,*,386,9451,202
46211,T,T,*,*,386,9451,203
46212,G,G,*,*,386,9451,204
46213,C,C,*,*,386,9451,205
46214,C,C,*,*,386,9451,206
46215,T,T,*,*,386,9451,207
46216,C,C,*,*,386,9451,208
46217,A,A,*,*,386,9451,209
46218,G,G,*,*,386,9451,210
46219,C,C,*,*,386,9451,211
46220,C,C,*,*,386,9451,212
46221,T,T,*,*,386,9452,213
46222,C,C,*,*,386,9452,214
46223,C,C,*,*,386,9452,215
46224,T,T,*,*,386,9452,216
46225,G,G,*,*,386,9452,217
46226,A,A,*,*,386,9452,218
46227,G,G,*,*,386,9452,219
46228,T,T,*,*,386,9452,220
46229,A,A,*,*,386,9452,221
46230,T,G,*,*,386,9452,222
46231,C,C,*,*,386,9452,223
46232,T,T,*,*,386,9452,224
46917,C,C,*,-,386,9475,225
46918,G,G,*,-,386,9475,226
46919,G,C,*,-,386,9475,227
46991,C,C,*,-,386,9475,228
47029,C,C,A,T,387,9484,228
47139,G,G,A,A,388,9510,228
47170,C,C,T,A,389,9524,228
47216,A,A,G,G,390,9531,228
47266,A,A,C,C,391,9532,228
47692,A,A,C,C,392,9707,228
47773,C,C,A,A,393,9764,228
47867,A,A,C,C,394,9779,228
47968,A,A,-,-,394,9789,229
48000,A,A,C,C,395,9789,229
48676,T,T,C,C,396,9905,229
48684,A,A,C,C,397,9905,229
48687,A,A,G,G,398,9905,229
48707,G,G,A,A,399,9906,229
48725,G,G,A,A,400,9907,229
48742,T,T,C,C,401,9907,229
48826,T,T,C,C,402,9907,229
48837,T,T,C,C,403,9909,229
48838,T,T,A,A,404,9909,229
48849,T,T,*,-,404,9909,230
48850,A,A,*,-,404,9909,231
48851,A,A,*,-,404,9909,232
48852,C,C,*,-,404,9909,233
48883,A,A,*,*,404,9909,234
48884,A,A,*,*,404,9909,235
48885,A,A,*,*,404,9909,236
48886,G,A,*,*,404,9909,237
48887,A,A,*,*,404,9909,238
48888,A,A,*,*,404,9909,239
48889,G,G,*,*,404,9909,240
48900,A,A,*,*,404,9911,241
48901,G,G,*,*,404,9911,242
48902,A,A,*,*,404,9911,243
48903,A,G,*,*,404,9911,244
48904,A,A,*,*,404,9911,245
48905,A,G,*,*,404,9911,246
48906,A,A,*,*,404,9911,247
48907,G,G,*,*,404,9911,248
48908,A,A,*,*,404,9911,249
49008,A,A,*,*,404,9911,250
49009,G,G,*,*,404,9911,251
49010,C,C,*,*,404,9911,252
49011,C,C,*,*,404,9911,253
49012,A,A,*,*,404,9911,254
49013,G,G,*,*,404,9911,255
49014,C,C,*,*,404,9911,256
49015,T,T,*,*,404,9911,257
49016,G,G,*,*,404,9911,258
49017,G,G,*,*,404,9911,259
49018,G,G,*,*,404,9911,260
49019,C,C,*,*,404,9911,261
49020,G,G,*,*,404,9911,262
49021,C,C,*,*,404,9911,263
49022,G,G,*,*,404,9911,264
49023,G,G,*,*,404,9911,265
49024,T,T,*,*,404,9911,266
49025,G,G,*,*,404,9911,267
49026,G,G,*,*,404,9911,268
49027,C,C,*,*,404,9911,269
49028,T,T,*,*,404,9911,270
49029,C,C,*,*,404,9911,271
49030,A,A,*,*,404,9911,272
49031,T,T,*,*,404,9911,273
49032,G,G,*,*,404,9911,274
49033,C,C,*,*,404,9911,275
49034,C,C,*,*,404,9911,276
49035,T,T,*,*,404,9911,277
49036,G,G,*,*,404,9911,278
49037,T,T,*,*,404,9911,279
49038,A,A,*,*,404,9911,280
49039,A,A,*,*,404,9911,281
49040,T,T,*,*,404,9911,282
49041,C,C,*,*,404,9911,283
49042,C,C,*,*,404,9911,284
49043,C,C,*,*,404,9911,285
49044,A,A,*,*,404,9911,286
49045,G,G,*,*,404,9911,287
49046,C,C,*,*,404,9911,288
49047,A,A,*,*,404,9911,289
49048,C,C,*,*,404,9911,290
49049,T,T,*,*,404,9911,291
49050,T,T,*,*,404,9911,292
49051,T,T,*,*,404,9911,293
49052,G,G,*,*,404,9911,294
49053,G,G,*,*,404,9911,295
49054,G,G,*,*,404,9911,296
49055,A,A,*,*,404,9911,297
49056,G,G,*,*,404,9911,298
49057,G,G,*,*,404,9911,299
49058,C,C,*,*,404,9911,300
49059,T,T,*,*,404,9911,301
49060,G,G,*,*,404,9911,302
49061,A,A,*,*,404,9911,303
49062,G,G,*,*,404,9911,304
49063,G,G,*,*,404,9911,305
49064,G,T,*,*,404,9911,306
49065,G,G,*,*,404,9911,307
49066,G,G,*,*,404,9911,308
49067,G,G,*,*,404,9911,309
49068,C,C,*,*,404,9911,310
49069,A,A,*,*,404,9911,311
49070,G,G,*,*,404,9911,312
49071,A,A,*,*,404,9911,313
49072,T,T,*,*,404,9911,314
49073,C,C,*,*,404,9911,315
49074,A,A,*,*,404,9911,316
49075,C,C,*,*,404,9911,317
49076,C,C,*,*,404,9911,318
49077,T,T,*,*,404,9911,319
49078,G,G,*,*,404,9911,320
49079,A,A,*,*,404,9911,321
49080,A,A,*,*,404,9911,322
49081,G,G,*,*,404,9911,323
49082,T,T,*,*,404,9911,324
49083,T,T,*,*,404,9911,325
49084,A,A,*,*,404,9911,326
49085,G,G,*,*,404,9911,327
49086,G,G,*,*,404,9911,328
49087,A,A,*,*,404,9911,329
49088,G,G,*,*,404,9911,330
49089,C,C,*,*,404,9911,331
49090,T,T,*,*,404,9911,332
49091,C,C,*,*,404,9911,333
49092,G,G,*,*,404,9911,334
49093,A,A,*,*,404,9911,335
49094,G,G,*,*,404,9911,336
49095,A,A,*,*,404,9911,337
49096,C,C,*,*,404,9911,338
49097,C,C,*,*,404,9911,339
49098,A,A,*,*,404,9911,340
49099,G,G,*,*,404,9911,341
49100,T,C,*,*,404,9911,342
49101,C,C,*,*,404,9911,343
49102,T,T,*,*,404,9911,344
49103,G,G,*,*,404,9911,345
49104,G,G,*,*,404,9911,346
49105,C,C,*,*,404,9911,347
49106,C,C,*,*,404,9911,348
49107,A,A,*,*,404,9911,349
49108,A,A,*,*,404,9911,350
49109,C,C,*,*,404,9911,351
49110,A,A,*,*,404,9911,352
49111,T,T,*,*,404,9911,353
49112,G,G,*,*,404,9911,354
49113,G,G,*,*,404,9911,355
49114,T,C,*,*,404,9911,356
49115,G,G,*,*,404,9911,357
49116,A,A,*,*,404,9911,358
49117,A,A,*,*,404,9911,359
49118,A,A,*,*,404,9911,360
49119,C,C,*,*,404,9911,361
49120,C,C,*,*,404,9911,362
49121,C,C,*,*,404,9911,363
49122,C,C,*,*,404,9911,364
49123,G,G,*,*,404,9911,365
49124,T,T,*,*,404,9911,366
49125,C,C,*,*,404,9911,367
49126,T,T,*,*,404,9911,368
49127,C,A,*,*,404,9911,369
49128,T,T,*,*,404,9911,370
49129,A,A,*,*,404,9911,371
49130,C,C,*,*,404,9911,372
49131,T,T,*,*,404,9911,373
49132,A,A,*,*,404,9911,374
49133,A,A,*,*,404,9911,375
49134,A,A,*,*,404,9911,376
49135,A,A,*,*,404,9918,377
49136,A,A,*,*,404,9918,378
49137,T,T,*,*,404,9918,379
49138,A,A,*,*,404,9918,380
49139,A,A,*,*,404,9918,381
49140,T,T,*,*,404,9918,382
49141,T,T,*,*,404,9918,383
49142,A,A,*,*,404,9918,384
49143,G,G,*,*,404,9918,385
49144,C,C,*,*,404,9918,386
49145,C,C,*,*,404,9918,387
49146,A,A,*,*,404,9918,388
49147,G,G,*,*,404,9918,389
49148,G,G,*,*,404,9918,390
49149,C,C,*,*,404,9918,391
49150,G,G,*,*,404,9918,392
49151,A,A,*,*,404,9918,393
49152,G,G,*,*,404,9918,394
49153,G,G,*,*,404,9918,395
49154,T,T,*,*,404,9918,396
49155,G,G,*,*,404,9918,397
49156,G,G,*,*,404,9918,398
49157,C,C,*,*,404,9918,399
49158,G,G,*,*,404,9918,400
49159,T,T,*,*,404,9918,401
49160,G,G,*,*,404,9918,402
49161,C,C,*,*,404,9918,403
49162,A,A,*,*,404,9918,404
49163,C,C,*,*,404,9918,405
49164,C,C,*,*,404,9919,406
49165,T,T,*,*,404,9919,407
49166,G,G,*,*,404,9919,408
49167,T,T,*,*,404,9919,409
49168,A,A,*,*,404,9919,410
49169,A,A,*,*,404,9919,411
49170,T,T,*,*,404,9919,412
49171,C,C,*,*,404,9919,413
49172,C,C,*,*,404,9919,414
49173,C,C,*,*,404,9919,415
49174,A,A,*,*,404,9919,416
49175,G,G,*,*,404,9919,417
49176,C,C,*,*,404,9919,418
49177,T,T,*,*,404,9919,419
49178,A,A,*,*,404,9919,420
49179,C,C,*,*,404,9919,421
49180,T,T,*,*,404,9919,422
49181,C,C,*,*,404,9919,423
49183,A,A,*,*,404,9919,424
49184,G,G,*,*,404,9919,425
49185,G,G,*,*,404,9919,426
49186,A,A,*,*,404,9919,427
49187,G,G,*,*,404,9919,428
49188,G,G,*,*,404,9919,429
49189,C,C,*,*,404,9919,430
49190,T,T,*,*,404,9919,431
49191,G,G,*,*,404,9920,432
49192,A,A,*,*,404,9920,433
49193,G,G,*,*,404,9920,434
49194,G,G,*,*,404,9920,435
49195,C,C,*,*,404,9920,436
49196,A,A,*,*,404,9920,437
49197,G,G,*,*,404,9920,438
49198,G,G,*,*,404,9920,439
49199,A,A,*,*,404,9920,440
49200,G,G,*,*,404,9920,441
49201,A,A,*,*,404,9920,442
49202,A,A,*,*,404,9920,443
49203,T,T,*,*,404,9920,444
49204,A,A,*,*,404,9920,445
49205,G,G,*,*,404,9920,446
49206,C,C,*,*,404,9920,447
49207,T,T,*,*,404,9920,448
49208,T,T,*,*,404,9920,449
49209,G,G,*,*,404,9920,450
49210,A,A,*,*,404,9920,451
49211,A,A,*,*,404,9920,452
49212,C,C,*,*,404,9920,453
49213,C,C,*,*,404,9920,454
49214,C,C,*,*,404,9920,455
49215,G,A,*,*,404,9920,456
49216,G,G,*,*,404,9920,457
49217,G,G,*,*,404,9920,458
49218,A,A,*,*,404,9920,459
49219,G,G,*,*,404,9920,460
49220,G,G,*,*,404,9920,461
49221,C,C,*,*,404,9920,462
49222,A,A,*,*,404,9920,463
49223,G,G,*,*,404,9920,464
49224,A,A,*,*,404,9920,465
49225,G,G,*,*,404,9920,466
49226,T,G,*,*,404,9920,467
49227,T,T,*,*,404,9920,468
49228,T,T,*,*,404,9920,469
49229,G,G,*,*,404,9920,470
49230,C,C,*,*,404,9920,471
49231,A,A,*,*,404,9920,472
49232,G,G,*,*,404,9920,473
49233,T,T,*,*,404,9920,474
49234,G,G,*,*,404,9920,475
49235,A,A,*,*,404,9920,476
49236,G,G,*,*,404,9920,477
49237,C,C,*,*,404,9920,478
49238,T,T,*,*,404,9920,479
49239,G,G,*,*,404,9920,480
49240,A,A,*,*,404,9920,481
49241,G,G,*,*,404,9920,482
49242,A,A,*,*,404,9920,483
49243,T,T,*,*,404,9920,484
49244,C,C,*,*,404,9920,485
49245,G,A,*,*,404,9920,486
49246,C,C,*,*,404,9920,487
49247,G,G,*,*,404,9921,488
49248,C,C,*,*,404,9921,489
49249,C,C,*,*,404,9921,490
49250,A,A,*,*,404,9921,491
49251,T,T,*,*,404,9921,492
49252,T,T,*,*,404,9921,493
49253,G,G,*,*,404,9921,494
49254,C,C,*,*,404,9921,495
49255,A,A,*,*,404,9921,496
49256,C,C,*,*,404,9921,497
49257,T,T,*,*,404,9921,498
49258,C,C,*,*,404,9921,499
49259,C,C,*,*,404,9921,500
49260,A,A,*,*,404,9921,501
49261,G,G,*,*,404,9921,502
49262,T,T,*,*,404,9921,503
49263,G,G,*,*,404,9921,504
49264,A,A,*,*,404,9921,505
49265,G,G,*,*,404,9921,506
49266,C,C,*,*,404,9921,507
49267,C,C,*,*,404,9921,508
49268,G,G,*,*,404,9921,509
49269,A,A,*,*,404,9921,510
49270,G,G,*,*,404,9921,511
49271,A,A,*,*,404,9921,512
49272,T,T,*,*,404,9921,513
49273,C,C,*,*,404,9921,514
49274,G,G,*,*,404,9921,515
49275,C,C,*,*,404,9921,516
49276,A,A,*,*,404,9921,517
49277,C,C,*,*,404,9921,518
49278,C,C,*,*,404,9921,519
49279,A,A,*,*,404,9921,520
49280,T,T,*,*,404,9921,521
49281,T,T,*,*,404,9921,522
49282,G,G,*,*,404,9921,523
49283,C,C,*,*,404,9921,524
49284,A,A,*,*,404,9921,525
49285,C,C,*,*,404,9921,526
49286,T,T,*,*,404,9921,527
49287,C,C,*,*,404,9921,528
49288,C,C,*,*,404,9921,529
49289,A,A,*,*,404,9921,530
49290,G,G,*,*,404,9921,531
49713,A,A,-,*,404,9957,532
49714,A,A,-,*,404,9957,533
49715,A,A,-,*,404,9957,534
49716,A,A,-,*,404,9957,535
49717,T,T,-,*,404,9957,536
50004,A,A,-,-,404,9984,537
50064,C,C,*,*,404,9987,538
50066,A,A,G,G,405,9987,538
50141,A,A,G,G,406,9998,538
50297,T,T,C,C,407,10020,538
50389,C,C,T,T,408,10020,538
50416,T,T,C,C,409,10020,538
50494,G,G,A,C,410,10027,538
50551,C,C,T,T,411,10038,538
50667,G,G,T,A,412,10043,538
50700,T,T,C,C,413,10044,538
50755,T,T,A,A,414,10049,538
50794,G,G,C,T,415,10049,538
50817,A,A,T,T,416,10049,538
50837,A,A,G,G,417,10057,538
51041,G,G,-,-,417,10080,539
51042,G,G,-,-,417,10080,540
51043,A,A,-,-,417,10080,541
51044,G,G,-,-,417,10080,542
51045,G,G,-,-,417,10080,543
51046,A,A,-,-,417,10080,544
51047,A,A,-,-,417,10080,545
51048,A,A,-,-,417,10080,546
51129,T,T,C,C,418,10083,546
51249,A,A,G,G,419,10108,546
51286,C,C,T,T,420,10109,546
51364,T,T,C,C,421,10118,546
51498,-,-,G,A,421,10210,546
51671,T,T,C,C,422,10235,546
