7,A,A,G,C,1,0,0
26,C,C,A,A,2,0,0
111,G,G,C,T,3,7,0
142,T,T,C,C,4,32,0
431,G,G,A,A,5,238,0
453,A,A,C,C,6,238,0
473,T,T,C,C,7,238,0
641,T,T,G,G,8,252,0
708,T,T,C,G,9,284,0
744,C,C,T,G,10,285,0
845,C,C,T,T,11,298,0
846,A,A,G,G,12,298,0
853,C,C,T,T,13,298,0
864,G,G,A,A,14,301,0
964,A,A,G,G,15,312,0
967,C,C,G,G,16,312,0
972,A,A,C,C,17,312,0
1032,C,C,T,G,18,327,0
1223,G,G,C,C,19,382,0
1258,T,T,C,C,20,387,0
1331,T,T,C,C,21,389,0
1399,A,A,G,G,22,394,0
1484,T,T,A,A,23,411,0
1494,C,C,-,-,23,411,1
1543,C,C,T,T,24,420,1
1601,-,-,A,C,24,437,1
1631,C,C,T,T,25,444,1
1645,A,A,G,G,26,444,1
1858,C,C,T,T,27,467,1
1864,A,A,T,C,28,467,1
2110,C,C,T,T,29,488,1
2111,A,A,G,G,30,488,1
2795,T,T,C,C,31,970,1
2809,T,T,G,G,32,970,1
2942,A,A,G,G,33,972,1
2983,C,C,T,T,34,975,1
2984,A,A,G,G,35,976,1
3001,A,A,G,G,36,976,1
3988,T,T,C,C,37,1305,1
4045,C,C,T,T,38,1315,1
4053,T,T,C,C,39,1317,1
4286,T,T,G,G,40,1365,1
4354,G,G,A,T,41,1366,1
4423,A,A,G,G,42,1368,1
4570,C,C,T,T,43,1421,1
5092,T,T,G,G,44,1516,1
5126,A,A,G,G,45,1518,1
5190,C,C,G,T,46,1586,1
5195,C,C,A,A,47,1586,1
5225,G,G,A,A,48,1587,1
5236,-,-,C,C,48,1590,1
5236,-,-,A,G,48,1591,1
5455,G,G,A,A,49,1602,1
5492,C,C,T,T,50,1602,1
5549,G,G,A,A,51,1602,1
5668,T,T,C,C,52,1616,1
5677,T,T,C,C,53,1616,1
5679,G,G,C,C,54,1616,1
5729,T,T,C,C,55,1635,1
6255,A,A,G,G,56,1762,1
6305,A,A,G,G,57,1765,1
6333,G,G,A,T,58,1769,1
6343,T,T,C,C,59,1801,1
6387,G,G,C,C,60,1834,1
6418,C,C,T,T,61,1834,1
6569,G,G,A,A,62,1857,1
6595,C,C,A,T,63,1861,1
6706,G,G,A,A,64,1880,1
6748,A,A,G,G,65,1924,1
6833,A,A,G,G,66,2105,1
6867,A,A,G,G,67,2113,1
6936,A,A,G,G,68,2122,1
7000,T,T,C,C,69,2213,1
7100,C,C,-,*,69,2223,2
7101,T,T,-,*,69,2223,3
7102,C,C,-,*,69,2223,4
7134,T,T,-,*,69,2233,5
7163,C,C,A,A,70,2236,5
7164,A,A,G,G,71,2236,5
7392,-,-,G,G,71,2300,5
7401,C,C,A,A,72,2300,5
7442,G,G,A,A,73,2300,5
7505,G,G,A,A,74,2344,5
7506,C,C,T,A,75,2344,5
7571,T,T,C,G,76,2347,5
7587,C,C,T,G,77,2349,5
7588,A,A,G,G,78,2350,5
7761,T,T,G,G,79,2419,5
7798,T,T,C,C,80,2426,5
7799,G,G,A,T,81,2426,5
7810,T,T,C,C,82,2426,5
7916,A,A,G,G,83,2434,5
7934,G,G,A,A,84,2435,5
8062,T,T,G,C,85,2450,5
8156,A,A,G,G,86,2480,5
8186,T,T,C,C,87,2515,5
8251,T,T,A,G,88,2542,5
8257,C,C,-,-,88,2542,6
8268,G,G,C,C,89,2542,6
8308,-,-,G,G,89,2543,6
8308,-,-,C,C,89,2544,6
8308,-,-,A,A,89,2547,6
8308,-,-,G,G,89,2548,6
8308,-,-,G,C,89,2549,6
8308,-,-,C,C,89,2550,6
8308,-,-,T,C,89,2551,6
8308,-,-,G,T,89,2552,6
8308,-,-,G,T,89,2553,6
8308,-,-,G,A,89,2554,6
8308,-,-,C,A,89,2555,6
8308,-,-,C,A,89,2556,6
8308,-,-,C,A,89,2557,6
8308,-,-,G,G,89,2558,6
8308,-,-,G,G,89,2559,6
8308,-,-,T,T,89,2560,6
8308,-,-,G,G,89,2561,6
8397,T,T,C,C,90,2561,6
8418,A,A,G,C,91,2561,6
8472,G,G,A,A,92,2562,6
8548,C,C,T,T,93,2562,6
8576,A,A,-,-,93,2639,7
8577,A,A,-,-,93,2639,8
8666,A,A,G,G,94,2657,8
12285,C,C,T,T,95,3615,8
12661,T,T,C,G,96,3688,8
12679,T,T,C,C,97,3688,8
12711,T,T,A,A,98,3689,8
12748,A,A,G,G,99,3699,8
12791,T,T,C,C,100,3700,8
12801,T,T,C,C,101,3702,8
12838,C,C,G,T,102,3718,8
12853,C,C,T,G,103,3718,8
12880,-,-,A,G,103,3723,8
12886,C,C,T,T,104,3726,8
12911,T,T,C,C,105,3745,8
12996,A,A,G,T,106,3758,8
13102,G,G,A,T,107,3855,8
13107,C,C,T,T,108,3855,8
13270,C,C,T,T,109,3873,8
13284,G,G,A,A,110,3884,8
13466,T,T,C,C,111,3901,8
13473,C,C,A,A,112,3901,8
13528,-,-,A,A,112,3911,8
13528,-,-,A,G,112,3912,8
13534,C,C,T,T,113,3913,8
13632,T,G,-,*,113,3923,9
13633,G,G,-,*,113,3923,10
13634,T,T,-,*,113,3923,11
13635,G,G,-,*,113,3923,12
13636,G,G,-,*,113,3923,13
13637,A,A,-,*,113,3923,14
13638,G,G,-,*,113,3923,15
13639,A,A,-,*,113,3923,16
13692,C,C,T,G,114,3936,16
13755,A,A,-,-,114,3942,17
13756,G,G,-,-,114,3942,18
13757,G,G,*,*,114,3942,19
13758,T,T,*,*,114,3942,20
13759,G,G,*,*,114,3942,21
13760,G,G,*,*,114,3942,22
13761,G,G,*,*,114,3942,23
13762,A,A,*,*,114,3942,24
13763,C,G,*,*,114,3942,25
13764,G,G,*,*,114,3942,26
13882,C,C,T,T,115,3977,26
13913,C,C,-,-,115,4000,27
13991,T,T,C,C,116,4044,27
14011,C,C,T,T,117,4044,27
15347,T,T,-,*,117,4369,28
15360,G,G,-,*,117,4386,29
15361,T,C,-,*,117,4386,30
15362,T,T,-,*,117,4386,31
15363,C,C,-,*,117,4386,32
15364,T,T,-,*,117,4386,33
15365,G,G,-,*,117,4386,34
15366,T,T,-,*,117,4386,35
15367,T,T,-,*,117,4386,36
15368,C,C,-,*,117,4386,37
17554,C,C,-,*,117,5169,38
17555,T,T,-,*,117,5169,39
17556,C,C,-,*,117,5169,40
17557,C,C,-,*,117,5169,41
17558,A,A,-,*,117,5169,42
17559,G,G,-,*,117,5169,43
17560,G,G,-,*,117,5169,44
17561,G,G,-,*,117,5169,45
17562,T,T,-,*,117,5169,46
17563,G,G,-,*,117,5169,47
17564,C,C,-,*,117,5169,48
17565,C,C,-,*,117,5169,49
17566,A,A,-,*,117,5169,50
17567,C,C,-,*,117,5169,51
17568,C,C,-,*,117,5169,52
17569,G,G,-,*,117,5169,53
17570,T,T,-,*,117,5169,54
17571,C,C,-,*,117,5169,55
17572,T,T,-,*,117,5169,56
17679,C,C,-,*,117,5206,57
18310,C,C,-,*,117,5457,58
18311,C,T,-,*,117,5457,59
18312,C,C,-,*,117,5457,60
18313,G,G,-,*,117,5457,61
18475,G,G,-,*,117,5467,62
18508,G,G,-,*,117,5483,63
18899,A,A,-,*,117,5536,64
18965,G,G,-,*,117,5545,65
19046,G,G,-,-,117,5556,66
19047,T,T,-,-,117,5556,67
19169,A,A,G,G,118,5569,67
19190,T,T,C,C,119,5574,67
19222,G,G,A,A,120,5588,67
19376,G,G,C,A,121,5906,67
19400,A,A,G,G,122,5930,67
19530,G,G,C,C,123,6031,67
19930,G,G,C,C,124,6103,67
19990,C,C,G,G,125,6134,67
20046,T,T,C,C,126,6186,67
20049,G,G,C,C,127,6186,67
20054,T,T,-,-,127,6186,68
20220,A,A,G,G,128,6238,68
20413,C,C,T,T,129,6293,68
20512,T,T,C,C,130,6393,68
20608,A,A,C,G,131,6408,68
20648,T,T,C,C,132,6410,68
20735,C,C,A,A,133,6420,68
20802,C,C,T,T,134,6427,68
20870,T,T,C,C,135,6430,68
20882,C,C,A,T,136,6430,68
20902,T,T,G,C,137,6433,68
20985,A,A,G,G,138,6501,68
20990,C,C,-,-,138,6501,69
20991,G,G,-,-,138,6501,70
21080,T,T,C,C,139,6502,70
21316,T,T,C,C,140,6559,70
21344,C,C,A,A,141,6606,70
21377,T,T,C,C,142,6610,70
21451,T,T,C,C,143,6628,70
22382,-,*,G,G,143,6837,70
22382,-,*,T,G,143,6838,70
22382,-,*,G,G,143,6839,70
23682,C,C,*,-,143,7101,71
23683,T,T,*,-,143,7101,72
23685,C,C,-,*,143,7102,73
23686,C,C,-,*,143,7102,74
23687,C,C,-,*,143,7102,75
23882,C,C,G,A,144,7137,75
24097,T,T,C,C,145,7229,75
24130,A,A,-,-,145,7255,76
24131,T,T,-,-,145,7255,77
24233,G,G,A,A,146,7275,77
24326,T,T,C,C,147,7285,77
24371,G,G,A,C,148,7329,77
24419,C,C,A,G,149,7379,77
24433,-,-,G,G,149,7417,77
24450,C,C,T,T,150,7417,77
24454,T,T,C,C,151,7417,77
24712,G,G,-,-,151,7448,78
24713,G,G,-,-,151,7448,79
24733,G,G,-,-,151,7454,80
24779,C,C,T,T,152,7480,80
25010,T,T,C,G,153,7519,80
25059,-,-,C,C,153,7531,80
25059,-,-,C,C,153,7532,80
25581,C,C,T,T,154,7671,80
25628,T,T,G,G,155,7783,80
25630,T,T,C,C,156,7783,80
25634,A,A,G,G,157,7808,80
25653,G,G,-,-,157,7819,81
25709,A,A,G,G,158,7900,81
25718,T,T,C,G,159,7909,81
25738,A,A,G,G,160,7931,81
25916,T,T,C,C,161,7994,81
25976,C,G,-,-,161,8009,82
25977,T,T,-,-,161,8009,83
25985,A,A,G,G,162,8010,83
25991,T,T,-,-,162,8015,84
26184,G,G,-,*,162,8097,85
26185,G,G,-,*,162,8097,86
26186,A,A,-,*,162,8097,87
26245,A,A,C,G,163,8107,87
26251,C,C,-,-,163,8107,88
26252,C,C,-,-,163,8107,89
26270,T,T,C,A,164,8136,89
26298,T,T,C,C,165,8138,89
26319,C,C,-,-,165,8139,90
26348,T,T,-,-,165,8251,91
26349,G,G,-,-,165,8251,92
26398,A,A,G,G,166,8313,92
26457,A,A,C,C,167,8336,92
26585,T,T,-,-,167,8365,93
26586,G,G,-,-,167,8365,94
26587,C,C,-,-,167,8365,95
26588,A,A,-,-,167,8365,96
26605,T,T,C,C,168,8366,96
26716,C,C,T,T,169,8397,96
26763,A,A,-,-,169,8415,97
26768,A,A,T,G,170,8419,97
26801,A,A,G,G,171,8429,97
26845,A,A,G,C,172,8438,97
26972,C,C,T,A,173,8449,97
27000,C,C,A,A,174,8450,97
27052,T,T,C,C,175,8460,97
27053,G,G,A,A,176,8460,97
27110,A,A,G,G,177,8473,97
27144,T,T,C,C,178,8504,97
27149,T,T,C,C,179,8504,97
27150,G,G,A,C,180,8504,97
27357,T,T,A,A,181,8567,97
27543,G,G,A,A,182,8619,97
27737,T,T,C,C,183,8631,97
28003,G,G,A,A,184,8760,97
28076,A,A,G,G,185,8768,97
28263,G,G,C,C,186,8857,97
28342,G,A,*,*,186,8875,98
28343,G,G,*,*,186,8875,99
28344,G,G,*,*,186,8875,100
28345,A,A,*,*,186,8875,101
28346,C,C,*,*,186,8875,102
28420,G,G,A,T,187,8877,102
28434,-,-,A,A,187,8886,102
28460,G,G,C,C,188,8887,102
28474,A,A,G,G,189,8887,102
28596,A,A,G,G,190,8900,102
29105,C,C,T,T,191,8944,102
29138,T,T,C,C,192,8945,102
29151,-,-,C,C,192,8946,102
29151,-,-,A,A,192,8947,102
29203,C,C,T,G,193,8961,102
29249,G,G,C,C,194,8967,102
29506,T,T,C,C,195,8989,102
29766,G,G,A,A,196,9054,102
29797,C,C,T,T,197,9058,102
29814,C,C,T,T,198,9059,102
29834,C,C,A,T,199,9065,102
29901,G,G,A,A,200,9074,102
30082,-,-,G,G,200,9158,102
30096,A,A,G,G,201,9160,102
30105,C,C,T,T,202,9166,102
30140,G,G,A,T,203,9191,102
30189,A,A,T,G,204,9205,102
30224,G,G,C,C,205,9206,102
30291,A,A,G,G,206,9232,102
30325,T,T,C,C,207,9265,102
30391,C,C,T,T,208,9423,102
30435,G,G,A,A,209,9440,102
30439,G,G,*,*,209,9440,103
30441,A,A,*,*,209,9440,104
30442,A,A,*,*,209,9440,105
30443,C,C,*,*,209,9440,106
30444,T,T,*,*,209,9440,107
30445,C,C,*,*,209,9440,108
30446,T,T,*,*,209,9440,109
30447,G,G,*,*,209,9440,110
30448,T,T,*,*,209,9440,111
30787,T,T,C,C,210,9707,111
30863,C,C,T,T,211,9728,111
30869,A,A,G,G,212,9745,111
31129,T,T,C,G,213,9863,111
31323,A,A,G,C,214,9908,111
31340,A,A,G,G,215,9924,111
31342,G,G,-,-,215,9924,112
31343,C,C,-,-,215,9924,113
31344,G,G,-,-,215,9924,114
31345,G,G,-,-,215,9924,115
31346,G,G,-,-,215,9924,116
31347,G,G,-,-,215,9924,117
31398,A,A,G,G,216,9954,117
31432,A,A,G,G,217,9978,117
31672,C,C,T,T,218,10072,117
31715,A,A,G,G,219,10119,117
31759,C,C,T,T,220,10136,117
31812,T,T,C,C,221,10165,117
31817,G,G,A,T,222,10165,117
31829,G,G,T,C,223,10165,117
31942,G,G,*,*,223,10187,118
31943,G,G,*,*,223,10187,119
31944,C,G,*,*,223,10188,120
31945,G,G,*,*,223,10188,121
31946,G,G,*,*,223,10188,122
31947,T,T,*,*,223,10188,123
31948,G,C,*,*,223,10188,124
31949,C,C,*,*,223,10196,125
31950,C,C,*,*,223,10196,126
31951,C,C,*,*,223,10196,127
31952,A,A,*,*,223,10196,128
31953,A,A,*,*,223,10196,129
31954,G,G,*,*,223,10196,130
31955,C,C,*,*,223,10196,131
31956,T,T,*,*,223,10196,132
31957,G,G,*,*,223,10196,133
31958,C,C,*,*,223,10196,134
31959,C,C,*,*,223,10196,135
31960,C,C,*,*,223,10196,136
32087,C,C,-,-,223,10325,137
32114,C,C,T,T,224,10330,137
32144,T,T,C,C,225,10349,137
32170,-,-,T,T,225,10353,137
32254,C,C,-,-,225,10357,138
32255,T,T,-,-,225,10357,139
32347,T,T,C,C,226,10365,139
32361,C,C,T,T,227,10372,139
32477,T,T,C,C,228,10373,139
32545,G,G,A,C,229,10396,139
32669,C,C,A,A,230,10405,139
32692,G,G,A,A,231,10430,139
32699,G,G,C,A,232,10430,139
32773,T,T,C,C,233,10495,139
32886,G,G,A,A,234,10639,139
32974,C,C,T,T,235,10710,139
33013,A,A,C,C,236,10717,139
33084,C,C,G,T,237,10732,139
33183,T,T,C,C,238,10815,139
33190,G,G,A,A,239,10820,139
33265,C,C,G,G,240,10881,139
33278,T,T,C,C,241,10913,139
33296,-,-,G,G,241,10914,139
33327,T,T,C,C,242,10916,139
33329,C,C,A,A,243,10916,139
33391,T,T,C,C,244,10920,139
33543,A,A,G,G,245,10929,139
33680,T,T,C,C,246,10940,139
33712,C,C,G,G,247,10941,139
33783,C,C,T,T,248,10947,139
33844,T,T,C,C,249,10957,139
33996,A,A,G,G,250,10980,139
34090,T,T,C,C,251,10985,139
34128,C,C,T,T,252,10985,139
34150,G,G,C,C,253,10986,139
34211,T,T,C,A,254,10987,139
34286,G,G,C,A,255,11012,139
34341,T,T,C,C,256,11026,139
34346,T,T,C,C,257,11026,139
34392,A,A,T,C,258,11029,139
34404,T,T,C,C,259,11034,139
34462,T,T,G,G,260,11037,139
34606,T,T,A,C,261,11047,139
34636,A,A,G,G,262,11047,139
34699,C,C,A,T,263,11053,139
34935,G,G,-,*,263,11063,140
35413,G,G,-,*,263,11153,141
35414,A,A,-,*,263,11153,142
35523,-,-,T,T,263,11261,142
35548,A,A,G,G,264,11261,142
35566,G,G,A,A,265,11341,142
35571,C,C,T,T,266,11341,142
