145,T,T,G,C,1,63,0
250,T,T,C,C,2,65,0
317,G,G,A,A,3,97,0
393,A,A,C,C,4,119,0
424,C,C,T,T,5,124,0
491,A,A,C,C,6,154,0
613,G,G,T,T,7,197,0
653,A,A,G,T,8,200,0
661,A,A,T,G,9,201,0
814,T,T,G,G,10,230,0
817,A,A,C,C,11,230,0
821,C,C,G,T,12,230,0
903,C,C,T,T,13,234,0
936,A,A,G,G,14,241,0
941,C,C,G,T,15,241,0
963,G,G,C,T,16,241,0
1008,C,C,G,T,17,241,0
1014,G,G,A,A,18,241,0
1087,C,C,T,T,19,241,0
1128,A,A,T,G,20,241,0
1257,C,C,T,T,21,241,0
1296,G,G,C,C,22,241,0
1347,G,G,A,A,23,241,0
1368,A,A,C,C,24,247,0
1402,C,C,T,T,25,253,0
1409,G,G,C,A,26,253,0
1435,G,G,A,A,27,255,0
1440,G,G,A,T,28,255,0
1452,T,T,G,G,29,255,0
1467,C,C,G,T,30,255,0
1476,A,A,C,T,31,255,0
1503,-,-,A,A,31,256,0
1503,-,-,A,A,31,257,0
1503,-,-,T,T,31,258,0
1503,-,-,G,T,31,259,0
1503,-,-,T,T,31,260,0
2209,C,C,-,*,31,431,1
2210,G,G,-,*,31,431,2
2211,C,C,-,*,31,431,3
2212,C,C,-,*,31,431,4
2432,A,A,T,T,32,444,4
2437,A,A,-,-,32,444,5
2438,C,C,-,-,32,444,6
2451,G,G,T,T,33,444,6
2586,A,A,G,G,34,532,6
2810,C,C,A,A,35,558,6
2889,G,G,A,A,36,566,6
2902,T,T,C,C,37,566,6
2912,G,G,C,T,38,566,6
2963,A,A,G,G,39,573,6
3009,G,G,A,A,40,601,6
3180,T,T,C,C,41,632,6
3674,T,T,C,C,42,770,6
3888,T,T,C,C,43,783,6
4182,C,C,A,A,44,811,6
4184,T,T,G,G,45,812,6
4242,C,C,T,T,46,820,6
4288,C,C,T,T,47,821,6
4353,G,G,A,C,48,826,6
4406,C,C,T,A,49,836,6
4459,A,A,C,C,50,839,6
4492,T,T,-,-,50,840,7
4493,A,A,-,-,50,840,8
4500,A,A,G,G,51,840,8
4556,C,C,T,A,52,840,8
4736,T,T,-,-,52,853,9
4737,C,C,-,-,52,853,10
4741,G,G,A,A,53,855,10
4809,-,-,A,A,53,861,10
4809,-,-,A,A,53,862,10
4809,-,-,G,G,53,863,10
4809,-,-,A,A,53,864,10
4869,T,T,C,C,54,877,10
4904,C,C,T,T,55,878,10
4920,G,G,C,C,56,878,10
4943,A,A,T,T,57,888,10
4965,-,-,A,A,57,900,10
4965,-,-,C,C,57,901,10
4965,-,-,A,C,57,902,10
4965,-,-,C,C,57,903,10
4965,-,-,A,A,57,904,10
4965,-,-,C,C,57,905,10
5095,C,C,T,T,58,979,10
5258,A,A,-,-,58,989,11
5278,A,A,-,-,58,994,12
5279,G,G,-,-,58,994,13
5327,C,C,G,G,59,1005,13
5394,G,G,C,A,60,1017,13
5432,G,G,T,A,61,1018,13
5456,G,G,C,C,62,1018,13
5495,C,C,T,T,63,1018,13
5550,C,C,A,A,64,1019,13
5557,C,C,T,G,65,1019,13
5599,A,A,C,C,66,1027,13
5650,A,A,G,T,67,1027,13
5652,A,A,G,G,68,1027,13
5750,A,A,-,-,68,1038,14
5751,A,A,-,-,68,1038,15
5752,T,T,-,-,68,1038,16
5753,A,A,-,-,68,1038,17
5757,A,A,-,-,68,1038,18
5763,A,A,G,G,69,1038,18
5814,A,A,C,C,70,1048,18
5831,A,A,C,C,71,1052,18
5867,C,C,A,A,72,1053,18
5880,C,C,A,T,73,1053,18
6007,C,C,T,A,74,1083,18
6043,A,A,G,G,75,1083,18
6116,T,T,A,C,76,1083,18
6264,C,C,A,T,77,1091,18
6310,C,C,G,G,78,1094,18
6382,A,A,C,T,79,1095,18
6636,G,G,A,A,80,1104,18
6658,A,A,G,G,81,1105,18
6783,C,C,A,T,82,1108,18
6809,A,A,G,G,83,1108,18
6832,C,C,G,T,84,1108,18
6850,-,-,A,A,84,1121,18
6850,-,-,G,G,84,1122,18
6850,-,-,T,T,84,1123,18
6850,-,-,G,T,84,1124,18
7612,G,G,C,A,85,1215,18
7634,T,T,-,-,85,1217,19
7635,C,C,-,-,85,1217,20
7640,T,T,G,G,86,1224,20
7833,G,G,A,A,87,1245,20
7942,T,T,A,A,88,1278,20
8104,G,G,C,C,89,1352,20
8126,G,G,A,T,90,1352,20
8201,T,T,G,A,91,1362,20
8247,A,A,G,C,92,1363,20
8254,G,G,A,T,93,1363,20
8350,C,C,G,G,94,1369,20
8355,C,C,A,T,95,1369,20
8529,C,C,T,T,96,1381,20
8543,T,T,G,C,97,1384,20
8636,G,G,-,*,97,1384,21
8661,C,C,G,T,98,1466,21
8745,G,G,C,A,99,1468,21
8791,A,A,-,-,99,1471,22
8816,C,C,T,A,100,1471,22
8832,A,A,C,C,101,1479,22
8835,A,A,C,C,102,1479,22
8866,-,-,T,C,102,1480,22
9003,G,G,A,T,103,1483,22
9033,C,C,A,A,104,1484,22
9045,G,G,A,A,105,1484,22
9161,G,G,-,-,105,1501,23
9162,G,G,-,-,105,1501,24
9254,-,-,C,C,105,1521,24
9254,-,-,C,T,105,1522,24
9331,C,C,T,T,106,1526,24
9343,C,C,T,G,107,1528,24
9411,C,C,T,T,108,1528,24
9427,T,T,C,C,109,1530,24
9440,C,C,-,-,109,1530,25
9471,G,G,C,C,110,1534,25
9472,G,G,A,C,111,1534,25
9494,C,C,G,G,112,1544,25
9495,T,T,G,G,113,1544,25
9503,G,G,A,A,114,1547,25
9549,C,C,T,G,115,1565,25
9601,C,C,G,A,116,1570,25
9656,T,T,C,G,117,1585,25
9708,G,G,A,A,118,1588,25
9727,G,G,A,A,119,1589,25
9784,T,T,C,C,120,1591,25
9786,G,G,A,A,121,1591,25
9797,C,C,T,G,122,1591,25
9820,T,T,-,-,122,1592,26
9821,G,G,-,-,122,1592,27
9822,A,A,-,-,122,1592,28
9823,C,C,-,-,122,1592,29
9887,C,C,A,A,123,1609,29
9916,T,T,C,G,124,1609,29
9918,G,G,C,C,125,1609,29
9926,A,A,C,C,126,1609,29
9929,C,C,-,-,126,1611,30
9947,T,T,-,-,126,1621,31
9948,C,C,-,-,126,1621,32
9949,T,T,-,-,126,1621,33
9950,C,C,-,-,126,1621,34
9951,C,C,-,-,126,1621,35
9952,A,A,-,-,126,1621,36
9953,C,C,-,-,126,1621,37
9957,A,T,-,-,126,1621,38
9958,C,C,-,-,126,1621,39
9959,T,T,-,-,126,1621,40
9960,C,C,-,-,126,1629,41
9961,C,C,-,-,126,1629,42
10105,C,C,G,G,127,1658,42
10230,G,G,T,T,128,1658,42
10290,G,G,A,A,129,1658,42
10297,A,A,G,G,130,1658,42
10326,A,A,G,G,131,1658,42
10356,T,T,C,C,132,1658,42
10425,A,A,G,G,133,1658,42
10442,G,G,A,A,134,1658,42
10497,T,T,C,C,135,1658,42
10590,A,A,G,G,136,1658,42
10771,A,A,G,G,137,1659,42
10786,A,A,C,G,138,1659,42
10787,G,G,C,C,139,1659,42
10873,T,T,G,G,140,1666,42
10949,A,A,G,G,141,1666,42
11135,C,C,G,G,142,1666,42
11203,C,C,T,T,143,1666,42
11212,C,C,T,T,144,1666,42
11350,A,T,-,-,144,1685,43
11384,C,C,T,A,145,1689,43
11398,C,C,T,A,146,1689,43
11399,A,A,G,C,147,1689,43
11435,G,G,C,A,148,1691,43
11448,T,T,C,C,149,1691,43
11459,C,C,T,T,150,1691,43
11462,A,A,-,-,150,1692,44
11616,G,G,C,C,151,1717,44
11765,C,C,A,G,152,1753,44
11775,T,T,-,-,152,1769,45
11776,C,C,-,-,152,1769,46
11777,T,T,-,-,152,1769,47
11778,C,C,-,-,152,1769,48
11780,G,G,A,C,153,1769,48
11808,G,G,A,A,154,1788,48
11864,G,G,T,A,155,1790,48
11883,G,G,T,C,156,1795,48
11894,-,-,T,T,156,1796,48
11894,-,-,T,T,156,1797,48
11939,G,G,T,A,157,1798,48
12029,G,G,C,C,158,1805,48
12539,C,C,-,*,158,1891,49
12722,G,G,A,A,159,1911,49
12746,A,A,G,G,160,1928,49
12758,T,T,C,C,161,1928,49
12775,G,G,C,A,162,1928,49
12827,G,G,A,T,163,1930,49
13174,C,C,-,*,163,2036,50
13649,A,A,-,*,163,2154,51
13650,A,A,-,*,163,2154,52
13780,T,T,-,*,163,2164,53
13781,C,C,-,*,163,2164,54
13782,T,T,-,*,163,2164,55
13783,A,A,-,*,163,2164,56
13784,T,T,-,*,163,2164,57
13785,G,G,-,*,163,2164,58
13786,A,A,-,*,163,2164,59
13787,G,G,-,*,163,2164,60
13788,G,G,-,*,163,2164,61
13789,T,T,-,*,163,2164,62
13790,A,A,-,*,163,2164,63
13791,G,G,-,*,163,2164,64
13792,T,T,-,*,163,2164,65
13793,C,C,-,*,163,2164,66
13794,T,T,-,*,163,2164,67
13795,T,T,-,*,163,2164,68
13796,A,A,-,*,163,2164,69
13797,C,C,-,*,163,2164,70
13798,C,C,-,*,163,2164,71
13799,T,T,-,*,163,2164,72
13800,G,G,-,*,163,2164,73
13801,A,A,-,*,163,2164,74
13802,G,G,-,*,163,2164,75
13803,G,G,-,*,163,2164,76
13804,A,A,-,*,163,2164,77
13805,C,C,-,*,163,2164,78
13806,A,A,-,*,163,2164,79
13807,C,C,-,*,163,2164,80
13808,T,T,-,*,163,2164,81
13809,G,G,-,*,163,2165,82
13810,G,G,-,*,163,2165,83
13811,C,C,-,*,163,2165,84
14594,G,G,-,*,163,2473,85
14779,T,T,-,*,163,2560,86
14780,G,G,-,*,163,2560,87
14781,A,A,-,*,163,2560,88
14782,T,T,-,*,163,2560,89
14783,C,C,-,*,163,2560,90
15117,G,G,-,*,163,2620,91
15118,A,A,-,*,163,2620,92
15119,T,T,-,*,163,2620,93
15120,G,G,-,*,163,2620,94
15121,T,T,-,*,163,2620,95
15486,G,G,-,*,163,2676,96
15588,C,C,G,G,164,2682,96
15589,G,G,A,T,165,2682,96
15592,-,-,C,T,165,2686,96
15605,G,G,A,A,166,2686,96
15665,A,A,G,C,167,2741,96
15675,G,G,A,T,168,2742,96
15710,G,G,C,T,169,2745,96
15714,G,G,A,A,170,2745,96
15726,A,A,G,G,171,2745,96
15741,C,C,T,T,172,2745,96
15743,G,G,A,A,173,2745,96
15805,A,A,T,T,174,2766,96
15851,C,C,T,T,175,2809,96
15891,A,A,G,G,176,2818,96
16076,T,T,G,G,177,2850,96
16188,T,T,-,-,177,2863,97
16222,T,T,G,C,178,2865,97
16246,A,A,G,G,179,2865,97
16270,T,T,C,C,180,2865,97
16387,T,T,G,G,181,2865,97
16462,T,T,C,C,182,2865,97
16539,T,T,-,-,182,2874,98
16540,T,T,-,-,182,2874,99
16614,-,-,T,T,182,2894,99
16614,-,-,A,A,182,2895,99
16614,-,-,C,C,182,2896,99
16614,-,-,A,C,182,2897,99
16614,-,-,G,A,182,2898,99
16614,-,-,C,T,182,2899,99
16614,-,-,G,G,182,2900,99
16614,-,-,A,A,182,2901,99
16614,-,-,A,A,182,2902,99
16614,-,-,G,G,182,2903,99
16614,-,-,A,A,182,2904,99
16614,-,-,T,C,182,2905,99
16614,-,-,A,G,182,2906,99
16614,-,-,C,T,182,2907,99
16614,-,-,A,A,182,2908,99
16616,A,A,G,G,183,2908,99
16624,G,G,T,A,184,2911,99
16646,A,A,G,G,185,2914,99
16649,C,C,G,G,186,2914,99
16718,A,A,G,G,187,2920,99
16719,G,G,A,A,188,2920,99
16720,G,G,A,A,189,2920,99
16721,C,C,A,A,190,2920,99
16725,A,A,-,-,190,2920,100
16755,G,G,T,T,191,2923,100
16787,G,G,A,A,192,2925,100
16854,C,C,T,G,193,2934,100
16861,G,G,A,A,194,2935,100
16898,G,G,-,-,194,2936,101
16899,T,T,-,*,194,2937,102
16900,T,T,-,*,194,2937,103
16901,T,T,-,*,194,2937,104
16902,A,A,-,*,194,2937,105
16903,G,T,-,*,194,2937,106
16975,C,C,-,*,194,2944,107
16976,T,T,-,*,194,2944,108
16977,C,C,-,*,194,2944,109
17001,C,C,-,*,194,2944,110
17002,T,T,-,*,194,2944,111
17075,G,G,-,*,194,2962,112
17259,-,-,A,A,194,2975,112
17259,-,-,A,A,194,2976,112
17259,-,-,A,A,194,2977,112
17266,C,C,T,G,195,2977,112
17322,C,C,A,A,196,2978,112
17370,C,C,A,A,197,2978,112
17429,T,T,G,G,198,2979,112
17492,C,C,G,G,199,2981,112
17524,T,T,C,C,200,2982,112
17531,C,C,G,G,201,2982,112
17538,T,T,A,A,202,2983,112
17555,C,C,T,G,203,2983,112
17570,A,A,T,G,204,2983,112
17582,G,G,A,A,205,2999,112
17583,T,T,A,A,206,2999,112
17677,C,C,G,G,207,3003,112
17698,T,T,C,C,208,3003,112
17781,G,G,T,T,209,3007,112
17894,-,-,A,A,209,3030,112
18048,C,C,A,G,210,3038,112
18129,T,T,*,*,210,3043,113
18130,T,T,*,*,210,3043,114
18131,G,G,*,*,210,3043,115
18132,T,T,*,*,210,3043,116
18133,C,C,*,*,210,3043,117
18134,A,A,*,*,210,3043,118
18135,A,A,*,*,210,3043,119
18136,T,T,*,*,210,3043,120
18137,G,G,*,*,210,3043,121
18138,G,G,*,*,210,3043,122
18139,T,T,*,*,210,3043,123
18140,A,A,*,*,210,3043,124
18141,A,A,*,*,210,3043,125
18142,T,T,*,*,210,3043,126
18143,T,T,*,*,210,3043,127
18144,C,C,*,*,210,3043,128
18145,A,A,*,*,210,3043,129
18146,T,T,*,*,210,3043,130
18147,T,T,*,*,210,3043,131
18148,A,A,*,*,210,3043,132
18149,C,C,*,*,210,3043,133
18150,A,A,*,*,210,3043,134
18151,T,T,*,*,210,3043,135
18152,A,A,*,*,210,3043,136
18153,C,C,*,*,210,3043,137
18154,A,A,*,*,210,3043,138
18155,C,C,*,*,210,3043,139
18156,T,T,*,*,210,3043,140
18157,G,G,*,*,210,3043,141
18158,T,T,*,*,210,3043,142
18159,T,T,*,*,210,3043,143
18160,C,C,*,*,210,3043,144
18161,C,C,*,*,210,3043,145
18162,A,A,*,*,210,3043,146
18163,C,C,*,*,210,3043,147
18164,A,A,*,*,210,3043,148
18165,A,A,*,*,210,3043,149
18166,A,A,*,*,210,3043,150
18167,T,T,*,*,210,3043,151
18168,A,A,*,*,210,3043,152
18169,T,T,*,*,210,3043,153
18170,T,T,*,*,210,3043,154
18171,C,C,*,*,210,3043,155
18172,T,T,*,*,210,3043,156
18173,T,T,*,*,210,3043,157
18174,C,C,*,*,210,3043,158
18175,A,A,*,*,210,3043,159
18176,A,A,*,*,210,3043,160
18177,C,C,*,*,210,3043,161
18178,T,T,*,*,210,3043,162
18179,T,T,*,*,210,3043,163
18180,G,G,*,*,210,3043,164
18181,G,G,*,*,210,3043,165
18182,G,G,*,*,210,3043,166
18183,G,G,*,*,210,3043,167
18184,T,T,*,*,210,3043,168
18185,T,T,*,*,210,3043,169
18186,T,T,*,*,210,3043,170
18187,C,C,*,*,210,3043,171
18188,C,C,*,*,210,3043,172
18189,T,T,*,*,210,3043,173
18190,C,C,*,*,210,3043,174
18191,T,T,*,*,210,3043,175
18192,T,T,*,*,210,3043,176
18193,C,C,*,*,210,3043,177
18194,A,A,*,*,210,3043,178
18195,A,A,*,*,210,3043,179
18196,G,G,*,*,210,3043,180
18197,A,A,*,*,210,3043,181
18198,A,G,*,*,210,3043,182
18199,G,G,*,*,210,3055,183
18200,C,C,*,*,210,3055,184
18201,C,C,*,*,210,3055,185
18202,T,T,*,*,210,3055,186
18203,T,T,*,*,210,3055,187
18204,T,T,*,*,210,3055,188
18205,A,A,*,*,210,3055,189
18206,C,C,*,*,210,3055,190
18207,C,C,*,*,210,3055,191
18208,T,T,*,*,210,3055,192
18209,G,G,*,*,210,3055,193
18210,A,A,*,*,210,3055,194
18211,T,T,*,*,210,3055,195
18212,T,T,*,*,210,3055,196
18213,C,C,*,*,210,3055,197
18214,C,C,*,*,210,3055,198
18215,T,T,*,*,210,3055,199
18216,A,A,*,*,210,3055,200
18217,T,T,*,*,210,3055,201
18218,G,G,*,*,210,3055,202
18219,G,G,*,*,210,3055,203
18220,G,G,*,*,210,3055,204
18221,C,C,*,*,210,3055,205
18222,A,A,*,*,210,3055,206
18223,A,A,*,*,210,3055,207
18224,A,A,*,*,210,3055,208
18225,A,A,*,*,210,3055,209
18226,T,T,*,*,210,3055,210
18227,C,C,*,*,210,3055,211
18228,G,A,*,*,210,3055,212
18230,T,T,*,*,210,3055,213
18231,G,A,*,*,210,3055,214
18232,T,T,*,*,210,3055,215
18233,C,C,*,*,210,3055,216
18234,T,T,*,*,210,3055,217
18235,G,G,*,*,210,3055,218
18236,G,G,*,*,210,3055,219
18237,G,G,*,*,210,3055,220
18238,G,G,*,*,210,3055,221
18239,T,T,*,*,210,3055,222
18240,T,T,*,*,210,3055,223
18241,T,T,*,*,210,3055,224
18242,C,C,*,*,210,3055,225
18243,C,C,*,*,210,3055,226
18244,T,T,*,*,210,3055,227
18245,T,T,*,*,210,3055,228
18246,A,A,*,*,210,3055,229
18247,C,C,*,*,210,3055,230
18248,A,A,*,*,210,3055,231
18249,A,A,*,*,210,3055,232
18250,T,T,*,*,210,3055,233
18251,T,T,*,*,210,3055,234
18252,C,C,*,*,210,3055,235
18253,A,A,*,*,210,3055,236
18254,C,C,*,*,210,3055,237
18255,G,G,*,*,210,3055,238
18256,A,A,*,*,210,3055,239
18257,A,A,*,*,210,3055,240
18258,G,G,*,*,210,3055,241
18259,C,C,*,*,210,3055,242
18260,A,A,*,*,210,3055,243
18261,C,C,*,*,210,3055,244
18262,A,A,*,*,210,3055,245
18263,C,C,*,*,210,3055,246
18264,T,T,*,*,210,3055,247
18265,C,C,*,*,210,3055,248
18266,T,T,*,*,210,3055,249
18267,A,A,*,*,210,3055,250
18268,C,C,*,*,210,3055,251
18269,A,A,*,*,210,3055,252
18270,C,C,*,*,210,3055,253
18271,A,A,*,*,210,3055,254
18272,T,T,*,*,210,3055,255
18273,G,G,*,*,210,3055,256
18274,T,T,*,*,210,3056,257
18275,C,C,*,*,210,3056,258
18276,C,C,*,*,210,3056,259
18277,C,C,*,*,210,3056,260
18278,T,T,*,*,210,3056,261
18279,A,A,*,*,210,3056,262
18280,G,G,*,*,210,3056,263
18281,C,C,*,*,210,3056,264
18282,C,C,*,*,210,3056,265
18283,C,C,*,*,210,3056,266
18284,T,T,*,*,210,3056,267
18285,A,A,*,*,210,3056,268
18286,C,C,*,*,210,3056,269
18287,T,T,*,*,210,3056,270
18288,T,T,*,*,210,3056,271
18289,C,C,*,*,210,3056,272
18290,A,A,*,*,210,3056,273
18291,G,G,*,*,210,3056,274
18292,A,A,*,*,210,3056,275
18293,A,A,*,*,210,3056,276
18294,T,T,*,*,210,3056,277
18295,T,T,*,*,210,3056,278
18296,C,C,*,*,210,3056,279
18297,C,C,*,*,210,3056,280
18298,C,C,*,*,210,3056,281
18299,T,T,*,*,210,3056,282
18300,A,A,*,*,210,3056,283
18301,T,T,*,*,210,3056,284
18302,A,A,*,*,210,3056,285
18303,C,T,*,*,210,3056,286
18304,G,G,*,*,210,3056,287
18305,A,A,*,*,210,3056,288
18306,C,C,*,*,210,3056,289
18307,T,T,*,*,210,3056,290
18308,T,T,*,*,210,3056,291
18309,A,A,*,*,210,3056,292
18310,G,A,*,*,210,3056,293
18311,G,G,*,*,210,3056,294
18312,A,A,*,*,210,3056,295
18313,G,G,*,*,210,3056,296
18314,C,C,*,*,210,3056,297
18315,T,T,*,*,210,3056,298
18316,A,A,*,*,210,3056,299
18317,C,C,*,*,210,3056,300
18318,T,T,*,*,210,3056,301
18319,G,G,*,*,210,3056,302
18320,C,C,*,*,210,3056,303
18321,A,A,*,*,210,3056,304
18322,C,C,*,*,210,3056,305
18323,A,A,*,*,210,3056,306
18324,C,C,*,*,210,3056,307
18325,T,T,*,*,210,3056,308
18326,T,T,*,*,210,3056,309
18327,A,A,*,*,210,3056,310
18328,A,A,*,*,210,3056,311
18329,A,A,*,*,210,3056,312
18330,T,T,*,*,210,3056,313
18331,A,A,*,*,210,3056,314
18332,G,G,*,*,210,3056,315
18333,T,T,*,*,210,3056,316
18334,T,T,*,*,210,3056,317
18335,G,G,*,*,210,3056,318
18336,G,G,*,*,210,3056,319
18337,G,C,*,*,210,3056,320
18338,A,A,*,*,210,3056,321
18339,G,G,*,*,210,3056,322
18340,T,T,*,*,210,3056,323
18341,A,A,*,*,210,3056,324
18342,A,A,*,*,210,3056,325
18343,T,T,*,*,210,3056,326
18344,T,T,*,*,210,3059,327
18345,C,C,*,*,210,3059,328
18346,T,T,*,*,210,3059,329
18347,T,T,*,*,210,3059,330
18348,G,G,*,*,210,3059,331
18349,C,C,*,*,210,3059,332
18350,C,C,*,*,210,3059,333
18351,C,C,*,*,210,3059,334
18352,T,T,*,*,210,3059,335
18353,C,C,*,*,210,3059,336
18354,T,T,*,*,210,3059,337
18355,T,T,*,*,210,3059,338
18356,C,C,*,*,210,3059,339
18357,C,C,*,*,210,3059,340
18358,C,C,*,*,210,3059,341
18359,A,A,*,*,210,3059,342
18360,A,A,*,*,210,3059,343
18361,G,G,*,*,210,3059,344
18362,A,A,*,*,210,3059,345
18363,T,T,*,*,210,3059,346
18364,A,A,*,*,210,3059,347
18365,T,T,*,*,210,3059,348
18366,T,T,*,*,210,3059,349
18367,T,T,*,*,210,3059,350
18368,T,T,*,*,210,3059,351
18369,C,C,*,*,210,3059,352
18370,A,A,*,*,210,3059,353
18371,G,G,*,*,210,3059,354
18372,G,G,*,*,210,3059,355
18373,T,C,*,*,210,3059,356
18374,C,C,*,*,210,3059,357
18375,T,T,*,*,210,3059,358
18376,T,T,*,*,210,3059,359
18377,G,G,*,*,210,3059,360
18378,A,A,*,*,210,3064,361
18379,A,A,*,*,210,3064,362
18380,C,C,*,*,210,3064,363
18381,A,A,*,*,210,3064,364
18382,A,A,*,*,210,3064,365
18383,T,T,*,*,210,3064,366
18384,G,G,*,*,210,3064,367
18385,T,T,*,*,210,3064,368
18386,C,C,*,*,210,3064,369
18387,T,T,*,*,210,3064,370
18388,T,T,*,*,210,3064,371
18389,T,T,*,*,210,3064,372
18390,A,A,*,*,210,3064,373
18391,A,A,*,*,210,3064,374
18392,T,T,*,*,210,3064,375
18393,T,T,*,*,210,3064,376
18394,T,T,*,*,210,3064,377
18395,A,A,*,*,210,3064,378
18396,G,G,*,*,210,3064,379
18397,T,T,*,*,210,3064,380
18398,A,A,*,*,210,3064,381
18399,T,T,*,*,210,3064,382
18400,C,C,*,*,210,3064,383
18401,C,C,*,*,210,3064,384
18402,T,T,*,*,210,3064,385
18403,C,C,*,*,210,3064,386
18404,A,A,*,*,210,3064,387
18405,G,G,*,*,210,3064,388
18406,G,G,*,*,210,3064,389
18407,A,A,*,*,210,3064,390
18408,T,C,*,*,210,3064,391
18409,G,G,*,*,210,3077,392
18410,T,T,*,*,210,3077,393
18411,A,A,*,*,210,3077,394
18412,G,G,*,*,210,3077,395
18413,T,T,*,*,210,3077,396
18414,A,A,*,*,210,3077,397
18415,T,T,*,*,210,3077,398
18416,T,T,*,*,210,3077,399
18417,T,C,*,*,210,3077,400
18418,A,A,*,*,210,3077,401
18419,G,G,*,*,210,3077,402
18420,T,T,*,*,210,3077,403
18421,T,T,*,*,210,3077,404
18422,C,C,*,*,210,3077,405
18423,A,A,*,*,210,3077,406
18424,T,T,*,*,210,3077,407
18425,A,A,*,*,210,3077,408
18426,A,A,*,*,210,3077,409
18427,A,A,*,*,210,3077,410
18428,T,T,*,*,210,3077,411
18429,G,G,*,*,210,3077,412
18430,T,T,*,*,210,3077,413
18431,T,T,*,*,210,3077,414
18432,T,T,*,*,210,3077,415
18433,G,G,*,*,210,3077,416
18434,T,T,*,*,210,3077,417
18435,G,G,*,*,210,3077,418
18436,C,C,*,*,210,3077,419
18437,A,A,*,*,210,3077,420
18438,A,G,*,*,210,3077,421
18439,T,T,*,*,210,3077,422
18440,G,G,*,*,210,3077,423
18441,A,A,*,*,210,3077,424
18442,C,C,*,*,210,3077,425
18443,T,T,*,*,210,3077,426
18444,G,G,*,*,210,3077,427
18445,A,A,*,*,210,3077,428
18446,A,A,*,*,210,3077,429
18447,G,G,*,*,210,3077,430
18448,G,G,*,*,210,3077,431
18449,A,A,*,*,210,3077,432
18450,A,A,*,*,210,3077,433
18451,T,T,*,*,210,3077,434
18452,C,C,*,*,210,3077,435
18453,A,A,*,*,210,3077,436
18454,A,A,*,*,210,3077,437
18455,T,T,*,*,210,3077,438
18456,G,G,*,*,210,3077,439
18457,A,A,*,*,210,3077,440
18458,A,A,*,*,210,3077,441
18459,A,A,*,*,210,3077,442
18460,T,T,*,*,210,3077,443
18461,T,T,*,*,210,3077,444
18462,A,A,*,*,210,3077,445
18463,A,A,*,*,210,3077,446
18464,G,G,*,*,210,3077,447
18465,C,C,*,*,210,3077,448
18466,T,T,*,*,210,3077,449
18467,A,A,*,*,210,3077,450
18468,T,T,*,*,210,3077,451
18469,C,C,*,*,210,3077,452
18470,T,T,*,*,210,3077,453
18471,G,G,*,*,210,3077,454
18472,G,G,*,*,210,3077,455
18473,G,G,*,*,210,3077,456
18474,C,C,*,*,210,3077,457
18475,C,C,*,*,210,3077,458
18476,A,A,*,*,210,3077,459
18477,T,T,*,*,210,3077,460
18478,C,C,*,*,210,3077,461
18479,A,A,*,*,210,3077,462
18480,C,C,*,*,210,3077,463
18481,C,T,*,*,210,3077,464
18482,A,A,*,*,210,3077,465
18483,A,A,*,*,210,3077,466
18484,T,T,*,*,210,3077,467
18485,A,A,*,*,210,3077,468
18486,T,T,*,*,210,3077,469
18487,A,A,*,*,210,3077,470
18488,C,C,*,*,210,3077,471
18489,C,C,*,*,210,3077,472
18490,G,G,*,*,210,3077,473
18491,T,T,*,*,210,3077,474
18492,T,T,*,*,210,3077,475
18493,A,A,*,*,210,3077,476
18494,T,T,*,*,210,3077,477
18495,A,A,*,*,210,3077,478
18496,A,A,*,*,210,3077,479
18497,A,A,*,*,210,3077,480
18498,A,A,*,*,210,3077,481
18499,A,A,*,*,210,3077,482
18500,T,T,*,*,210,3077,483
18501,C,C,*,*,210,3077,484
18502,A,A,*,*,210,3077,485
18503,T,T,*,*,210,3077,486
18504,T,T,*,*,210,3077,487
18505,C,C,*,*,210,3077,488
18506,C,C,*,*,210,3077,489
18507,C,C,*,*,210,3077,490
18508,C,C,*,*,210,3077,491
18509,T,T,*,*,210,3077,492
18510,T,T,*,*,210,3077,493
18511,T,T,*,*,210,3077,494
18512,A,A,*,*,210,3077,495
18513,A,A,*,*,210,3077,496
18514,T,T,*,*,210,3077,497
18515,T,T,*,*,210,3077,498
18516,A,A,*,*,210,3077,499
18517,A,A,*,*,210,3077,500
18518,G,G,*,*,210,3077,501
18519,C,C,*,*,210,3077,502
18520,A,A,*,*,210,3077,503
18521,A,A,*,*,210,3077,504
18522,T,T,*,*,210,3077,505
18523,A,A,*,*,210,3077,506
18524,T,T,*,*,210,3077,507
18525,C,C,*,*,210,3077,508
18526,T,T,*,*,210,3077,509
18527,C,C,*,*,210,3077,510
18528,T,T,*,*,210,3077,511
18529,A,A,*,*,210,3077,512
18530,C,C,*,*,210,3077,513
18531,T,T,*,*,210,3077,514
18532,C,C,*,*,210,3077,515
18533,C,C,*,*,210,3077,516
18534,C,C,*,*,210,3077,517
18535,A,A,*,*,210,3077,518
18536,C,C,*,*,210,3077,519
18539,A,A,*,*,210,3077,520
18540,A,A,*,*,210,3077,521
18541,C,C,*,*,210,3081,522
18542,C,C,*,*,210,3081,523
18543,A,A,*,*,210,3081,524
18544,T,T,*,*,210,3081,525
18545,C,C,*,*,210,3081,526
18546,T,T,*,*,210,3081,527
18547,T,T,*,*,210,3081,528
18548,C,C,*,*,210,3081,529
18549,T,T,*,*,210,3081,530
18550,C,C,*,*,210,3081,531
18551,T,T,*,*,210,3081,532
18552,A,A,*,*,210,3088,533
18553,T,T,*,*,210,3088,534
18554,T,T,*,*,210,3088,535
18555,C,C,*,*,210,3088,536
18556,A,A,*,*,210,3088,537
18557,C,C,*,*,210,3088,538
18558,C,C,*,*,210,3088,539
18559,T,T,*,*,210,3088,540
18560,T,T,*,*,210,3088,541
18561,T,T,*,*,210,3088,542
18562,A,A,*,*,210,3088,543
18563,C,C,*,*,210,3088,544
18564,A,A,*,*,210,3088,545
18565,C,C,*,*,210,3088,546
18566,A,A,*,*,210,3088,547
18567,A,A,*,*,210,3088,548
18568,A,A,*,*,210,3088,549
18569,T,T,*,*,210,3088,550
18570,G,G,*,*,210,3088,551
18571,T,T,*,*,210,3088,552
18572,C,C,*,*,210,3088,553
18573,A,A,*,*,210,3088,554
18574,A,A,*,*,210,3088,555
18575,T,T,*,*,210,3088,556
18576,A,A,*,*,210,3088,557
18577,T,T,*,*,210,3088,558
18578,T,T,*,*,210,3088,559
18579,C,C,*,*,210,3088,560
18580,A,A,*,*,210,3088,561
18581,T,T,*,*,210,3088,562
18582,G,G,*,*,210,3088,563
18583,G,G,*,*,210,3088,564
18584,C,C,*,*,210,3088,565
18585,T,T,*,*,210,3088,566
18586,G,G,*,*,210,3088,567
18587,C,C,*,*,210,3088,568
18588,C,C,*,*,210,3088,569
18589,A,A,*,*,210,3088,570
18590,A,A,*,*,210,3088,571
18591,C,C,*,*,210,3088,572
18592,A,A,*,*,210,3088,573
18593,A,A,*,*,210,3088,574
18594,T,T,*,*,210,3088,575
18595,T,T,*,*,210,3088,576
18596,T,T,*,*,210,3088,577
18597,A,A,*,*,210,3088,578
18598,T,T,*,*,210,3088,579
18599,A,A,*,*,210,3088,580
18600,T,T,*,*,210,3088,581
18601,T,T,*,*,210,3088,582
18602,A,A,*,*,210,3088,583
18603,C,C,*,*,210,3088,584
18604,A,A,*,*,210,3088,585
18605,G,G,*,*,210,3088,586
18606,A,A,*,*,210,3088,587
18607,C,C,*,*,210,3088,588
18608,T,T,*,*,210,3088,589
18609,T,T,*,*,210,3088,590
18610,T,T,*,*,210,3088,591
18613,A,A,*,*,210,3088,592
18614,A,A,*,*,210,3088,593
18615,A,A,*,*,210,3088,594
18616,A,A,*,*,210,3088,595
18617,T,T,*,*,210,3088,596
18618,G,G,*,*,210,3088,597
18619,C,C,*,*,210,3088,598
18620,A,A,*,*,210,3088,599
18621,G,G,*,*,210,3088,600
18622,A,A,*,*,210,3088,601
18623,T,T,*,*,210,3088,602
18624,T,C,*,*,210,3088,603
18625,G,G,*,*,210,3088,604
18626,A,A,*,*,210,3088,605
18627,G,G,*,*,210,3088,606
18628,A,A,*,*,210,3088,607
18629,T,T,*,*,210,3088,608
18630,C,C,*,*,210,3088,609
18631,C,C,*,*,210,3088,610
18632,A,A,*,*,210,3088,611
18633,T,T,*,*,210,3088,612
18634,T,T,*,*,210,3088,613
18635,C,C,*,*,210,3088,614
18636,A,A,*,*,210,3088,615
18637,C,T,*,*,210,3088,616
18638,G,G,*,*,210,3088,617
18639,G,G,*,*,210,3088,618
18640,G,G,*,*,210,3088,619
18641,T,T,*,*,210,3088,620
18642,A,A,*,*,210,3088,621
18643,A,A,*,*,210,3088,622
18644,T,T,*,*,210,3088,623
18645,G,G,*,*,210,3088,624
18647,A,A,*,*,210,3088,625
18648,A,A,*,*,210,3088,626
18649,A,A,*,*,210,3088,627
18650,T,T,*,*,210,3088,628
18651,A,A,*,*,210,3088,629
18652,A,A,*,*,210,3088,630
18653,T,T,*,*,210,3088,631
18654,T,T,*,*,210,3088,632
18655,T,T,*,*,210,3088,633
18656,A,A,*,*,210,3088,634
18657,G,G,*,*,210,3088,635
18658,T,T,*,*,210,3088,636
18659,G,G,*,*,210,3088,637
18660,G,G,*,*,210,3088,638
18661,G,G,*,*,210,3088,639
18662,T,T,*,*,210,3088,640
18663,C,C,*,*,210,3088,641
18664,C,C,*,*,210,3088,642
18665,C,C,*,*,210,3088,643
18666,A,A,*,*,210,3088,644
18667,A,A,*,*,210,3088,645
18668,C,C,*,*,210,3088,646
18669,C,C,*,*,210,3088,647
18670,A,A,*,*,210,3088,648
18671,G,G,*,*,210,3088,649
18672,C,C,*,*,210,3088,650
18673,A,A,*,*,210,3088,651
18674,T,T,*,*,210,3088,652
18675,A,A,*,*,210,3088,653
18676,T,T,*,*,210,3088,654
18677,A,A,*,*,210,3088,655
18678,A,A,*,*,210,3088,656
18679,A,A,*,*,210,3088,657
18680,A,A,*,*,210,3088,658
18681,C,C,*,*,210,3088,659
18682,G,A,*,*,210,3088,660
18683,T,T,*,*,210,3088,661
18684,A,T,*,*,210,3088,662
18685,A,A,*,*,210,3088,663
18686,A,A,*,*,210,3088,664
18687,T,T,*,*,210,3088,665
18688,A,A,*,*,210,3088,666
18689,G,G,*,*,210,3088,667
18690,A,A,*,*,210,3088,668
18691,A,A,*,*,210,3088,669
18692,T,T,*,*,210,3088,670
18693,C,C,*,*,210,3088,671
18694,C,C,*,*,210,3088,672
18695,A,A,*,*,210,3088,673
18696,A,A,*,*,210,3088,674
18697,T,T,*,*,210,3088,675
18698,A,A,*,*,210,3088,676
18699,T,T,*,*,210,3088,677
18700,A,A,*,*,210,3088,678
18701,A,A,*,*,210,3088,679
18702,C,C,*,*,210,3088,680
18703,A,A,*,*,210,3088,681
18704,A,A,*,*,210,3088,682
18705,C,C,*,*,210,3088,683
18706,T,T,*,*,210,3088,684
18707,A,A,*,*,210,3088,685
18708,G,G,*,*,210,3088,686
18709,A,A,*,*,210,3088,687
18710,A,A,*,*,210,3088,688
18711,A,A,*,*,210,3088,689
18712,T,T,*,*,210,3088,690
18713,T,T,*,*,210,3088,691
18714,A,A,*,*,210,3088,692
18715,T,T,*,*,210,3088,693
18716,C,C,*,*,210,3088,694
18717,A,A,*,*,210,3088,695
18718,A,A,*,*,210,3088,696
18719,A,A,*,*,210,3088,697
18720,G,G,*,*,210,3088,698
18721,T,T,*,*,210,3088,699
18722,A,A,*,*,210,3088,700
18723,T,T,*,*,210,3088,701
18725,C,C,*,*,210,3091,702
18726,C,C,*,*,210,3091,703
18727,A,A,*,*,210,3091,704
18728,T,T,*,*,210,3091,705
18729,C,C,*,*,210,3091,706
18730,T,T,*,*,210,3091,707
18731,A,A,*,*,210,3091,708
18732,G,G,*,*,210,3091,709
18733,T,T,*,*,210,3091,710
18734,A,A,*,*,210,3091,711
18735,A,A,*,*,210,3091,712
18736,G,G,*,*,210,3091,713
18737,T,T,*,*,210,3091,714
18738,A,A,*,*,210,3091,715
18739,A,A,*,*,210,3091,716
18740,A,A,*,*,210,3091,717
18741,A,A,*,*,210,3091,718
18742,A,A,*,*,210,3091,719
18743,T,T,*,*,210,3091,720
18744,A,A,*,*,210,3091,721
18745,T,T,*,*,210,3091,722
18746,T,T,*,*,210,3091,723
18747,G,G,*,*,210,3091,724
18748,T,T,*,*,210,3091,725
18749,G,G,*,*,210,3091,726
18750,T,T,*,*,210,3091,727
18751,C,C,*,*,210,3091,728
18752,A,A,*,*,210,3091,729
18753,T,T,*,*,210,3091,730
18755,A,A,*,*,210,3091,731
18756,A,A,*,*,210,3091,732
18757,A,A,*,*,210,3091,733
18758,T,T,*,*,210,3091,734
18759,T,T,*,*,210,3091,735
18760,T,T,*,*,210,3091,736
18761,T,T,*,*,210,3091,737
18762,A,A,*,*,210,3091,738
18763,G,G,*,*,210,3091,739
18764,T,T,*,*,210,3091,740
18765,T,T,*,*,210,3091,741
18766,T,T,*,*,210,3091,742
18767,C,C,*,*,210,3091,743
18768,A,A,*,*,210,3091,744
18769,A,A,*,*,210,3091,745
18770,A,A,*,*,210,3091,746
18771,T,T,*,*,210,3091,747
18772,A,A,*,*,210,3091,748
18773,G,G,*,*,210,3091,749
18774,A,A,*,*,210,3091,750
18775,T,C,*,*,210,3091,751
18776,G,G,*,*,210,3091,752
18777,T,T,*,*,210,3091,753
18778,A,A,*,*,210,3091,754
18779,C,C,*,*,210,3091,755
18780,T,T,*,*,210,3091,756
18781,T,T,*,*,210,3091,757
18782,T,T,*,*,210,3091,758
18783,T,T,*,*,210,3091,759
18784,G,G,*,*,210,3091,760
18785,G,G,*,*,210,3091,761
18786,T,T,*,*,210,3091,762
18787,T,T,*,*,210,3091,763
18788,T,T,*,*,210,3091,764
18789,T,T,*,*,210,3091,765
18790,A,A,*,*,210,3091,766
18791,C,C,*,*,210,3091,767
18792,T,T,*,*,210,3091,768
18793,T,T,*,*,210,3091,769
18794,T,T,*,*,210,3091,770
18795,G,G,*,*,210,3091,771
18796,G,G,*,*,210,3091,772
18797,A,A,*,*,210,3091,773
18798,A,A,*,*,210,3091,774
18799,C,C,*,*,210,3091,775
18800,T,T,*,*,210,3091,776
18801,T,T,*,*,210,3091,777
18802,G,G,*,*,210,3091,778
18803,A,A,*,*,210,3091,779
18804,A,A,*,*,210,3091,780
18805,G,G,*,*,210,3091,781
18806,G,C,*,*,210,3091,782
18807,A,A,*,*,210,3091,783
18808,G,G,*,*,210,3091,784
18809,A,A,*,*,210,3091,785
18810,A,A,*,*,210,3091,786
18811,A,A,*,*,210,3091,787
18812,A,A,*,*,210,3091,788
18813,G,G,*,*,210,3091,789
18814,G,G,*,*,210,3091,790
18815,T,T,*,*,210,3091,791
18816,T,T,*,*,210,3091,792
18817,C,C,*,*,210,3091,793
18818,A,A,*,*,210,3091,794
18819,A,A,*,*,210,3091,795
18820,A,A,*,*,210,3091,796
18821,A,A,*,*,210,3091,797
18822,G,A,*,*,210,3091,798
18823,A,A,*,*,210,3091,799
18824,T,T,*,*,210,3091,800
18825,A,A,*,*,210,3091,801
18826,C,C,*,*,210,3091,802
18827,T,T,*,*,210,3091,803
18828,G,G,*,*,210,3091,804
18829,G,G,*,*,210,3091,805
18830,T,T,*,*,210,3091,806
18831,C,C,*,*,210,3091,807
18832,C,C,*,*,210,3091,808
18833,A,A,*,*,210,3091,809
18834,T,T,*,*,210,3091,810
18835,T,T,*,*,210,3091,811
18836,T,T,*,*,210,3091,812
18837,A,A,*,*,210,3091,813
18838,T,T,*,*,210,3091,814
18839,T,T,*,*,210,3091,815
18840,T,T,*,*,210,3091,816
18841,A,C,*,*,210,3091,817
18842,A,A,*,*,210,3091,818
18843,T,T,*,*,210,3091,819
18844,G,G,*,*,210,3091,820
18845,T,G,*,*,210,3091,821
18846,A,A,*,*,210,3091,822
18847,T,T,*,*,210,3091,823
18848,A,A,*,*,210,3091,824
18849,T,A,*,*,210,3091,825
18850,A,A,*,*,210,3091,826
18851,T,T,*,*,210,3091,827
18852,T,T,*,*,210,3091,828
18853,T,T,*,*,210,3091,829
18854,G,G,*,*,210,3091,830
18855,T,T,*,*,210,3091,831
18856,C,C,*,*,210,3091,832
18857,A,A,*,*,210,3091,833
18858,A,A,*,*,210,3091,834
18859,A,A,*,*,210,3091,835
18860,T,T,*,*,210,3091,836
18861,T,T,*,*,210,3091,837
18862,C,C,*,*,210,3091,838
18863,T,T,*,*,210,3091,839
18864,C,C,*,*,210,3091,840
18865,A,A,*,*,210,3091,841
18866,G,G,*,*,210,3091,842
18867,G,G,*,*,210,3091,843
18868,T,T,*,*,210,3091,844
18869,T,T,*,*,210,3091,845
18870,A,A,*,*,210,3091,846
18871,G,G,*,*,210,3091,847
18872,G,G,*,*,210,3091,848
18873,A,A,*,*,210,3091,849
18874,C,C,*,*,210,3091,850
18875,A,A,*,*,210,3091,851
18876,T,T,*,*,210,3091,852
18877,T,T,*,*,210,3091,853
18878,G,G,*,*,210,3091,854
18879,C,C,*,*,210,3091,855
18880,C,C,*,*,210,3091,856
18881,T,T,*,*,210,3091,857
18882,C,C,*,*,210,3091,858
18883,A,A,*,*,210,3091,859
18884,C,C,*,*,210,3091,860
18885,T,T,*,*,210,3091,861
18886,T,T,*,*,210,3091,862
18887,C,C,*,*,210,3091,863
18888,C,C,*,*,210,3091,864
18889,C,C,*,*,210,3091,865
18890,T,T,*,*,210,3091,866
18891,G,G,*,*,210,3091,867
18892,G,G,*,*,210,3091,868
18893,G,G,*,*,210,3091,869
18894,T,T,*,*,210,3091,870
18895,T,T,*,*,210,3091,871
18896,T,T,*,*,210,3091,872
18897,C,C,*,*,210,3091,873
18898,A,A,*,*,210,3091,874
18899,G,G,*,*,210,3091,875
18900,A,A,*,*,210,3091,876
18901,A,A,*,*,210,3091,877
18902,C,C,*,*,210,3091,878
18903,T,T,*,*,210,3091,879
18904,T,T,*,*,210,3091,880
18905,C,C,*,*,210,3091,881
18906,A,A,*,*,210,3091,882
18907,A,A,*,*,210,3091,883
18908,T,T,*,*,210,3091,884
18909,A,A,*,*,210,3091,885
18910,C,C,*,*,210,3091,886
18911,T,T,*,*,210,3091,887
18912,C,C,*,*,210,3091,888
18913,A,A,*,*,210,3091,889
18914,G,G,*,*,210,3091,890
18915,C,C,*,*,210,3091,891
18916,C,C,*,*,210,3091,892
18917,T,T,*,*,210,3091,893
18918,C,C,*,*,210,3091,894
18919,A,A,*,*,210,3091,895
18920,T,T,*,*,210,3091,896
18921,T,T,*,*,210,3091,897
18922,T,T,*,*,210,3091,898
18923,G,G,*,*,210,3091,899
18924,C,C,*,*,210,3091,900
18925,A,A,*,*,210,3091,901
18926,G,G,*,*,210,3091,902
18927,C,C,*,*,210,3091,903
18928,T,T,*,*,210,3091,904
18929,G,G,*,*,210,3091,905
18930,G,G,*,*,210,3091,906
18931,A,A,*,*,210,3091,907
18932,A,A,*,*,210,3091,908
18933,T,T,*,*,210,3091,909
18934,G,G,*,*,210,3091,910
18935,C,C,*,*,210,3091,911
18936,A,A,*,*,210,3091,912
18937,G,G,*,*,210,3091,913
18938,A,A,*,*,210,3091,914
18939,T,T,*,*,210,3095,915
18940,C,A,*,*,210,3095,916
18941,T,T,*,*,210,3095,917
18942,G,G,*,*,210,3095,918
18943,T,T,*,*,210,3095,919
18944,A,A,*,*,210,3095,920
18945,A,A,*,*,210,3095,921
18946,C,C,*,*,210,3095,922
18947,C,C,*,*,210,3095,923
18948,T,T,*,*,210,3096,924
18949,A,A,*,*,210,3096,925
18950,G,G,*,*,210,3096,926
18951,G,G,*,*,210,3096,927
18952,C,C,*,*,210,3096,928
18953,T,T,*,*,210,3096,929
18954,T,T,*,*,210,3096,930
18955,C,C,*,*,210,3096,931
18956,A,A,*,*,210,3096,932
18957,C,C,*,*,210,3096,933
18958,C,C,*,*,210,3096,934
18959,A,A,*,*,210,3096,935
18960,A,A,*,*,210,3096,936
18961,T,T,*,*,210,3096,937
18962,G,G,*,*,210,3096,938
18963,A,A,*,*,210,3096,939
18964,G,G,*,*,210,3096,940
18965,T,T,*,*,210,3096,941
18966,C,C,*,*,210,3096,942
18967,A,A,*,*,210,3096,943
18968,C,C,*,*,210,3096,944
18969,A,A,*,*,210,3096,945
18970,G,G,*,*,210,3096,946
18971,G,G,*,*,210,3096,947
18972,T,T,*,*,210,3096,948
18973,T,T,*,*,210,3096,949
18974,T,T,*,*,210,3096,950
18975,A,A,*,*,210,3096,951
18976,A,A,*,*,210,3096,952
18977,A,A,*,*,210,3096,953
18978,A,A,*,*,210,3096,954
18979,G,G,*,*,210,3096,955
18980,A,A,*,*,210,3096,956
18981,C,C,*,*,210,3096,957
18982,T,T,*,*,210,3096,958
18983,T,T,*,*,210,3096,959
18984,A,C,*,*,210,3096,960
18985,T,T,*,*,210,3096,961
18986,C,C,*,*,210,3096,962
18987,T,T,*,*,210,3096,963
18988,T,T,*,*,210,3096,964
18989,C,C,*,*,210,3096,965
18990,A,A,*,*,210,3096,966
18991,A,G,*,*,210,3096,967
18992,A,A,*,*,210,3096,968
18993,A,A,*,*,210,3096,969
18994,A,A,*,*,210,3096,970
18995,T,T,*,*,210,3096,971
18996,G,G,*,*,210,3096,972
18997,G,G,*,*,210,3096,973
18998,G,G,*,*,210,3096,974
18999,A,A,*,*,210,3096,975
19000,C,C,*,*,210,3096,976
19001,C,C,*,*,210,3096,977
19002,C,C,*,*,210,3096,978
19003,A,A,*,*,210,3096,979
19004,G,G,*,*,210,3096,980
19005,G,G,*,*,210,3096,981
19006,A,A,*,*,210,3096,982
19007,G,G,*,*,210,3096,983
19008,A,A,*,*,210,3096,984
19009,G,G,*,*,210,3096,985
19010,A,A,*,*,210,3096,986
19011,A,A,*,*,210,3096,987
19012,G,G,*,*,210,3096,988
19013,A,A,*,*,210,3096,989
19014,G,G,*,*,210,3096,990
19015,A,A,*,*,210,3096,991
19016,C,C,*,*,210,3098,992
19017,T,T,*,*,210,3098,993
19018,G,G,*,*,210,3098,994
19019,C,C,*,*,210,3098,995
19020,C,C,*,*,210,3098,996
19021,T,T,*,*,210,3098,997
19022,A,A,*,*,210,3098,998
19023,A,A,*,*,210,3098,999
19024,A,A,*,*,210,3098,1000
19025,G,G,*,*,210,3098,1001
19026,C,C,*,*,210,3098,1002
19027,C,T,*,*,210,3098,1003
19028,T,T,*,*,210,3098,1004
19029,C,C,*,*,210,3098,1005
19030,T,T,*,*,210,3098,1006
19031,G,G,*,*,210,3098,1007
19032,T,T,*,*,210,3098,1008
19033,T,T,*,*,210,3098,1009
19034,T,T,*,*,210,3098,1010
19035,C,C,*,*,210,3098,1011
19036,T,T,*,*,210,3098,1012
19037,G,G,*,*,210,3098,1013
19038,C,C,*,*,210,3098,1014
19039,T,T,*,*,210,3098,1015
19040,G,G,*,*,210,3098,1016
19041,T,T,*,*,210,3098,1017
19042,G,G,*,*,210,3098,1018
19043,A,A,*,*,210,3098,1019
19044,C,C,*,*,210,3098,1020
19045,A,A,*,*,210,3101,1021
19046,G,G,*,*,210,3101,1022
19047,A,A,*,*,210,3101,1023
19048,T,T,*,*,210,3101,1024
19049,G,G,*,*,210,3101,1025
19050,T,T,*,*,210,3101,1026
19051,C,C,*,*,210,3101,1027
19052,A,A,*,*,210,3101,1028
19053,G,G,*,*,210,3101,1029
19054,A,A,*,*,210,3101,1030
19055,T,T,*,*,210,3101,1031
19056,G,G,*,*,210,3101,1032
19057,G,G,*,*,210,3101,1033
19058,G,G,*,*,210,3101,1034
19059,C,C,*,*,210,3101,1035
19060,C,C,*,*,210,3101,1036
19061,A,A,*,*,210,3101,1037
19062,A,A,*,*,210,3101,1038
19063,C,C,*,*,210,3103,1039
19064,T,T,*,*,210,3103,1040
19065,T,T,*,*,210,3103,1041
19066,T,T,*,*,210,3103,1042
19067,T,T,*,*,210,3103,1043
19068,G,G,*,*,210,3103,1044
19069,G,G,*,*,210,3103,1045
19070,T,C,*,*,210,3103,1046
19071,A,A,*,*,210,3103,1047
19072,G,G,*,*,210,3103,1048
19073,T,T,*,*,210,3103,1049
19074,A,A,*,*,210,3103,1050
19075,G,G,*,*,210,3103,1051
19076,C,C,*,*,210,3103,1052
19077,A,A,*,*,210,3103,1053
19078,G,G,*,*,210,3103,1054
19079,C,C,*,*,210,3103,1055
19080,A,A,*,*,210,3103,1056
19081,G,G,*,*,210,3103,1057
19082,C,C,*,*,210,3103,1058
19083,C,C,*,*,210,3103,1059
19084,A,A,*,*,210,3103,1060
19085,T,T,*,*,210,3103,1061
19086,A,A,*,*,210,3103,1062
19087,G,G,*,*,210,3103,1063
19088,G,G,*,*,210,3103,1064
19089,T,T,*,*,210,3103,1065
19090,T,T,*,*,210,3103,1066
19091,A,A,*,*,210,3103,1067
19092,C,C,*,*,210,3103,1068
19093,A,A,*,*,210,3103,1069
19094,G,G,*,*,210,3103,1070
19095,G,G,*,*,210,3103,1071
19096,T,T,*,*,210,3103,1072
19097,G,G,*,*,210,3104,1073
19098,A,A,*,*,210,3104,1074
19099,G,G,*,*,210,3104,1075
19100,T,T,*,*,210,3104,1076
19101,C,C,*,*,210,3104,1077
19102,A,A,*,*,210,3104,1078
19103,A,A,*,*,210,3104,1079
19104,G,G,*,*,210,3104,1080
19105,T,T,*,*,210,3104,1081
19106,T,T,*,*,210,3104,1082
19107,C,C,*,*,210,3104,1083
19108,T,T,*,*,210,3104,1084
19109,G,G,*,*,210,3104,1085
19110,A,A,*,*,210,3104,1086
19111,T,T,*,*,210,3104,1087
19112,T,T,*,*,210,3104,1088
19113,C,C,*,*,210,3104,1089
19114,A,A,*,*,210,3104,1090
19115,G,G,*,*,210,3104,1091
19116,A,A,*,*,210,3104,1092
19117,A,A,*,*,210,3104,1093
19118,A,G,*,*,210,3104,1094
19119,T,T,*,*,210,3104,1095
19120,A,A,*,*,210,3104,1096
19121,A,A,*,*,210,3104,1097
19122,C,C,*,*,210,3104,1098
19123,A,A,*,*,210,3104,1099
19124,G,G,*,*,210,3104,1100
19125,G,G,*,*,210,3104,1101
19126,T,T,*,*,210,3104,1102
19127,G,G,*,*,210,3104,1103
19128,T,T,*,*,210,3104,1104
19129,G,G,*,*,210,3104,1105
19130,A,A,*,*,210,3104,1106
19131,C,C,*,*,210,3104,1107
19132,A,A,*,*,210,3104,1108
19133,C,C,*,*,210,3104,1109
19134,A,A,*,*,210,3104,1110
19135,C,C,*,*,210,3104,1111
19136,C,C,*,*,210,3104,1112
19137,A,A,*,*,210,3104,1113
19138,G,G,*,*,210,3104,1114
19139,C,C,*,*,210,3104,1115
19140,A,A,*,*,210,3104,1116
19141,C,C,*,*,210,3104,1117
19142,C,C,*,*,210,3104,1118
19143,T,T,*,*,210,3104,1119
19144,G,G,*,*,210,3104,1120
19145,A,A,*,*,210,3104,1121
19146,C,C,*,*,210,3104,1122
19149,G,G,*,*,210,3104,1123
19150,T,T,*,*,210,3104,1124
19151,T,T,*,*,210,3104,1125
19152,C,C,*,*,210,3104,1126
19153,T,T,*,*,210,3104,1127
19154,G,G,*,*,210,3104,1128
19155,C,C,*,*,210,3104,1129
19156,A,A,*,*,210,3104,1130
19157,G,G,*,*,210,3104,1131
19158,C,C,*,*,210,3104,1132
19159,A,A,*,*,210,3104,1133
19160,C,C,*,*,210,3104,1134
19161,A,A,*,*,210,3104,1135
19162,G,G,*,*,210,3104,1136
19163,C,C,*,*,210,3104,1137
19164,T,T,*,*,210,3104,1138
19165,T,T,*,*,210,3104,1139
19166,T,T,*,*,210,3104,1140
19167,G,G,*,*,210,3104,1141
19168,G,G,*,*,210,3104,1142
19169,A,A,*,*,210,3104,1143
19170,G,G,*,*,210,3104,1144
19171,T,T,*,*,210,3104,1145
19172,T,T,*,*,210,3104,1146
19173,T,T,*,*,210,3104,1147
19174,G,G,*,*,210,3104,1148
19175,T,T,*,*,210,3104,1149
19176,C,C,*,*,210,3104,1150
19177,C,C,*,*,210,3104,1151
19178,C,C,*,*,210,3104,1152
19179,T,T,*,*,210,3104,1153
19180,G,G,*,*,210,3104,1154
19181,G,G,*,*,210,3104,1155
19182,G,A,*,*,210,3104,1156
19183,A,A,*,*,210,3104,1157
19184,G,G,*,*,210,3104,1158
19185,T,T,*,*,210,3104,1159
19186,G,G,*,*,210,3104,1160
19187,T,T,*,*,210,3104,1161
19188,C,C,*,*,210,3104,1162
19189,A,A,*,*,210,3104,1163
19190,T,T,*,*,210,3104,1164
19191,C,C,*,*,210,3104,1165
19192,A,A,*,*,210,3104,1166
19193,G,G,*,*,210,3104,1167
19194,G,G,*,*,210,3104,1168
19195,C,C,*,*,210,3104,1169
19196,G,G,*,*,210,3104,1170
19197,T,T,*,*,210,3104,1171
19198,G,G,*,*,210,3104,1172
19199,G,G,*,*,210,3104,1173
19200,T,T,*,*,210,3109,1174
19201,T,T,*,*,210,3109,1175
19202,C,C,*,*,210,3109,1176
19203,T,T,*,*,210,3109,1177
19204,A,A,*,*,210,3109,1178
19205,C,T,*,*,210,3109,1179
19206,A,A,*,*,210,3109,1180
19207,G,G,*,*,210,3109,1181
19208,C,C,*,*,210,3109,1182
19209,C,A,*,*,210,3109,1183
19210,C,C,*,*,210,3109,1184
19211,T,T,*,*,210,3109,1185
19212,C,C,*,*,210,3109,1186
19213,C,C,*,*,210,3109,1187
19214,C,C,*,*,210,3109,1188
19215,A,A,*,*,210,3109,1189
19216,A,A,*,*,210,3109,1190
19217,G,G,*,*,210,3109,1191
19218,A,A,*,*,210,3109,1192
19219,A,A,*,*,210,3109,1193
19220,T,T,*,*,210,3109,1194
19221,G,G,*,*,210,3109,1195
19222,C,C,*,*,210,3109,1196
19223,T,T,*,*,210,3109,1197
19224,A,A,*,*,210,3109,1198
19225,A,T,*,*,210,3109,1199
19226,T,T,*,*,210,3109,1200
19227,A,A,*,*,210,3109,1201
19228,T,T,*,*,210,3109,1202
19229,C,C,*,*,210,3109,1203
19230,T,T,*,*,210,3109,1204
19231,A,A,*,*,210,3109,1205
19232,T,T,*,*,210,3109,1206
19233,T,T,*,*,210,3109,1207
19234,C,C,*,*,210,3109,1208
19235,A,A,*,*,210,3109,1209
19236,A,C,*,*,210,3109,1210
19237,T,T,*,*,210,3109,1211
19238,A,A,*,*,210,3109,1212
19239,T,T,*,*,210,3109,1213
19240,C,C,*,*,210,3109,1214
19241,C,C,*,*,210,3109,1215
19242,C,C,*,*,210,3109,1216
19243,T,T,*,*,210,3109,1217
19244,T,T,*,*,210,3109,1218
19245,T,T,*,*,210,3110,1219
19246,A,A,*,*,210,3110,1220
19247,A,A,*,*,210,3110,1221
19248,A,A,*,*,210,3110,1222
19249,C,C,*,*,210,3110,1223
19250,A,A,*,*,210,3110,1224
19251,T,T,*,*,210,3110,1225
19252,C,C,*,*,210,3110,1226
19253,A,A,*,*,210,3110,1227
19254,C,C,*,*,210,3110,1228
19255,A,A,*,*,210,3110,1229
19256,G,G,*,*,210,3110,1230
19257,T,T,*,*,210,3110,1231
19258,T,T,*,*,210,3110,1232
19259,A,A,*,*,210,3110,1233
19260,A,A,*,*,210,3110,1234
19261,T,T,*,*,210,3110,1235
19262,G,G,*,*,210,3110,1236
19263,T,T,*,*,210,3110,1237
19264,G,G,*,*,210,3110,1238
19265,C,C,*,*,210,3110,1239
19266,G,G,*,*,210,3110,1240
19267,A,A,*,*,210,3110,1241
19268,T,T,*,*,210,3110,1242
19269,T,T,*,*,210,3110,1243
19270,A,A,*,*,210,3111,1244
19271,C,C,*,*,210,3114,1245
19272,C,C,*,*,210,3114,1246
19273,A,A,*,*,210,3114,1247
19274,G,G,*,*,210,3114,1248
19275,T,T,*,*,210,3114,1249
19276,C,C,*,*,210,3114,1250
19277,A,A,*,*,210,3114,1251
19278,G,G,*,*,210,3114,1252
19279,C,C,*,*,210,3114,1253
19280,T,T,*,*,210,3123,1254
19281,G,G,*,*,210,3123,1255
19282,G,G,*,*,210,3123,1256
19283,C,C,*,*,210,3123,1257
19284,A,A,*,*,210,3123,1258
19285,A,A,*,*,210,3123,1259
19286,C,C,*,*,210,3123,1260
19287,T,T,*,*,210,3123,1261
19288,A,A,*,*,210,3123,1262
19289,A,A,*,*,210,3123,1263
19290,G,G,*,*,210,3123,1264
19291,A,A,*,*,210,3123,1265
19292,A,A,*,*,210,3123,1266
19293,T,T,*,*,210,3123,1267
19294,T,T,*,*,210,3123,1268
19295,T,T,*,*,210,3123,1269
19298,A,A,*,*,210,3123,1270
19299,G,G,*,*,210,3123,1271
19300,T,T,*,*,210,3128,1272
19301,T,T,*,*,210,3128,1273
19302,T,T,*,*,210,3128,1274
19303,C,C,*,*,210,3128,1275
19304,A,A,*,*,210,3128,1276
19305,A,A,*,*,210,3128,1277
19306,A,A,*,*,210,3128,1278
19307,C,C,*,*,210,3128,1279
19308,A,A,*,*,210,3128,1280
19309,A,A,*,*,210,3128,1281
19310,A,A,*,*,210,3128,1282
19311,A,A,*,*,210,3128,1283
19312,A,A,*,*,210,3128,1284
19313,G,G,*,*,210,3128,1285
19314,G,G,*,*,210,3128,1286
19315,G,G,*,*,210,3128,1287
19316,T,T,*,*,210,3128,1288
19317,T,T,*,*,210,3128,1289
19318,T,T,*,*,210,3128,1290
19319,T,T,*,*,210,3128,1291
19320,A,A,*,*,210,3128,1292
19321,A,A,*,*,210,3128,1293
19322,C,C,*,*,210,3128,1294
19323,T,T,*,*,210,3128,1295
19324,A,A,*,*,210,3128,1296
19325,T,T,*,*,210,3128,1297
19326,T,T,*,*,210,3128,1298
19327,T,T,*,*,210,3128,1299
19328,T,G,*,*,210,3128,1300
19329,C,C,*,*,210,3128,1301
19330,T,T,*,*,210,3128,1302
19331,A,A,*,*,210,3128,1303
19332,A,A,*,*,210,3128,1304
19333,T,T,*,*,210,3128,1305
19334,G,G,*,*,210,3128,1306
19335,G,G,*,*,210,3128,1307
19336,A,A,*,*,210,3128,1308
19337,C,G,*,*,210,3128,1309
19338,T,T,*,*,210,3128,1310
19339,T,T,*,*,210,3128,1311
19340,T,T,*,*,210,3128,1312
19341,T,T,*,*,210,3128,1313
19342,G,G,*,*,210,3128,1314
19343,T,T,*,*,210,3128,1315
19344,G,G,*,*,210,3128,1316
19345,T,T,*,*,210,3128,1317
19346,A,A,*,*,210,3128,1318
19347,T,T,*,*,210,3128,1319
19348,T,T,*,*,210,3128,1320
19349,T,T,*,*,210,3128,1321
19350,T,T,*,*,210,3128,1322
19351,A,A,*,*,210,3128,1323
19352,G,G,*,*,210,3128,1324
19353,G,G,*,*,210,3128,1325
19354,A,A,*,*,210,3128,1326
19355,A,A,*,*,210,3128,1327
19356,T,T,*,*,210,3128,1328
19357,T,T,*,*,210,3128,1329
19358,C,C,*,*,210,3128,1330
19359,G,G,*,*,210,3128,1331
19360,G,G,*,*,210,3128,1332
19361,A,A,*,*,210,3128,1333
19362,G,G,*,*,210,3128,1334
19363,T,T,*,*,210,3128,1335
19364,C,C,*,*,210,3128,1336
19365,G,A,*,*,210,3128,1337
19366,T,T,*,*,210,3128,1338
19367,T,T,*,*,210,3128,1339
19368,T,T,*,*,210,3128,1340
19369,T,T,*,*,210,3128,1341
19370,A,A,*,*,210,3128,1342
19371,C,C,*,*,210,3128,1343
19372,A,A,*,*,210,3128,1344
19373,A,A,*,*,210,3128,1345
19374,C,C,*,*,210,3128,1346
19375,A,A,*,*,210,3128,1347
19376,C,C,*,*,210,3128,1348
19377,T,T,*,*,210,3128,1349
19378,A,A,*,*,210,3128,1350
19379,T,T,*,*,210,3131,1351
19380,T,T,*,*,210,3131,1352
19381,A,A,*,*,210,3131,1353
19382,A,A,*,*,210,3131,1354
19383,A,A,*,*,210,3131,1355
19384,A,A,*,*,210,3131,1356
19385,G,G,*,*,210,3131,1357
19386,G,G,*,*,210,3131,1358
19387,T,T,*,*,210,3131,1359
19388,T,T,*,*,210,3131,1360
19389,T,T,*,*,210,3131,1361
19390,T,T,*,*,210,3131,1362
19391,A,A,*,*,210,3131,1363
19392,T,T,*,*,210,3131,1364
19393,G,G,*,*,210,3131,1365
19394,C,C,*,*,210,3131,1366
19395,C,C,*,*,210,3131,1367
19396,T,T,*,*,210,3131,1368
19397,T,T,*,*,210,3131,1369
19398,A,A,*,*,210,3132,1370
19399,C,C,*,*,210,3132,1371
19400,T,T,*,*,210,3132,1372
19401,A,A,*,*,210,3132,1373
19402,T,T,*,*,210,3132,1374
19403,A,A,*,*,210,3132,1375
19404,C,C,*,*,210,3132,1376
19405,T,T,*,*,210,3132,1377
19406,T,T,*,*,210,3132,1378
19407,C,C,*,*,210,3132,1379
19408,T,T,*,*,210,3132,1380
19409,G,G,*,*,210,3132,1381
19410,G,G,*,*,210,3132,1382
19411,T,T,*,*,210,3132,1383
19412,A,A,*,*,210,3132,1384
19413,G,G,*,*,210,3132,1385
19414,C,C,*,*,210,3133,1386
19415,A,A,*,*,210,3133,1387
19416,A,A,*,*,210,3133,1388
19417,T,T,*,*,210,3133,1389
19418,A,A,*,*,210,3133,1390
19419,A,A,*,*,210,3133,1391
19420,T,T,*,*,210,3133,1392
19421,G,A,*,*,210,3133,1393
19422,C,C,*,*,210,3133,1394
19423,C,C,*,*,210,3133,1395
19424,T,T,*,*,210,3133,1396
19425,C,T,*,*,210,3133,1397
19426,C,C,*,*,210,3137,1398
19427,C,C,*,*,210,3137,1399
19428,C,C,*,*,210,3137,1400
19429,C,C,*,*,210,3137,1401
19430,C,G,*,*,210,3137,1402
19431,C,C,*,*,210,3137,1403
19432,A,A,*,*,210,3137,1404
19433,G,G,*,*,210,3137,1405
19434,A,A,*,*,210,3138,1406
19435,T,C,*,*,210,3138,1407
19436,G,A,*,*,210,3138,1408
19437,C,C,*,*,210,3138,1409
19438,C,A,*,*,210,3138,1410
19439,C,C,*,*,210,3138,1411
19440,G,G,*,*,210,3138,1412
19441,C,C,*,*,210,3138,1413
19442,A,A,*,*,210,3138,1414
19443,T,T,*,*,210,3138,1415
19444,C,C,*,*,210,3138,1416
19445,T,T,*,*,210,3138,1417
19446,T,T,*,*,210,3138,1418
19447,A,A,*,*,210,3138,1419
19448,A,A,*,*,210,3138,1420
19449,T,T,*,*,210,3138,1421
19450,C,C,*,*,210,3139,1422
19451,C,C,*,*,210,3139,1423
19452,C,C,*,*,210,3140,1424
19453,A,A,*,*,210,3140,1425
19454,A,A,*,*,210,3140,1426
19455,A,A,*,*,210,3140,1427
19456,A,A,*,*,210,3140,1428
19457,G,G,*,*,210,3140,1429
19458,C,C,*,*,210,3140,1430
19459,T,T,*,*,210,3140,1431
19460,G,G,*,*,210,3140,1432
19461,C,C,*,*,210,3140,1433
19462,G,G,*,*,210,3140,1434
19463,A,A,*,*,210,3140,1435
19464,A,A,*,*,210,3140,1436
19465,T,T,*,*,210,3140,1437
19466,A,A,*,*,210,3140,1438
19467,T,T,*,*,210,3140,1439
19468,G,G,*,*,210,3140,1440
19469,T,T,*,*,210,3140,1441
19470,T,T,*,*,210,3140,1442
19471,T,T,*,*,210,3140,1443
19472,C,C,*,*,210,3140,1444
19473,C,C,*,*,210,3140,1445
19474,T,T,*,*,210,3140,1446
19475,T,T,*,*,210,3140,1447
19476,A,A,*,*,210,3140,1448
19477,A,A,*,*,210,3140,1449
19478,A,A,*,*,210,3140,1450
19479,T,T,*,*,210,3140,1451
19480,G,G,*,*,210,3140,1452
19481,G,G,*,*,210,3140,1453
19482,T,T,*,*,210,3140,1454
19483,A,A,*,*,210,3140,1455
19484,A,A,*,*,210,3140,1456
19485,A,A,*,*,210,3140,1457
19486,A,A,*,*,210,3140,1458
19487,G,G,*,*,210,3140,1459
19488,T,T,*,*,210,3140,1460
19489,A,A,*,*,210,3140,1461
19490,A,A,*,*,210,3140,1462
19491,C,C,*,*,210,3140,1463
19492,T,T,*,*,210,3140,1464
19493,T,T,*,*,210,3140,1465
19494,T,T,*,*,210,3140,1466
19495,C,C,*,*,210,3140,1467
19496,C,C,*,*,210,3140,1468
19497,A,A,*,*,210,3141,1469
19498,A,A,*,*,210,3141,1470
19499,T,T,*,*,210,3141,1471
19500,G,G,*,*,210,3141,1472
19501,T,G,*,*,210,3141,1473
19502,T,T,*,*,210,3141,1474
19503,A,A,*,*,210,3141,1475
19504,T,T,*,*,210,3141,1476
19505,T,T,*,*,210,3141,1477
19506,A,A,*,*,210,3141,1478
19507,A,A,*,*,210,3141,1479
19508,A,A,*,*,210,3141,1480
19509,T,T,*,*,210,3141,1481
19510,T,T,*,*,210,3146,1482
19511,A,A,*,*,210,3146,1483
19512,A,A,*,*,210,3146,1484
19513,G,G,*,*,210,3146,1485
19514,G,G,*,*,210,3146,1486
19515,C,C,*,*,210,3146,1487
19516,T,T,*,*,210,3146,1488
19517,T,T,*,*,210,3146,1489
19518,T,T,*,*,210,3146,1490
19519,T,T,*,*,210,3146,1491
19520,G,G,*,*,210,3146,1492
19521,A,A,*,*,210,3146,1493
19522,G,G,*,*,210,3146,1494
19523,A,A,*,*,210,3146,1495
19524,T,T,*,*,210,3146,1496
19525,T,T,*,*,210,3146,1497
19526,G,G,*,*,210,3149,1498
19527,G,G,*,*,210,3149,1499
19528,A,A,*,*,210,3152,1500
19529,T,T,*,*,210,3152,1501
19530,G,G,*,*,210,3152,1502
19531,A,A,*,*,210,3152,1503
19532,T,T,*,*,210,3152,1504
19533,T,T,*,*,210,3152,1505
19534,C,C,*,*,210,3152,1506
19535,T,T,*,*,210,3152,1507
19536,G,G,*,*,210,3152,1508
19537,G,G,*,*,210,3152,1509
19538,A,A,*,*,210,3152,1510
19539,T,T,*,*,210,3152,1511
19540,T,T,*,*,210,3152,1512
19541,A,A,*,*,210,3152,1513
19542,C,C,*,*,210,3152,1514
19543,C,C,*,*,210,3152,1515
19544,T,T,*,*,210,3152,1516
19545,G,G,*,*,210,3152,1517
19546,A,A,*,*,210,3152,1518
19547,G,G,*,*,210,3152,1519
19548,T,T,*,*,210,3152,1520
19549,G,G,*,*,210,3152,1521
19550,G,G,*,*,210,3152,1522
19551,T,T,*,*,210,3152,1523
19552,G,G,*,*,210,3152,1524
19553,C,C,*,*,210,3152,1525
19554,C,C,*,*,210,3152,1526
19555,A,A,*,*,210,3152,1527
19557,T,T,*,*,210,3152,1528
19558,G,G,*,*,210,3152,1529
19559,T,T,*,*,210,3152,1530
19560,A,A,*,*,210,3152,1531
19561,A,A,*,*,210,3152,1532
19562,T,T,*,*,210,3152,1533
19563,C,C,*,*,210,3152,1534
19564,A,A,*,*,210,3152,1535
19565,C,C,*,*,210,3152,1536
19566,A,A,*,*,210,3152,1537
19567,A,A,*,*,210,3152,1538
19568,G,G,*,*,210,3152,1539
19569,G,G,*,*,210,3152,1540
19570,A,A,*,*,210,3152,1541
19571,T,T,*,*,210,3152,1542
19572,C,C,*,*,210,3152,1543
19573,C,C,*,*,210,3152,1544
19574,T,T,*,*,210,3152,1545
19575,T,T,*,*,210,3152,1546
19576,A,A,*,*,210,3152,1547
19577,T,T,*,*,210,3152,1548
19578,A,A,*,*,210,3152,1549
19579,A,A,*,*,210,3152,1550
19580,G,G,*,*,210,3152,1551
19581,T,T,*,*,210,3152,1552
19582,A,A,*,*,210,3152,1553
19583,G,G,*,*,210,3152,1554
19584,A,A,*,*,210,3152,1555
19585,A,A,*,*,210,3152,1556
19586,G,G,*,*,210,3152,1557
19587,C,C,*,*,210,3152,1558
19588,G,C,*,*,210,3152,1559
19589,A,A,*,*,210,3152,1560
19590,G,G,*,*,210,3152,1561
19591,G,G,*,*,210,3152,1562
19592,A,A,*,*,210,3152,1563
19593,G,G,*,*,210,3152,1564
19594,A,A,*,*,210,3152,1565
19595,G,G,*,*,210,3152,1566
19596,T,T,*,*,210,3152,1567
19597,C,C,*,*,210,3152,1568
19598,A,A,*,*,210,3152,1569
19599,G,G,*,*,210,3152,1570
19600,A,A,*,*,210,3152,1571
19601,G,G,*,*,210,3152,1572
19602,T,T,*,*,210,3152,1573
19603,C,C,*,*,210,3152,1574
19604,A,A,*,*,210,3157,1575
19605,G,G,*,*,210,3157,1576
19606,A,A,*,*,210,3157,1577
19607,G,G,*,*,210,3157,1578
19608,A,A,*,*,210,3157,1579
19609,A,A,*,*,210,3157,1580
19610,G,G,*,*,210,3157,1581
19611,T,T,*,*,210,3157,1582
19612,G,G,*,*,210,3157,1583
19613,A,A,*,*,210,3157,1584
19614,T,T,*,*,210,3157,1585
19615,A,A,*,*,210,3157,1586
19616,A,A,*,*,210,3157,1587
19617,G,G,*,*,210,3157,1588
19618,G,G,*,*,210,3157,1589
19619,G,G,*,*,210,3157,1590
19620,T,C,*,*,210,3157,1591
19621,A,A,*,*,210,3157,1592
19622,A,A,*,*,210,3157,1593
19623,T,T,*,*,210,3157,1594
19624,G,G,*,*,210,3157,1595
19625,G,G,*,*,210,3157,1596
19626,A,A,*,*,210,3157,1597
19627,G,T,*,*,210,3157,1598
19628,T,T,*,*,210,3159,1599
19629,G,G,*,*,210,3159,1600
19630,T,T,*,*,210,3159,1601
19631,G,G,*,*,210,3159,1602
19632,A,A,*,*,210,3159,1603
19633,T,T,*,*,210,3159,1604
19634,G,G,*,*,210,3159,1605
19635,C,C,*,*,210,3159,1606
19636,C,A,*,*,210,3159,1607
19637,T,C,*,*,210,3159,1608
19638,T,T,*,*,210,3159,1609
19639,T,T,*,*,210,3159,1610
19640,T,T,*,*,210,3159,1611
19641,G,G,*,*,210,3159,1612
19642,T,G,*,*,210,3159,1613
19643,A,A,*,*,210,3159,1614
19644,A,A,*,*,210,3159,1615
19645,A,A,*,*,210,3159,1616
19646,C,C,*,*,210,3159,1617
19647,A,A,*,*,210,3159,1618
19648,G,G,*,*,210,3159,1619
19649,A,A,*,*,210,3159,1620
19650,G,G,*,*,210,3159,1621
19651,G,G,*,*,210,3159,1622
19652,A,A,*,*,210,3159,1623
19653,A,A,*,*,210,3159,1624
19654,G,G,*,*,210,3159,1625
19655,G,G,*,*,210,3159,1626
19656,G,G,*,*,210,3159,1627
19657,G,G,*,*,210,3159,1628
19658,C,C,*,*,210,3159,1629
19659,C,C,*,*,210,3159,1630
19660,A,A,*,*,210,3159,1631
19661,C,C,*,*,210,3159,1632
19662,A,A,*,*,210,3159,1633
19663,C,C,*,*,210,3159,1634
19664,T,T,*,*,210,3159,1635
19665,A,G,*,*,210,3159,1636
19666,G,G,*,*,210,3159,1637
19667,T,T,*,*,210,3159,1638
19668,T,T,*,*,210,3159,1639
19669,G,T,*,*,210,3159,1640
19670,C,C,*,*,210,3159,1641
19671,C,C,*,*,210,3159,1642
19672,C,C,*,*,210,3159,1643
19673,T,T,*,*,210,3159,1644
19674,T,T,*,*,210,3159,1645
19675,T,T,*,*,210,3159,1646
19676,G,G,*,*,210,3159,1647
19677,T,T,*,*,210,3159,1648
19678,T,T,*,*,210,3159,1649
19679,T,T,*,*,210,3159,1650
19680,C,C,*,*,210,3159,1651
19681,C,C,*,*,210,3159,1652
19682,T,T,*,*,210,3159,1653
19683,G,G,*,*,210,3159,1654
19684,A,A,*,*,210,3159,1655
19685,A,A,*,*,210,3159,1656
19686,A,A,*,*,210,3159,1657
19687,C,C,*,*,210,3159,1658
19688,A,A,*,*,210,3159,1659
19689,C,C,*,*,210,3159,1660
19690,A,A,*,*,210,3159,1661
19691,T,T,*,*,210,3159,1662
19692,A,A,*,*,210,3159,1663
19693,A,A,*,*,210,3159,1664
19694,A,A,*,*,210,3159,1665
19695,G,T,*,*,210,3159,1666
19696,C,C,*,*,210,3159,1667
19697,T,T,*,*,210,3159,1668
19698,T,T,*,*,210,3159,1669
19699,T,T,*,*,210,3159,1670
19700,T,T,*,*,210,3159,1671
19701,C,C,*,*,210,3159,1672
19702,T,T,*,*,210,3159,1673
19703,C,C,*,*,210,3159,1674
19704,A,A,*,*,210,3159,1675
19705,C,C,*,*,210,3159,1676
19706,C,C,*,*,210,3159,1677
19707,T,T,*,*,210,3159,1678
19708,T,T,*,*,210,3159,1679
19709,G,G,*,*,210,3159,1680
19710,A,A,*,*,210,3159,1681
19711,G,G,*,*,210,3159,1682
19712,A,A,*,*,210,3159,1683
19713,T,T,*,*,210,3159,1684
19714,T,T,*,*,210,3159,1685
19715,T,T,*,*,210,3159,1686
19716,T,T,*,*,210,3159,1687
19717,C,T,*,*,210,3159,1688
19718,C,C,*,*,210,3159,1689
19719,A,A,*,*,210,3159,1690
19720,C,C,*,*,210,3159,1691
19721,T,T,*,*,210,3159,1692
19722,T,T,*,*,210,3159,1693
19723,G,G,*,*,210,3159,1694
19724,C,C,*,*,210,3159,1695
19725,A,A,*,*,210,3159,1696
19726,T,T,*,*,210,3159,1697
19727,G,G,*,*,210,3162,1698
19728,T,T,*,*,210,3162,1699
19729,C,C,*,*,210,3162,1700
19730,C,C,*,*,210,3162,1701
19731,T,T,*,*,210,3162,1702
19732,C,C,*,*,210,3162,1703
19733,T,T,*,*,210,3162,1704
19734,G,G,*,*,210,3162,1705
19735,G,G,*,*,210,3162,1706
19736,C,C,*,*,210,3162,1707
19737,C,C,*,*,210,3162,1708
19738,C,C,*,*,210,3162,1709
19739,A,A,*,*,210,3162,1710
19740,G,G,*,*,210,3162,1711
19741,A,A,*,*,210,3162,1712
19742,A,A,*,*,210,3162,1713
19743,C,C,*,*,210,3162,1714
19744,A,A,*,*,210,3162,1715
19745,T,T,*,*,210,3162,1716
19746,C,C,*,*,210,3162,1717
19747,C,C,*,*,210,3162,1718
19748,T,T,*,*,210,3162,1719
19749,T,T,*,*,210,3162,1720
19750,G,G,*,*,210,3162,1721
19751,G,G,*,*,210,3162,1722
19752,C,C,*,*,210,3162,1723
19753,G,C,*,*,210,3162,1724
19754,T,T,*,*,210,3162,1725
19755,G,G,*,*,210,3162,1726
19756,G,C,*,*,210,3162,1727
19757,C,C,*,*,210,3162,1728
19758,T,T,*,*,210,3162,1729
19759,C,C,*,*,210,3162,1730
19760,C,C,*,*,210,3162,1731
19761,C,C,*,*,210,3162,1732
19762,A,A,*,*,210,3163,1733
19763,A,A,*,*,210,3163,1734
19764,T,T,*,*,210,3163,1735
19765,C,C,*,*,210,3163,1736
19766,T,T,*,*,210,3163,1737
19767,A,A,*,*,210,3163,1738
19768,T,T,*,*,210,3163,1739
19769,G,G,*,*,210,3163,1740
19770,T,T,*,*,210,3163,1741
19771,G,G,*,*,210,3174,1742
19772,T,T,*,*,210,3174,1743
19773,G,G,*,*,210,3174,1744
19774,A,A,*,*,210,3174,1745
19775,C,C,*,*,210,3174,1746
19776,T,T,*,*,210,3174,1747
19777,T,T,*,*,210,3176,1748
19778,C,C,*,*,210,3176,1749
19779,A,A,*,*,210,3176,1750
19780,C,C,*,*,210,3176,1751
19781,A,A,*,*,210,3176,1752
19782,C,C,*,*,210,3176,1753
19783,A,A,*,*,210,3176,1754
19784,A,A,*,*,210,3189,1755
19785,G,G,*,*,210,3189,1756
19786,A,A,*,*,210,3189,1757
19787,G,G,*,*,210,3189,1758
19788,C,C,*,*,210,3189,1759
19789,A,A,*,*,210,3189,1760
19790,G,G,*,*,210,3189,1761
19791,T,T,*,*,210,3189,1762
19792,G,G,*,*,210,3189,1763
19793,A,A,*,*,210,3189,1764
19794,T,T,*,*,210,3189,1765
19795,A,A,*,*,210,3189,1766
19796,T,T,*,*,210,3189,1767
19797,T,T,*,*,210,3189,1768
19798,T,T,*,*,210,3189,1769
19799,A,A,*,*,210,3189,1770
19800,A,A,*,*,210,3189,1771
19801,G,G,*,*,210,3189,1772
19802,C,C,*,*,210,3189,1773
19803,C,C,*,*,210,3189,1774
19804,A,A,*,*,210,3189,1775
19805,G,G,*,*,210,3189,1776
19806,T,T,*,*,210,3189,1777
19807,C,C,*,*,210,3189,1778
19808,A,A,*,*,210,3189,1779
19809,T,T,*,*,210,3189,1780
19810,T,T,*,*,210,3189,1781
19811,T,T,*,*,210,3190,1782
19812,T,T,*,*,210,3190,1783
19813,G,G,*,*,210,3190,1784
19814,G,G,*,*,210,3190,1785
19815,C,C,*,*,210,3190,1786
19816,T,T,*,*,210,3190,1787
19817,A,A,*,*,210,3190,1788
19818,C,C,*,*,210,3190,1789
19819,A,A,*,*,210,3190,1790
19820,A,A,*,*,210,3190,1791
19821,T,T,*,*,210,3190,1792
19822,T,C,*,*,210,3190,1793
19823,C,C,*,*,210,3190,1794
19871,G,G,*,*,210,3190,1795
19872,C,C,*,*,210,3190,1796
19873,A,A,*,*,210,3190,1797
19874,A,A,*,*,210,3190,1798
19875,T,T,*,*,210,3190,1799
19876,T,T,*,*,210,3190,1800
19877,G,G,*,*,210,3190,1801
19878,C,C,*,*,210,3190,1802
19879,T,A,*,*,210,3190,1803
19880,G,G,*,*,210,3190,1804
19881,G,G,*,*,210,3190,1805
19882,A,A,*,*,210,3190,1806
19883,A,A,*,*,210,3190,1807
19884,T,T,*,*,210,3190,1808
19885,G,G,*,*,210,3190,1809
19886,T,T,*,*,210,3190,1810
19887,T,T,*,*,210,3190,1811
19888,G,G,*,*,210,3190,1812
19889,T,T,*,*,210,3190,1813
19890,T,T,*,*,210,3190,1814
19891,T,T,*,*,210,3190,1815
19892,G,G,*,*,210,3190,1816
19893,A,A,*,*,210,3190,1817
19894,C,C,*,*,210,3190,1818
19895,A,A,*,*,210,3190,1819
19896,G,G,*,*,210,3190,1820
19897,A,A,*,*,210,3190,1821
19898,A,A,*,*,210,3190,1822
19899,T,T,*,*,210,3190,1823
19900,A,A,*,*,210,3190,1824
19901,G,G,*,*,210,3190,1825
19902,A,A,*,*,210,3190,1826
19903,G,G,*,*,210,3190,1827
19904,T,T,*,*,210,3190,1828
19905,G,G,*,*,210,3190,1829
19906,G,G,*,*,210,3190,1830
19907,A,A,*,*,210,3190,1831
19908,G,G,*,*,210,3190,1832
19909,A,A,*,*,210,3190,1833
19910,A,A,*,*,210,3190,1834
19911,A,A,*,*,210,3190,1835
19912,C,C,*,*,210,3190,1836
19913,C,C,*,*,210,3190,1837
19914,C,C,*,*,210,3190,1838
19915,T,T,*,*,210,3190,1839
19916,G,G,*,*,210,3190,1840
19917,A,A,*,*,210,3190,1841
19918,A,A,*,*,210,3190,1842
19919,A,A,*,*,210,3190,1843
19920,G,G,*,*,210,3190,1844
19921,G,G,*,*,210,3190,1845
19922,T,T,*,*,210,3190,1846
19923,A,A,*,*,210,3193,1847
19924,A,A,*,*,210,3193,1848
19925,A,A,*,*,210,3193,1849
19926,A,A,*,*,210,3193,1850
19927,A,A,*,*,210,3193,1851
19928,G,G,*,*,210,3193,1852
19929,C,C,*,*,210,3193,1853
19930,T,T,*,*,210,3193,1854
19931,T,T,*,*,210,3193,1855
19932,G,G,*,*,210,3193,1856
19933,G,G,*,*,210,3193,1857
19934,C,C,*,*,210,3193,1858
19935,T,T,*,*,210,3193,1859
19936,T,T,*,*,210,3193,1860
19937,T,T,*,*,210,3193,1861
19938,G,G,*,*,210,3193,1862
19939,A,A,*,*,210,3193,1863
19940,C,C,*,*,210,3193,1864
19941,A,A,*,*,210,3200,1865
19942,G,G,*,*,210,3200,1866
19943,A,A,*,*,210,3200,1867
19944,A,A,*,*,210,3200,1868
19945,A,A,*,*,210,3200,1869
19946,A,A,*,*,210,3200,1870
19947,A,A,*,*,210,3200,1871
19948,A,A,*,*,210,3200,1872
19949,T,T,*,*,210,3200,1873
19950,A,A,*,*,210,3200,1874
19951,A,A,*,*,210,3200,1875
19952,A,A,*,*,210,3200,1876
19953,T,T,*,*,210,3200,1877
19954,A,A,*,*,210,3200,1878
19955,A,A,*,*,210,3200,1879
19956,C,C,*,*,210,3200,1880
19957,A,A,*,*,210,3200,1881
19958,A,A,*,*,210,3200,1882
19959,T,T,*,*,210,3200,1883
19960,G,G,*,*,210,3200,1884
19961,A,A,*,*,210,3200,1885
19962,G,G,*,*,210,3200,1886
19963,A,A,*,*,210,3200,1887
19964,A,A,*,*,210,3200,1888
19965,A,A,*,*,210,3200,1889
19966,A,A,*,*,210,3200,1890
19967,T,T,*,*,210,3200,1891
19968,G,G,*,*,210,3200,1892
19969,T,T,*,*,210,3200,1893
19970,G,G,*,*,210,3200,1894
19971,T,T,*,*,210,3200,1895
19972,A,A,*,*,210,3200,1896
19973,T,T,*,*,210,3200,1897
19974,C,C,*,*,210,3200,1898
19975,C,C,*,*,210,3200,1899
19976,T,T,*,*,210,3208,1900
19977,A,A,*,*,210,3208,1901
19978,G,G,*,*,210,3208,1902
19979,A,A,*,*,210,3208,1903
19980,A,A,*,*,210,3208,1904
19981,A,A,*,*,210,3208,1905
19982,G,G,*,*,210,3208,1906
19983,G,G,*,*,210,3208,1907
19984,G,G,*,*,210,3208,1908
19985,T,T,*,*,210,3208,1909
19986,T,T,*,*,210,3208,1910
19987,T,T,*,*,210,3208,1911
19988,T,T,*,*,210,3208,1912
19989,T,T,*,*,210,3208,1913
19990,A,A,*,*,210,3208,1914
19991,A,A,*,*,210,3208,1915
19992,A,A,*,*,210,3208,1916
19993,T,T,*,*,210,3210,1917
19994,T,T,*,*,210,3210,1918
19995,C,C,*,*,210,3210,1919
19996,T,T,*,*,210,3210,1920
19997,A,A,*,*,210,3210,1921
19998,G,G,*,*,210,3210,1922
19999,A,A,*,*,210,3210,1923
20000,T,T,*,*,210,3210,1924
20001,T,T,*,*,210,3210,1925
20002,G,G,*,*,210,3210,1926
20003,A,A,*,*,210,3210,1927
20004,C,C,*,*,210,3210,1928
20005,T,T,*,*,210,3210,1929
20006,C,C,*,*,210,3210,1930
20007,T,T,*,*,210,3210,1931
20008,T,T,*,*,210,3210,1932
20009,G,G,*,*,210,3210,1933
20010,C,C,*,*,210,3210,1934
20011,A,A,*,*,210,3210,1935
20012,T,T,*,*,210,3210,1936
20013,T,T,*,*,210,3210,1937
20014,A,C,*,*,210,3210,1938
20015,A,A,*,*,210,3210,1939
20016,A,A,*,*,210,3210,1940
20017,A,A,*,*,210,3210,1941
20018,T,T,*,*,210,3210,1942
20019,C,C,*,*,210,3210,1943
20020,T,T,*,*,210,3210,1944
20021,A,A,*,*,210,3210,1945
20022,T,T,*,*,210,3210,1946
20023,T,T,*,*,210,3210,1947
20024,T,T,*,*,210,3210,1948
20025,T,T,*,*,210,3210,1949
20026,T,T,*,*,210,3210,1950
20027,A,A,*,*,210,3210,1951
20028,A,A,*,*,210,3210,1952
20029,A,A,*,*,210,3210,1953
20030,A,A,*,*,210,3210,1954
20031,A,A,*,*,210,3210,1955
20032,G,G,*,*,210,3210,1956
20033,T,T,*,*,210,3210,1957
20034,T,T,*,*,210,3210,1958
20035,T,T,*,*,210,3210,1959
20036,T,T,*,*,210,3210,1960
20037,G,G,*,*,210,3210,1961
20038,T,T,*,*,210,3210,1962
20039,T,T,*,*,210,3210,1963
20040,G,G,*,*,210,3210,1964
20041,T,T,*,*,210,3210,1965
20042,G,G,*,*,210,3210,1966
20043,T,T,*,*,210,3210,1967
20044,T,T,*,*,210,3210,1968
20045,C,C,*,*,210,3210,1969
20046,T,T,*,*,210,3210,1970
20047,G,G,*,*,210,3210,1971
20048,C,C,*,*,210,3210,1972
20049,T,T,*,*,210,3210,1973
20050,T,T,*,*,210,3210,1974
20051,C,C,*,*,210,3210,1975
20052,A,C,*,*,210,3210,1976
20053,T,T,*,*,210,3210,1977
20054,G,G,*,*,210,3210,1978
20055,T,T,*,*,210,3210,1979
20056,G,G,*,*,210,3210,1980
20057,T,T,*,*,210,3210,1981
20058,T,T,*,*,210,3210,1982
20059,T,T,*,*,210,3210,1983
20060,G,G,*,*,210,3210,1984
20061,T,T,*,*,210,3210,1985
20062,T,T,*,*,210,3210,1986
20063,G,G,*,*,210,3210,1987
20064,T,T,*,*,210,3210,1988
20065,T,T,*,*,210,3210,1989
20066,G,G,*,*,210,3210,1990
20067,T,T,*,*,210,3210,1991
20068,T,T,*,*,210,3210,1992
20069,A,A,*,*,210,3210,1993
20070,A,A,*,*,210,3210,1994
20071,A,A,*,*,210,3224,1995
20072,C,C,*,*,210,3224,1996
20073,A,A,*,*,210,3224,1997
20074,A,A,*,*,210,3224,1998
20075,T,T,*,*,210,3224,1999
20076,G,G,*,*,210,3224,2000
20077,A,A,*,*,210,3224,2001
20078,T,T,*,*,210,3224,2002
20079,T,T,*,*,210,3224,2003
20080,A,A,*,*,210,3224,2004
20081,T,T,*,*,210,3224,2005
20082,T,T,*,*,210,3224,2006
20083,G,G,*,*,210,3224,2007
20084,T,T,*,*,210,3224,2008
20085,G,G,*,*,210,3224,2009
20086,T,T,*,*,210,3224,2010
20087,C,C,*,*,210,3224,2011
20088,G,G,*,*,210,3226,2012
20089,T,T,*,*,210,3226,2013
20090,T,T,*,*,210,3226,2014
20091,T,T,*,*,210,3226,2015
20092,C,C,*,*,210,3226,2016
20093,A,A,*,*,210,3226,2017
20094,T,T,*,*,210,3226,2018
20095,T,T,*,*,210,3226,2019
20096,T,T,*,*,210,3226,2020
20097,A,T,*,*,210,3226,2021
20098,C,C,*,*,210,3226,2022
20099,C,C,*,*,210,3226,2023
20100,C,C,*,*,210,3226,2024
20101,C,C,*,*,210,3226,2025
20102,T,T,*,*,210,3226,2026
20103,A,A,*,*,210,3226,2027
20104,T,T,*,*,210,3226,2028
20105,G,G,*,*,210,3226,2029
20106,A,A,*,*,210,3226,2030
20107,A,A,*,*,210,3226,2031
20108,A,A,*,*,210,3226,2032
20109,G,G,*,*,210,3226,2033
20110,T,C,*,*,210,3226,2034
20111,G,A,*,*,210,3226,2035
20112,A,A,*,*,210,3226,2036
20113,A,A,*,*,210,3226,2037
20114,A,G,*,*,210,3226,2038
20115,T,T,*,*,210,3226,2039
20116,A,A,*,*,210,3226,2040
20117,A,A,*,*,210,3226,2041
20118,T,T,*,*,210,3226,2042
20119,A,A,*,*,210,3226,2043
20120,C,T,*,*,210,3226,2044
20121,A,A,*,*,210,3226,2045
20122,A,A,*,*,210,3226,2046
20123,A,A,*,*,210,3226,2047
20124,T,T,*,*,210,3226,2048
20125,C,C,*,*,210,3226,2049
20126,A,A,*,*,210,3226,2050
20127,A,A,*,*,210,3226,2051
20128,A,A,*,*,210,3226,2052
20129,C,C,*,*,210,3226,2053
20130,A,A,*,*,210,3226,2054
20131,T,T,*,*,210,3226,2055
20132,A,A,*,*,210,3226,2056
20133,C,C,*,*,210,3226,2057
20134,A,A,*,*,210,3226,2058
20135,C,C,*,*,210,3226,2059
20136,C,C,*,*,210,3226,2060
20137,A,A,*,*,210,3226,2061
20138,T,T,*,*,210,3226,2062
20139,T,T,*,*,210,3226,2063
20140,G,G,*,*,210,3226,2064
20141,T,T,*,*,210,3226,2065
20142,A,A,*,*,210,3226,2066
20143,A,A,*,*,210,3226,2067
20144,G,G,*,*,210,3226,2068
20145,T,T,*,*,210,3226,2069
20146,T,T,*,*,210,3226,2070
20147,A,A,*,*,210,3226,2071
20148,A,A,*,*,210,3226,2072
20149,A,A,*,*,210,3226,2073
20150,A,A,*,*,210,3226,2074
20151,A,A,*,*,210,3226,2075
20152,C,C,*,*,210,3226,2076
20153,T,T,*,*,210,3226,2077
20154,C,C,*,*,210,3226,2078
20155,A,A,*,*,210,3226,2079
20156,T,T,*,*,210,3226,2080
20157,A,A,*,*,210,3226,2081
20158,G,G,*,*,210,3226,2082
20159,A,A,*,*,210,3226,2083
20160,T,C,*,*,210,3226,2084
20161,T,T,*,*,210,3226,2085
20162,G,G,*,*,210,3226,2086
20163,A,A,*,*,210,3226,2087
20164,G,G,*,*,210,3226,2088
20165,A,A,*,*,210,3226,2089
20166,A,A,*,*,210,3226,2090
20167,A,A,*,*,210,3226,2091
20168,G,G,*,*,210,3226,2092
20169,T,T,*,*,210,3226,2093
20170,A,A,*,*,210,3226,2094
20171,A,A,*,*,210,3226,2095
20172,A,A,*,*,210,3226,2096
20173,T,T,*,*,210,3226,2097
20174,A,A,*,*,210,3226,2098
20175,T,T,*,*,210,3226,2099
20176,T,T,*,*,210,3226,2100
20177,T,T,*,*,210,3226,2101
20178,A,A,*,*,210,3226,2102
20179,A,A,*,*,210,3226,2103
20180,T,T,*,*,210,3226,2104
20181,T,T,*,*,210,3226,2105
20182,C,C,*,*,210,3226,2106
20183,T,T,*,*,210,3226,2107
20184,G,G,*,*,210,3226,2108
20185,T,T,*,*,210,3226,2109
20186,G,G,*,*,210,3226,2110
20187,G,G,*,*,210,3226,2111
20188,A,A,*,*,210,3226,2112
20189,A,A,*,*,210,3226,2113
20190,T,T,*,*,210,3226,2114
20191,T,T,*,*,210,3226,2115
20192,A,A,*,*,210,3226,2116
20193,A,A,*,*,210,3226,2117
20194,G,G,*,*,210,3226,2118
20195,T,T,*,*,210,3226,2119
20196,A,A,*,*,210,3226,2120
20197,T,T,*,*,210,3226,2121
20198,A,A,*,*,210,3226,2122
20199,T,T,*,*,210,3226,2123
20200,A,A,*,*,210,3226,2124
20201,A,A,*,*,210,3230,2125
20202,A,A,*,*,210,3230,2126
20203,G,G,*,*,210,3230,2127
20204,T,T,*,*,210,3230,2128
20205,T,T,*,*,210,3230,2129
20206,T,T,*,*,210,3230,2130
20207,T,T,*,*,210,3230,2131
20208,T,T,*,*,210,3230,2132
20209,C,C,*,*,210,3230,2133
20210,T,T,*,*,210,3230,2134
20211,T,T,*,*,210,3230,2135
20212,A,A,*,*,210,3230,2136
20213,T,T,*,*,210,3243,2137
20214,A,A,*,*,210,3243,2138
20215,T,T,*,*,210,3243,2139
20216,A,A,*,*,210,3243,2140
20217,A,A,*,*,210,3243,2141
20218,G,G,*,*,210,3243,2142
20219,A,A,*,*,210,3243,2143
20220,G,G,*,*,210,3243,2144
20221,T,T,*,*,210,3243,2145
20222,C,C,*,*,210,3243,2146
20223,T,T,*,*,210,3243,2147
20224,G,G,*,*,210,3243,2148
20225,T,T,*,*,210,3243,2149
20226,A,A,*,*,210,3244,2150
20227,G,G,*,*,210,3244,2151
20228,A,A,*,*,210,3244,2152
20229,T,T,*,*,210,3244,2153
20230,C,C,*,*,210,3244,2154
20231,C,C,*,*,210,3244,2155
20232,T,T,*,*,210,3244,2156
20233,G,G,*,*,210,3244,2157
20234,T,T,*,*,210,3244,2158
20235,G,G,*,*,210,3244,2159
20236,T,T,*,*,210,3244,2160
20237,G,G,*,*,210,3244,2161
20238,G,G,*,*,210,3244,2162
20239,T,T,*,*,210,3244,2163
20240,T,C,*,*,210,3244,2164
20241,T,T,*,*,210,3244,2165
20242,A,A,*,*,210,3244,2166
20243,C,C,*,*,210,3244,2167
20244,A,A,*,*,210,3244,2168
20245,G,G,*,*,210,3244,2169
20246,A,A,*,*,210,3244,2170
20247,A,A,*,*,210,3244,2171
20248,A,A,*,*,210,3244,2172
20249,A,A,*,*,210,3244,2173
20250,A,T,*,*,210,3244,2174
20251,T,T,*,*,210,3244,2175
20252,T,T,*,*,210,3244,2176
20253,T,A,*,*,210,3244,2177
20254,A,A,*,*,210,3244,2178
20255,A,A,*,*,210,3244,2179
20256,C,C,*,*,210,3244,2180
20257,T,T,*,*,210,3248,2181
20258,T,T,*,*,210,3248,2182
20259,T,T,*,*,210,3248,2183
20260,G,G,*,*,210,3248,2184
20261,A,A,*,*,210,3248,2185
20262,C,C,*,*,210,3248,2186
20263,A,A,*,*,210,3248,2187
20264,C,C,*,*,210,3248,2188
20265,C,C,*,*,210,3248,2189
20266,G,G,*,*,210,3248,2190
20267,T,T,*,*,210,3248,2191
20268,C,C,*,*,210,3248,2192
20269,T,T,*,*,210,3248,2193
20270,C,C,*,*,210,3248,2194
20271,T,T,*,*,210,3248,2195
20272,A,A,*,*,210,3248,2196
20273,C,C,*,*,210,3248,2197
20274,A,A,*,*,210,3248,2198
20275,A,A,*,*,210,3248,2199
20276,G,G,*,*,210,3248,2200
20277,C,C,*,*,210,3248,2201
20278,T,T,*,*,210,3248,2202
20279,G,G,*,*,210,3248,2203
20280,T,T,*,*,210,3248,2204
20281,T,T,*,*,210,3248,2205
20282,T,T,*,*,210,3248,2206
20283,C,C,*,*,210,3248,2207
20284,C,C,*,*,210,3248,2208
20285,A,A,*,*,210,3248,2209
20286,G,G,*,*,210,3248,2210
20287,T,T,*,*,210,3248,2211
20288,G,G,*,*,210,3248,2212
20289,G,G,*,*,210,3248,2213
20290,C,C,*,*,210,3248,2214
20291,A,A,*,*,210,3248,2215
20292,A,A,*,*,210,3248,2216
20293,G,G,*,*,210,3248,2217
20294,G,G,*,*,210,3248,2218
20295,C,C,*,*,210,3248,2219
20296,A,A,*,*,210,3248,2220
20297,A,A,*,*,210,3248,2221
20298,A,A,*,*,210,3248,2222
20299,G,G,*,*,210,3248,2223
20300,G,G,*,*,210,3248,2224
20301,A,A,*,*,210,3248,2225
20302,T,T,*,*,210,3248,2226
20303,T,T,*,*,210,3248,2227
20304,G,G,*,*,210,3248,2228
20305,G,G,*,*,210,3248,2229
20306,C,C,*,*,210,3248,2230
20307,C,C,*,*,210,3248,2231
20308,A,A,*,*,210,3248,2232
20309,A,A,*,*,210,3248,2233
20310,A,A,*,*,210,3248,2234
20311,A,A,*,*,210,3248,2235
20312,A,A,*,*,210,3248,2236
20313,A,A,*,*,210,3248,2237
20314,A,A,*,*,210,3248,2238
20315,A,A,*,*,210,3248,2239
20316,A,A,*,*,210,3248,2240
20317,A,A,*,*,210,3248,2241
20318,A,A,*,*,210,3248,2242
20319,A,A,*,*,210,3248,2243
20320,A,A,*,*,210,3248,2244
20321,A,A,*,*,210,3255,2245
20322,A,A,*,*,210,3255,2246
20323,A,A,*,*,210,3255,2247
20324,A,A,*,*,210,3255,2248
20325,A,A,*,*,210,3255,2249
20332,T,T,*,*,210,3263,2250
20333,A,A,*,*,210,3263,2251
20334,T,T,*,*,210,3263,2252
20335,A,A,*,*,210,3263,2253
20336,A,A,*,*,210,3263,2254
20337,T,T,*,*,210,3263,2255
20338,A,A,*,*,210,3263,2256
20339,G,C,*,*,210,3263,2257
20340,A,A,*,*,210,3263,2258
20341,A,A,*,*,210,3263,2259
20342,A,A,*,*,210,3263,2260
20343,C,C,*,*,210,3263,2261
20344,A,A,*,*,210,3263,2262
20345,C,C,*,*,210,3263,2263
20346,A,A,*,*,210,3263,2264
20347,G,G,*,*,210,3263,2265
20348,A,A,*,*,210,3263,2266
20349,A,A,*,*,210,3263,2267
20350,C,C,*,*,210,3263,2268
20351,T,T,*,*,210,3263,2269
20352,G,G,*,*,210,3263,2270
20353,T,T,*,*,210,3263,2271
20354,T,T,*,*,210,3263,2272
20355,C,C,*,*,210,3263,2273
20356,A,A,*,*,210,3263,2274
20357,C,C,*,*,210,3263,2275
20358,G,G,*,*,210,3263,2276
20359,A,A,*,*,210,3263,2277
20360,C,C,*,*,210,3263,2278
20361,G,A,*,*,210,3263,2279
20362,T,T,*,*,210,3263,2280
20363,T,T,*,*,210,3263,2281
20364,T,T,*,*,210,3263,2282
20365,A,A,*,*,210,3263,2283
20366,T,T,*,*,210,3263,2284
20367,T,T,*,*,210,3263,2285
20368,T,T,*,*,210,3263,2286
20369,T,T,*,*,210,3263,2287
20370,A,A,*,*,210,3263,2288
20371,T,T,*,*,210,3263,2289
20372,G,G,*,*,210,3263,2290
20373,A,A,*,*,210,3263,2291
20374,A,A,*,*,210,3263,2292
20375,A,A,*,*,210,3263,2293
20376,C,C,*,*,210,3263,2294
20377,A,A,*,*,210,3263,2295
20378,T,T,*,*,210,3263,2296
20379,G,G,*,*,210,3263,2297
20380,G,G,*,*,210,3263,2298
20381,A,A,*,*,210,3263,2299
20382,A,A,*,*,210,3263,2300
20383,G,G,*,*,210,3263,2301
20384,T,T,*,*,210,3265,2302
20385,G,G,*,*,210,3265,2303
20386,G,G,*,*,210,3266,2304
20387,T,T,*,*,210,3266,2305
20388,G,G,*,*,210,3266,2306
20389,T,G,*,*,210,3266,2307
20390,C,C,*,*,210,3266,2308
20391,A,A,*,*,210,3266,2309
20392,T,T,*,*,210,3266,2310
20393,T,T,*,*,210,3266,2311
20394,T,T,*,*,210,3266,2312
20395,C,C,*,*,210,3266,2313
20396,C,C,*,*,210,3266,2314
20397,T,T,*,*,210,3266,2315
20398,C,C,*,*,210,3266,2316
20399,A,A,*,*,210,3266,2317
20400,T,T,*,*,210,3266,2318
20401,A,A,*,*,210,3266,2319
20402,A,A,*,*,210,3266,2320
20403,A,A,*,*,210,3266,2321
20404,G,G,*,*,210,3266,2322
20405,T,T,*,*,210,3266,2323
20406,G,G,*,*,210,3266,2324
20407,T,T,*,*,210,3266,2325
20408,C,C,*,*,210,3266,2326
20409,T,T,*,*,210,3266,2327
20410,T,T,*,*,210,3266,2328
20411,C,C,*,*,210,3266,2329
20412,C,C,*,*,210,3266,2330
20413,A,A,*,*,210,3266,2331
20414,G,G,*,*,210,3266,2332
20415,T,T,*,*,210,3266,2333
20416,A,T,*,*,210,3270,2334
20417,G,G,*,*,210,3270,2335
20418,G,G,*,*,210,3270,2336
20419,A,A,*,*,210,3270,2337
20420,C,C,*,*,210,3270,2338
20421,C,C,*,*,210,3270,2339
20422,T,T,*,*,210,3270,2340
20423,C,C,*,*,210,3270,2341
20424,T,T,*,*,210,3270,2342
20425,A,A,*,*,210,3270,2343
20426,G,G,*,*,210,3270,2344
20427,A,A,*,*,210,3270,2345
20428,C,C,*,*,210,3270,2346
20429,T,T,*,*,210,3270,2347
20430,T,T,*,*,210,3270,2348
20431,A,A,*,*,210,3270,2349
20432,T,T,*,*,210,3270,2350
20433,T,T,*,*,210,3270,2351
20434,T,T,*,*,210,3270,2352
20435,C,C,*,*,210,3270,2353
20436,C,C,*,*,210,3270,2354
20437,A,A,*,*,210,3270,2355
20438,C,C,*,*,210,3270,2356
20439,T,T,*,*,210,3270,2357
20440,T,T,*,*,210,3270,2358
20441,T,T,*,*,210,3270,2359
20442,C,C,*,*,210,3270,2360
20443,T,T,*,*,210,3270,2361
20444,C,C,*,*,210,3270,2362
20445,C,C,*,*,210,3270,2363
20446,T,T,*,*,210,3270,2364
20447,C,C,*,*,210,3270,2365
20448,C,C,*,*,210,3270,2366
20449,A,A,*,*,210,3270,2367
20450,A,A,*,*,210,3270,2368
20451,G,G,*,*,210,3270,2369
20452,C,C,*,*,210,3270,2370
20453,C,C,*,*,210,3270,2371
20454,C,C,*,*,210,3270,2372
20455,T,T,*,*,210,3270,2373
20456,G,G,*,*,210,3270,2374
20457,G,G,*,*,210,3270,2375
20458,G,G,*,*,210,3270,2376
20459,C,C,*,*,210,3270,2377
20460,T,T,*,*,210,3270,2378
20461,T,T,*,*,210,3270,2379
20462,T,T,*,*,210,3270,2380
20463,G,G,*,*,210,3270,2381
20464,G,G,*,*,210,3270,2382
20465,G,G,*,*,210,3270,2383
20466,A,A,*,*,210,3270,2384
20467,G,G,*,*,210,3270,2385
20468,A,A,*,*,210,3270,2386
20469,C,C,*,*,210,3270,2387
20470,T,T,*,*,210,3270,2388
20471,A,A,*,*,210,3271,2389
20472,A,A,*,*,210,3271,2390
20473,C,C,*,*,210,3271,2391
20474,T,T,*,*,210,3271,2392
20475,G,G,*,*,210,3271,2393
20476,T,T,*,*,210,3271,2394
20477,A,A,*,*,210,3271,2395
20478,T,T,*,*,210,3271,2396
20479,G,G,*,*,210,3271,2397
20480,G,G,*,*,210,3271,2398
20481,T,T,*,*,210,3271,2399
20482,T,T,*,*,210,3271,2400
20483,C,C,*,*,210,3271,2401
20484,T,T,*,*,210,3271,2402
20485,G,G,*,*,210,3271,2403
20486,A,A,*,*,210,3271,2404
20487,C,C,*,*,210,3271,2405
20488,C,C,*,*,210,3271,2406
20489,A,A,*,*,210,3271,2407
20490,A,A,*,*,210,3271,2408
20491,T,T,*,*,210,3271,2409
20492,A,T,*,*,210,3271,2410
20493,T,T,*,*,210,3271,2411
20494,G,G,*,*,210,3271,2412
20495,C,C,*,*,210,3271,2413
20496,T,T,*,*,210,3271,2414
20497,A,A,*,*,210,3271,2415
20498,C,C,*,*,210,3271,2416
20499,C,C,*,*,210,3271,2417
20500,C,C,*,*,210,3271,2418
20501,A,C,*,*,210,3271,2419
20502,G,G,*,*,210,3271,2420
20503,A,A,*,*,210,3271,2421
20504,C,C,*,*,210,3271,2422
20505,C,C,*,*,210,3271,2423
20506,T,T,*,*,210,3271,2424
20507,C,C,*,*,210,3271,2425
20508,C,C,*,*,210,3271,2426
20509,A,A,*,*,210,3271,2427
20510,C,C,*,*,210,3271,2428
20511,C,C,*,*,210,3271,2429
20512,T,T,*,*,210,3271,2430
20513,T,T,*,*,210,3271,2431
20514,C,C,*,*,210,3271,2432
20515,T,T,*,*,210,3271,2433
20516,G,G,*,*,210,3271,2434
20517,G,G,*,*,210,3271,2435
20518,A,T,*,*,210,3271,2436
20519,A,A,*,*,210,3271,2437
20520,G,G,*,*,210,3271,2438
20521,G,G,*,*,210,3271,2439
20522,A,A,*,*,210,3271,2440
20523,T,T,*,*,210,3271,2441
20524,T,T,*,*,210,3271,2442
20525,C,C,*,*,210,3271,2443
20526,A,A,*,*,210,3271,2444
20527,G,G,*,*,210,3271,2445
20528,C,C,*,*,210,3271,2446
20529,C,C,*,*,210,3271,2447
20530,A,A,*,*,210,3271,2448
20531,G,G,*,*,210,3271,2449
20532,T,T,*,*,210,3271,2450
20533,G,G,*,*,210,3271,2451
20534,G,G,*,*,210,3271,2452
20535,A,A,*,*,210,3271,2453
20536,A,A,*,*,210,3271,2454
20537,A,A,*,*,210,3271,2455
20538,C,C,*,*,210,3271,2456
20539,C,C,*,*,210,3271,2457
20540,C,C,*,*,210,3271,2458
20541,C,C,*,*,210,3271,2459
20542,A,A,*,*,210,3271,2460
20543,T,C,*,*,210,3271,2461
20544,G,A,*,*,210,3271,2462
20545,C,C,*,*,210,3271,2463
20546,A,A,*,*,210,3271,2464
20547,G,G,*,*,210,3271,2465
20548,G,G,*,*,210,3271,2466
20549,A,A,*,*,210,3271,2467
20550,G,G,*,*,210,3271,2468
20551,A,A,*,*,210,3271,2469
20552,C,C,*,*,210,3271,2470
20553,T,T,*,*,210,3271,2471
20554,G,G,*,*,210,3271,2472
20555,G,G,*,*,210,3271,2473
20556,A,A,*,*,210,3271,2474
20557,G,G,*,*,210,3271,2475
20558,G,G,*,*,210,3271,2476
20559,A,A,*,*,210,3271,2477
20560,A,A,*,*,210,3271,2478
20561,A,A,*,*,210,3271,2479
20562,G,G,*,*,210,3271,2480
20563,G,G,*,*,210,3271,2481
20564,A,A,*,*,210,3271,2482
20565,G,G,*,*,210,3271,2483
20566,G,G,*,*,210,3271,2484
20567,A,A,*,*,210,3271,2485
20568,A,A,*,*,210,3271,2486
20569,A,A,*,*,210,3271,2487
20570,A,A,*,*,210,3271,2488
20571,T,T,*,*,210,3271,2489
20572,G,G,*,*,210,3271,2490
20573,A,A,*,*,210,3271,2491
20574,G,G,*,*,210,3271,2492
20575,A,A,*,*,210,3271,2493
20576,T,T,*,*,210,3271,2494
20577,G,G,*,*,210,3271,2495
20578,G,A,*,*,210,3271,2496
20579,G,G,*,*,210,3271,2497
20580,G,G,*,*,210,3279,2498
20581,T,T,*,*,210,3283,2499
20582,A,A,*,*,210,3283,2500
20583,T,T,*,*,210,3283,2501
20584,T,T,*,*,210,3283,2502
20585,T,T,*,*,210,3283,2503
20586,A,A,*,*,210,3283,2504
20587,T,T,*,*,210,3283,2505
20588,T,T,*,*,210,3283,2506
20589,C,C,*,*,210,3283,2507
20590,C,C,*,*,210,3283,2508
20591,C,C,*,*,210,3283,2509
20592,C,C,*,*,210,3299,2510
20593,A,A,*,*,210,3299,2511
20594,G,G,*,*,210,3299,2512
20595,T,T,*,*,210,3299,2513
20596,T,T,*,*,210,3299,2514
20597,T,T,*,*,210,3299,2515
20598,C,C,*,*,210,3299,2516
20599,C,C,*,*,210,3299,2517
20600,C,C,*,*,210,3299,2518
20601,T,T,*,*,210,3299,2519
20602,T,T,*,*,210,3299,2520
20603,T,T,*,*,210,3299,2521
20604,C,C,*,*,210,3299,2522
20605,A,A,*,*,210,3299,2523
20606,T,C,*,*,210,3299,2524
20607,T,T,*,*,210,3299,2525
20608,G,G,*,*,210,3299,2526
20609,G,G,*,*,210,3299,2527
20610,C,C,*,*,210,3299,2528
20611,T,T,*,*,210,3299,2529
20612,G,G,*,*,210,3299,2530
20613,T,C,*,*,210,3299,2531
20614,T,T,*,*,210,3299,2532
20615,A,A,*,*,210,3302,2533
20616,G,G,*,*,210,3302,2534
20617,C,C,*,*,210,3302,2535
20618,A,A,*,*,210,3302,2536
20619,G,G,*,*,210,3302,2537
20620,C,C,*,*,210,3302,2538
20621,A,A,*,*,210,3302,2539
20622,T,T,*,*,210,3303,2540
20623,C,C,*,*,210,3303,2541
20624,T,T,*,*,210,3303,2542
20625,C,C,*,*,210,3303,2543
20626,T,T,*,*,210,3303,2544
20627,C,C,*,*,210,3303,2545
20628,C,C,*,*,210,3303,2546
20629,A,A,*,*,210,3303,2547
20630,G,G,*,*,210,3303,2548
20631,A,G,*,*,210,3303,2549
20632,C,C,*,*,210,3315,2550
20633,C,C,*,*,210,3315,2551
20634,A,A,*,*,210,3315,2552
20635,G,G,*,*,210,3315,2553
20636,G,G,*,*,210,3315,2554
20637,G,G,*,*,210,3315,2555
20638,A,A,*,*,210,3315,2556
20639,T,T,*,*,210,3315,2557
20640,C,C,*,*,210,3315,2558
20641,C,C,*,*,210,3315,2559
20642,C,C,*,*,210,3315,2560
20643,T,T,*,*,210,3315,2561
20644,C,C,*,*,210,3325,2562
20645,T,T,*,*,210,3325,2563
20646,C,C,*,*,210,3368,2564
20647,T,T,*,*,210,3368,2565
20648,C,C,*,*,210,3368,2566
20649,T,T,*,*,210,3368,2567
20650,G,G,*,*,210,3368,2568
20651,C,C,*,*,210,3368,2569
20652,A,A,*,*,210,3368,2570
20653,G,G,*,*,210,3368,2571
20654,C,C,*,*,210,3368,2572
20655,T,T,*,*,210,3368,2573
20656,A,A,*,*,210,3368,2574
20657,T,T,*,*,210,3368,2575
20658,A,A,*,*,210,3368,2576
20659,G,G,*,*,210,3368,2577
20660,C,C,*,*,210,3368,2578
20661,A,A,*,*,210,3368,2579
20662,A,A,*,*,210,3368,2580
20663,T,T,*,*,210,3368,2581
20664,T,T,*,*,210,3368,2582
20665,G,G,*,*,210,3368,2583
20666,C,C,*,*,210,3368,2584
20667,T,T,*,*,210,3368,2585
20668,T,T,*,*,210,3368,2586
20669,C,C,*,*,210,3368,2587
20670,C,C,*,*,210,3368,2588
20671,C,C,*,*,210,3368,2589
20672,A,A,*,*,210,3368,2590
20673,T,T,*,*,210,3368,2591
20674,G,G,*,*,210,3368,2592
20675,C,C,*,*,210,3368,2593
20676,C,C,*,*,210,3368,2594
20677,C,C,*,*,210,3368,2595
20678,C,C,*,*,210,3368,2596
20679,T,T,*,*,210,3368,2597
20680,T,T,*,*,210,3368,2598
20681,C,C,*,*,210,3368,2599
20682,A,A,*,*,210,3368,2600
20683,G,G,*,*,210,3368,2601
20684,G,A,*,*,210,3368,2602
20685,G,G,*,*,210,3368,2603
20686,T,T,*,*,210,3368,2604
20687,T,T,*,*,210,3368,2605
20688,A,A,*,*,210,3368,2606
20689,T,C,*,*,210,3368,2607
20690,A,A,*,*,210,3368,2608
20691,A,A,*,*,210,3368,2609
20692,G,G,*,*,210,3368,2610
20693,T,T,*,*,210,3368,2611
20694,G,G,*,*,210,3368,2612
20695,A,A,*,*,210,3368,2613
20696,T,T,*,*,210,3368,2614
20697,C,C,*,*,210,3378,2615
20698,C,C,*,*,210,3378,2616
20699,T,T,*,*,210,3378,2617
20700,T,T,*,*,210,3378,2618
20701,A,A,*,*,210,3378,2619
20702,C,C,*,*,210,3378,2620
20703,T,T,*,*,210,3378,2621
20704,A,A,*,*,210,3378,2622
20705,G,G,*,*,210,3378,2623
20706,A,A,*,*,210,3378,2624
20707,C,C,*,*,210,3378,2625
20708,C,C,*,*,210,3378,2626
20709,T,T,*,*,210,3378,2627
20710,G,G,*,*,210,3378,2628
20711,G,G,*,*,210,3378,2629
20712,A,A,*,*,210,3378,2630
20713,T,T,*,*,210,3378,2631
20714,G,G,*,*,210,3378,2632
20715,G,G,*,*,210,3378,2633
20716,A,A,*,*,210,3378,2634
20717,G,A,*,*,210,3378,2635
20718,G,G,*,*,210,3378,2636
20719,C,C,*,*,210,3378,2637
20720,A,A,*,*,210,3378,2638
20721,C,C,*,*,210,3378,2639
20722,T,T,*,*,210,3378,2640
20723,A,A,*,*,210,3378,2641
20724,C,C,*,*,210,3378,2642
20725,T,T,*,*,210,3418,2643
20726,T,T,*,*,210,3418,2644
20727,T,T,*,*,210,3418,2645
20728,T,T,*,*,210,3418,2646
20729,T,T,*,*,210,3418,2647
20730,T,C,*,*,210,3418,2648
20731,A,A,*,*,210,3418,2649
20732,G,G,*,*,210,3418,2650
20733,T,T,*,*,210,3418,2651
20734,T,T,*,*,210,3418,2652
20735,T,T,*,*,210,3418,2653
20736,T,T,*,*,210,3418,2654
20737,C,C,*,*,210,3418,2655
20738,T,T,*,*,210,3418,2656
20739,G,G,*,*,210,3418,2657
20740,T,T,*,*,210,3418,2658
20741,A,A,*,*,210,3418,2659
20742,T,T,*,*,210,3418,2660
20743,C,C,*,*,210,3420,2661
20744,C,C,*,*,210,3420,2662
20745,T,T,*,*,210,3420,2663
20746,G,G,*,*,210,3420,2664
20747,C,C,*,*,210,3420,2665
20748,C,C,*,*,210,3420,2666
20749,C,C,*,*,210,3420,2667
20750,T,T,*,*,210,3420,2668
20751,T,C,*,*,210,3420,2669
20752,A,A,*,*,210,3420,2670
20753,A,G,*,*,210,3420,2671
20754,T,T,*,*,210,3420,2672
20755,T,T,*,*,210,3420,2673
20756,T,T,*,*,210,3420,2674
20757,G,G,*,*,210,3420,2675
20758,C,C,*,*,210,3420,2676
20759,A,A,*,*,210,3420,2677
20760,A,A,*,*,210,3420,2678
20761,A,A,*,*,210,3420,2679
20762,T,T,*,*,210,3420,2680
20763,A,A,*,*,210,3420,2681
20764,A,A,*,*,210,3420,2682
20765,T,T,*,*,210,3420,2683
20766,T,T,*,*,210,3420,2684
20767,T,T,*,*,210,3420,2685
20768,C,C,*,*,210,3420,2686
20769,T,T,*,*,210,3420,2687
20770,T,T,*,*,210,3420,2688
20771,T,T,*,*,210,3420,2689
20772,A,A,*,*,210,3420,2690
20773,A,A,*,*,210,3420,2691
20774,G,G,*,*,210,3420,2692
20775,A,A,*,*,210,3420,2693
