147,A,A,T,C,1,5,0
237,C,C,G,G,2,23,0
249,A,A,G,C,3,23,0
271,G,G,C,C,4,25,0
278,T,T,C,A,5,25,0
295,T,T,C,C,6,26,0
333,A,A,G,G,7,26,0
409,C,C,T,T,8,28,0
499,T,T,C,C,9,41,0
1176,C,C,T,T,10,104,0
1517,A,A,G,G,11,118,0
1774,G,G,A,A,12,136,0
1796,G,G,A,A,13,136,0
1824,G,G,A,T,14,136,0
1827,C,C,T,T,15,136,0
1891,A,A,G,G,16,137,0
2063,G,G,A,A,17,153,0
2218,A,A,G,G,18,307,0
2257,T,T,C,C,19,307,0
2338,C,C,G,G,20,310,0
2467,C,C,T,T,21,389,0
2492,C,C,A,A,22,389,0
2573,T,T,-,-,22,397,1
2574,T,T,-,-,22,397,2
2575,G,G,-,-,22,397,3
2576,C,G,-,-,22,397,4
2577,A,A,-,-,22,397,5
2578,C,C,-,-,22,397,6
2579,A,A,-,-,22,397,7
2580,C,C,-,-,22,397,8
2581,A,A,-,-,22,397,9
2582,T,T,-,-,22,397,10
2583,G,G,-,-,22,397,11
2584,A,A,-,-,22,397,12
2585,A,A,-,-,22,397,13
2586,C,C,-,-,22,397,14
2587,T,T,-,-,22,397,15
2588,C,G,-,-,22,397,16
2589,C,C,-,-,22,397,17
2590,T,T,-,-,22,397,18
2591,C,C,-,-,22,397,19
2592,C,C,-,-,22,397,20
2593,A,A,-,-,22,397,21
2595,G,G,A,A,23,397,21
2724,T,T,C,C,24,404,21
2921,C,C,T,T,25,412,21
3146,-,*,G,T,25,430,21
3295,T,T,-,*,25,440,22
3296,G,G,-,*,25,440,23
3297,G,G,-,*,25,440,24
3298,T,T,-,*,25,440,25
3299,G,T,-,*,25,440,26
3300,G,G,-,*,25,440,27
3301,C,C,-,*,25,440,28
3302,A,A,-,*,25,440,29
3303,C,G,-,*,25,440,30
3304,C,G,-,*,25,440,31
3305,T,C,-,*,25,440,32
3306,G,G,-,*,25,440,33
3307,C,C,-,*,25,440,34
3308,C,C,-,*,25,440,35
3309,T,T,-,*,25,440,36
3327,G,G,-,*,25,443,37
3335,A,A,-,*,25,443,38
3380,C,C,-,*,25,443,39
3488,G,G,C,C,26,455,39
3531,G,G,T,A,27,455,39
3576,A,A,G,G,28,471,39
3594,T,T,C,C,29,475,39
3602,A,A,C,T,30,475,39
3720,G,G,C,A,31,509,39
3872,T,T,C,C,32,565,39
4073,C,C,-,-,32,597,40
4113,G,G,A,A,33,606,40
4120,T,T,C,C,34,608,40
4159,G,G,C,C,35,609,40
4224,G,G,A,A,36,619,40
4292,G,G,A,A,37,621,40
4300,T,T,C,C,38,621,40
4557,A,A,G,G,39,629,40
4578,G,G,A,A,40,629,40
4625,-,-,A,G,40,715,40
4703,G,G,A,T,41,717,40
4708,G,G,T,C,42,717,40
5036,C,C,T,T,43,915,40
5123,T,T,C,C,44,915,40
5212,A,A,T,T,45,922,40
5272,T,T,C,C,46,923,40
5289,G,G,A,A,47,923,40
5341,C,C,T,T,48,923,40
5364,T,T,-,-,48,923,41
5365,T,T,-,-,48,923,42
5366,C,C,-,-,48,923,43
5367,C,T,-,-,48,923,44
5368,T,T,-,-,48,923,45
5369,T,T,-,-,48,923,46
5370,T,T,-,-,48,923,47
5371,T,T,-,-,48,923,48
5372,T,T,-,-,48,923,49
5373,C,T,-,-,48,923,50
5441,-,-,G,G,48,934,50
5441,-,-,G,G,48,935,50
5496,A,A,T,T,49,940,50
5560,T,T,C,C,50,958,50
5688,G,G,A,A,51,1047,50
5689,C,C,T,A,52,1047,50
5778,T,T,C,C,53,1056,50
5779,G,G,A,A,54,1056,50
5870,G,G,T,C,55,1058,50
5968,A,A,G,G,56,1167,50
6265,C,C,G,G,57,1203,50
6513,T,T,C,C,58,1213,50
6557,A,A,C,C,59,1217,50
6603,G,G,A,A,60,1217,50
6629,T,T,C,C,61,1225,50
6656,T,T,A,G,62,1230,50
6754,G,G,A,A,63,1230,50
6761,G,G,A,A,64,1230,50
6851,C,C,T,T,65,1251,50
7189,A,A,G,G,66,1366,50
7725,G,G,A,A,67,1542,50
7740,T,T,C,C,68,1549,50
7875,A,A,G,G,69,1562,50
7944,T,T,C,C,70,1565,50
8129,A,A,C,C,71,1603,50
8211,G,G,C,A,72,1606,50
8222,T,T,C,C,73,1606,50
8260,T,T,G,A,74,1618,50
8273,G,G,A,T,75,1618,50
8284,-,-,A,A,75,1630,50
8284,-,-,G,G,75,1631,50
8284,-,-,G,A,75,1632,50
8284,-,-,G,G,75,1633,50
8347,T,T,C,C,76,1634,50
8444,T,T,C,C,77,1649,50
8447,C,C,T,T,78,1649,50
8482,A,A,-,-,78,1653,51
8492,G,G,T,C,79,1654,51
8517,C,C,A,A,80,1661,51
8547,A,A,-,-,80,1666,52
8558,G,A,-,-,80,1666,53
8651,-,-,A,G,80,1736,53
8704,G,G,A,A,81,1896,53
8766,C,C,T,T,82,1921,53
8780,G,G,-,-,82,1922,54
8781,T,T,-,-,82,1922,55
8928,A,A,T,T,83,1966,55
9285,G,G,C,C,84,2071,55
9289,G,G,A,A,85,2071,55
9310,T,T,G,G,86,2084,55
9370,G,G,A,A,87,2159,55
9379,A,A,G,G,88,2159,55
9399,A,A,G,G,89,2161,55
9567,C,C,G,A,90,2211,55
9612,C,C,T,A,91,2211,55
9629,G,G,A,A,92,2212,55
9658,G,G,A,A,93,2231,55
9686,G,G,A,A,94,2240,55
9699,A,A,G,G,95,2241,55
9869,T,T,-,-,95,2246,56
9909,T,T,C,C,96,2250,56
9922,A,A,G,G,97,2250,56
9923,A,A,G,G,98,2250,56
9986,A,A,G,G,99,2251,56
10034,T,T,C,C,100,2260,56
10065,A,A,G,G,101,2261,56
10150,G,G,A,A,102,2271,56
10261,G,G,-,-,102,2362,57
10301,C,C,G,G,103,2370,57
10498,C,C,T,T,104,2421,57
11446,C,C,T,A,105,2487,57
12008,A,A,G,G,106,2513,57
12151,C,C,T,G,107,2524,57
12175,C,C,G,T,108,2545,57
12360,T,T,A,A,109,2551,57
12583,T,T,C,C,110,2561,57
12835,T,T,C,C,111,2638,57
12861,T,T,C,C,112,2642,57
12981,T,T,G,G,113,2650,57
12994,-,-,T,T,113,2653,57
13048,A,A,G,G,114,2657,57
13098,A,A,C,C,115,2660,57
13101,G,G,A,A,116,2660,57
13216,A,A,C,C,117,2818,57
13331,T,T,C,C,118,2819,57
13508,-,-,G,G,118,2833,57
13974,T,T,C,C,119,2936,57
14020,C,C,G,G,120,2946,57
14166,T,T,C,C,121,2953,57
14174,C,C,T,G,122,2953,57
14370,A,A,G,G,123,3089,57
14508,G,G,A,C,124,3096,57
14685,T,T,C,C,125,3105,57
14830,T,T,C,C,126,3147,57
14858,T,T,G,G,127,3147,57
14943,C,C,A,G,128,3149,57
15034,T,T,C,C,129,3152,57
15084,C,C,A,A,130,3178,57
15119,T,T,A,C,131,3181,57
15134,C,C,T,T,132,3181,57
15144,T,T,C,A,133,3181,57
15225,C,C,A,G,134,3186,57
15230,A,A,C,C,135,3186,57
15247,C,C,T,T,136,3198,57
15289,A,A,G,G,137,3200,57
15624,G,G,A,T,138,3336,57
15628,A,A,G,G,139,3340,57
15703,T,T,C,C,140,3359,57
15759,C,C,T,G,141,3386,57
15788,-,-,G,G,141,3395,57
15790,C,C,T,T,142,3395,57
15791,G,G,C,C,143,3395,57
15823,C,C,T,T,144,3408,57
16347,G,G,T,T,145,3555,57
16392,A,A,C,C,146,3557,57
16521,T,T,C,C,147,3591,57
16522,A,A,G,T,148,3591,57
16629,A,A,G,G,149,3644,57
16917,A,A,T,T,150,3697,57
16917,-,-,T,T,150,3700,57
16917,-,-,A,A,150,3701,57
16917,-,-,G,G,150,3703,57
16917,-,-,T,T,150,3704,57
16917,-,-,C,C,150,3705,57
16921,C,C,G,G,151,3706,57
16967,C,C,A,A,152,3706,57
17067,G,G,T,A,153,3713,57
17099,G,G,C,C,154,3714,57
17100,A,A,G,G,155,3715,57
17524,-,*,G,G,155,3762,57
18491,-,*,G,G,155,3972,57
18491,-,*,G,G,155,3973,57
18491,-,*,A,G,155,3974,57
18491,-,*,A,A,155,3975,57
18491,-,*,T,T,155,3976,57
18491,-,*,T,T,155,3977,57
18491,-,*,A,A,155,3978,57
18491,-,*,C,C,155,3979,57
18491,-,*,A,A,155,3980,57
18491,-,*,G,G,155,3981,57
18491,-,*,G,G,155,3982,57
18491,-,*,C,T,155,3983,57
18491,-,*,G,A,155,3984,57
18491,-,*,T,T,155,3985,57
18491,-,*,G,G,155,3986,57
22253,T,C,*,*,155,4047,58
22254,G,G,*,*,155,4047,59
22255,C,C,*,*,155,4047,60
22256,C,C,*,*,155,4047,61
22257,A,A,*,*,155,4047,62
22258,C,C,*,*,155,4047,63
22259,C,C,*,*,155,4047,64
22260,A,A,*,*,155,4047,65
22261,C,C,*,*,155,4047,66
22262,G,G,*,*,155,4047,67
22263,C,C,*,*,155,4047,68
22264,C,C,*,*,155,4047,69
22265,C,C,*,*,155,4047,70
22266,A,A,*,*,155,4047,71
22267,G,G,*,*,155,4047,72
22268,C,C,*,*,155,4047,73
22269,T,T,*,*,155,4047,74
22270,A,A,*,*,155,4047,75
22271,A,A,*,*,155,4047,76
22273,T,T,*,*,155,4047,77
22274,T,T,*,*,155,4047,78
22275,T,T,*,*,155,4047,79
22276,T,T,*,*,155,4047,80
22277,G,G,*,*,155,4047,81
22278,T,T,*,*,155,4047,82
22279,A,A,*,*,155,4047,83
22280,T,T,*,*,155,4047,84
22281,T,T,*,*,155,4047,85
22282,T,T,*,*,155,4047,86
22283,G,G,*,*,155,4047,87
22284,T,T,*,*,155,4047,88
22285,A,A,*,*,155,4047,89
22286,G,G,*,*,155,4047,90
22287,T,T,*,*,155,4047,91
22288,A,A,*,*,155,4047,92
22289,G,G,*,*,155,4047,93
22290,A,A,*,*,155,4047,94
22291,G,G,*,*,155,4047,95
22292,A,A,*,*,155,4047,96
22293,T,T,*,*,155,4047,97
22294,G,G,*,*,155,4047,98
22295,G,G,*,*,155,4047,99
22296,A,A,*,*,155,4047,100
22297,G,G,*,*,155,4047,101
22298,T,T,*,*,155,4047,102
22299,T,T,*,*,155,4047,103
22300,T,T,*,*,155,4047,104
22301,C,C,*,*,155,4047,105
22302,A,A,*,*,155,4047,106
22303,C,C,*,*,155,4047,107
22304,C,C,*,*,155,4047,108
22305,A,A,*,*,155,4047,109
22306,T,T,*,*,155,4047,110
22307,G,G,*,*,155,4047,111
22308,T,T,*,*,155,4047,112
22309,T,T,*,*,155,4047,113
22310,G,G,*,*,155,4047,114
22311,G,G,*,*,155,4047,115
22312,T,T,*,*,155,4047,116
22313,C,C,*,*,155,4047,117
22314,A,A,*,*,155,4047,118
22315,G,G,*,*,155,4047,119
22316,G,G,*,*,155,4047,120
22317,C,C,*,*,155,4047,121
22318,T,T,*,*,155,4047,122
22319,G,G,*,*,155,4047,123
22320,G,G,*,*,155,4047,124
22321,T,T,*,*,155,4047,125
22322,C,C,*,*,155,4047,126
22323,T,T,*,*,155,4047,127
22324,C,C,*,*,155,4047,128
22325,G,G,*,*,155,4047,129
22326,A,A,*,*,155,4047,130
22327,A,A,*,*,155,4047,131
22328,C,C,*,*,155,4047,132
22329,T,T,*,*,155,4047,133
22330,C,C,*,*,155,4047,134
22331,C,C,*,*,155,4047,135
22332,T,T,*,*,155,4047,136
22333,G,G,*,*,155,4047,137
22334,A,A,*,*,155,4047,138
22335,C,C,*,*,155,4047,139
22336,C,C,*,*,155,4047,140
22337,T,T,*,*,155,4047,141
22338,C,C,*,*,155,4047,142
22339,A,A,*,*,155,4047,143
22340,T,T,*,*,155,4047,144
22341,G,G,*,*,155,4047,145
22342,A,G,*,*,155,4047,146
22343,T,T,*,*,155,4047,147
22344,C,C,*,*,155,4047,148
22345,C,C,*,*,155,4047,149
22346,G,G,*,*,155,4047,150
22347,C,C,*,*,155,4047,151
22348,C,C,*,*,155,4047,152
22349,C,C,*,*,155,4047,153
22350,G,G,*,*,155,4047,154
22351,C,C,*,*,155,4047,155
22352,C,C,*,*,155,4047,156
22353,T,T,*,*,155,4047,157
22354,C,C,*,*,155,4047,158
22355,A,A,*,*,155,4047,159
22356,G,G,*,*,155,4047,160
22357,C,C,*,*,155,4047,161
22358,C,C,*,*,155,4047,162
22359,T,T,*,*,155,4047,163
22360,C,C,*,*,155,4047,164
22361,C,C,*,*,155,4047,165
22362,C,C,*,*,155,4047,166
22363,A,A,*,*,155,4047,167
22364,A,A,*,*,155,4047,168
22365,A,A,*,*,155,4047,169
22366,G,G,*,*,155,4047,170
22367,T,T,*,*,155,4047,171
22368,G,G,*,*,155,4047,172
22369,C,C,*,*,155,4047,173
22370,T,T,*,*,155,4047,174
22371,G,G,*,*,155,4047,175
22372,G,G,*,*,155,4047,176
22373,G,G,*,*,155,4047,177
22374,A,A,*,*,155,4047,178
22375,T,T,*,*,155,4047,179
22376,T,T,*,*,155,4047,180
22377,A,A,*,*,155,4047,181
22378,C,C,*,*,155,4047,182
22379,A,A,*,*,155,4047,183
22380,A,G,*,*,155,4047,184
22381,G,G,*,*,155,4047,185
22382,C,C,*,*,155,4047,186
22383,A,A,*,*,155,4047,187
22384,T,T,*,*,155,4047,188
22385,G,G,*,*,155,4047,189
22386,A,A,*,*,155,4047,190
22387,G,G,*,*,155,4047,191
22388,C,C,*,*,155,4047,192
22389,C,C,*,*,155,4047,193
22390,A,A,*,*,155,4047,194
22391,C,C,*,*,155,4047,195
22392,C,C,*,*,155,4047,196
22393,G,A,*,*,155,4047,197
22394,C,C,*,*,155,4047,198
22395,T,G,*,*,155,4047,199
22396,C,C,*,*,155,4047,200
22397,C,C,*,*,155,4047,201
22398,C,T,*,*,155,4047,202
22399,G,G,*,*,155,4047,203
22400,G,G,*,*,155,4047,204
22401,C,C,*,*,155,4047,205
22402,C,C,*,*,155,4047,206
22403,T,T,*,*,155,4048,207
22404,T,T,*,*,155,4048,208
22405,T,T,*,*,155,4048,209
22406,G,G,*,*,155,4048,210
22407,T,T,*,*,155,4048,211
22408,C,C,*,*,155,4048,212
22409,A,A,*,*,155,4048,213
22410,C,C,*,*,155,4048,214
22411,C,C,*,*,155,4048,215
22412,T,T,*,*,155,4048,216
22413,T,T,*,*,155,4048,217
22414,T,T,*,*,155,4048,218
22415,T,T,*,*,155,4048,219
22420,T,T,*,-,155,4049,220
22489,C,C,*,-,155,4049,221
22490,C,C,*,-,155,4049,222
22495,T,T,*,-,155,4050,223
22496,T,T,*,-,155,4050,224
22497,T,T,*,-,155,4050,225
22498,T,T,*,-,155,4050,226
22499,T,T,*,-,155,4050,227
22507,T,T,*,-,155,4050,228
22508,C,C,*,-,155,4050,229
22509,T,T,*,-,155,4050,230
22770,A,A,*,-,155,4111,231
22771,T,T,*,-,155,4111,232
22772,G,G,*,-,155,4111,233
22773,T,T,*,-,155,4111,234
22782,T,T,*,-,155,4111,235
22869,G,G,*,-,155,4115,236
22908,T,T,*,-,155,4115,237
22909,G,G,*,-,155,4115,238
22910,T,T,*,-,155,4115,239
22911,G,G,*,-,155,4115,240
22912,T,T,*,-,155,4115,241
22913,G,G,*,-,155,4115,242
22945,T,T,*,-,155,4115,243
22946,G,G,*,-,155,4119,244
22947,C,C,*,-,155,4119,245
22991,C,C,*,-,155,4124,246
22992,G,G,*,-,155,4124,247
22993,T,T,*,-,155,4124,248
22994,G,G,*,-,155,4124,249
22995,T,T,*,-,155,4124,250
22996,C,C,*,-,155,4124,251
23071,C,C,T,T,156,4138,251
23229,A,A,G,G,157,4145,251
23296,A,A,C,C,158,4156,251
23413,A,A,G,C,159,4225,251
23416,A,A,G,G,160,4225,251
23468,T,T,C,C,161,4238,251
