150,T,T,C,C,1,21,0
259,A,A,G,T,2,48,0
419,-,-,T,T,2,90,0
438,A,A,G,G,3,90,0
624,C,C,T,T,4,91,0
637,T,T,C,C,5,91,0
976,G,G,T,A,6,150,0
1021,T,T,C,C,7,156,0
1096,A,A,T,C,8,172,0
1842,-,-,T,C,8,205,0
2061,C,C,G,G,9,283,0
2103,C,C,G,T,10,288,0
2172,T,T,C,C,11,295,0
2436,A,A,C,G,12,328,0
2640,T,T,C,C,13,400,0
2799,A,A,G,G,14,410,0
3047,A,A,G,G,15,440,0
3066,A,A,G,G,16,440,0
3133,G,G,-,-,16,458,1
3135,A,A,G,G,17,458,1
3805,C,C,T,A,18,506,1
4014,G,G,A,A,19,521,1
4125,G,G,A,A,20,527,1
4553,C,C,T,T,21,554,1
4647,G,G,T,A,22,554,1
4738,C,C,A,A,23,556,1
4742,C,C,T,T,24,556,1
4835,A,A,G,G,25,570,1
4875,C,C,G,G,26,578,1
5306,A,A,G,C,27,628,1
5530,-,*,T,T,27,668,1
5651,C,C,T,G,28,670,1
5694,A,A,C,C,29,687,1
5716,T,T,G,C,30,689,1
5819,T,T,G,G,31,716,1
5873,C,C,G,T,32,716,1
5922,A,A,T,C,33,727,1
6029,C,C,G,G,34,728,1
6416,C,C,G,G,35,751,1
6440,T,T,C,C,36,752,1
6541,A,A,T,T,37,777,1
6817,T,T,G,G,38,792,1
7018,G,G,A,A,39,808,1
7035,A,A,G,G,40,811,1
7108,A,A,C,T,41,818,1
7432,T,T,C,C,42,880,1
7555,C,C,A,A,43,934,1
7628,A,A,G,C,44,958,1
7765,C,C,T,A,45,1020,1
7886,T,T,G,G,46,1083,1
7968,C,C,T,T,47,1088,1
7987,T,T,G,C,48,1088,1
7988,C,C,T,A,49,1088,1
8025,T,T,C,G,50,1129,1
8051,T,T,C,G,51,1129,1
8109,T,T,C,C,52,1140,1
8135,G,G,A,A,53,1143,1
8196,A,A,G,G,54,1175,1
8276,T,T,C,C,55,1204,1
8288,G,G,-,-,55,1206,2
8290,G,G,C,A,56,1206,2
8367,-,-,T,C,56,1220,2
8367,-,-,T,C,56,1221,2
8367,-,-,G,A,56,1222,2
8367,-,-,G,G,56,1223,2
8367,-,-,C,C,56,1224,2
8367,-,-,C,C,56,1228,2
8367,-,-,C,C,56,1229,2
8367,-,-,T,T,56,1230,2
8367,-,-,G,G,56,1231,2
8367,-,-,C,C,56,1232,2
8418,T,T,C,C,57,1234,2
8521,G,G,A,A,58,1244,2
8561,G,G,A,C,59,1255,2
8685,G,G,C,C,60,1297,2
8696,T,T,C,C,61,1302,2
8749,C,C,A,T,62,1320,2
8764,G,G,C,C,63,1320,2
9069,T,T,G,G,64,1375,2
9135,G,G,A,A,65,1399,2
9154,T,T,G,G,66,1400,2
9265,A,A,G,G,67,1485,2
9283,C,C,T,T,68,1500,2
9529,A,A,G,G,69,1518,2
9586,A,A,G,G,70,1518,2
9651,A,A,C,C,71,1550,2
9724,A,A,T,C,72,1572,2
9962,C,C,G,T,73,1642,2
9964,T,T,C,C,74,1642,2
10044,-,-,T,T,74,1669,2
10250,G,G,T,A,75,1738,2
10597,G,G,A,A,76,1747,2
10710,T,T,-,-,76,1856,3
10721,A,A,-,-,76,1897,4
10722,A,A,-,-,76,1897,5
10723,C,C,-,-,76,1897,6
10724,T,T,-,-,76,1897,7
10725,T,T,-,-,76,1897,8
10726,G,G,-,-,76,1897,9
10727,A,A,-,-,76,1897,10
10728,A,A,-,-,76,1897,11
10729,T,T,-,-,76,1897,12
10776,G,G,A,A,77,1899,12
10831,T,T,C,C,78,1899,12
10937,C,C,T,T,79,2017,12
11105,T,T,C,C,80,2067,12
11223,G,G,A,A,81,2099,12
11323,G,G,T,T,82,2181,12
11853,C,C,T,T,83,2250,12
11972,A,A,G,G,84,2321,12
12204,C,C,A,T,85,2353,12
12301,A,A,G,G,86,2358,12
12364,A,A,G,G,87,2375,12
12377,C,C,G,G,88,2375,12
12382,T,T,C,A,89,2375,12
12392,C,C,T,T,90,2375,12
12520,T,T,C,C,91,2397,12
12579,T,T,C,C,92,2398,12
12713,T,T,G,G,93,2406,12
13434,G,G,-,*,93,2470,13
13435,G,T,-,*,93,2470,14
13577,T,T,-,*,93,2486,15
13578,T,T,-,*,93,2486,16
13579,G,G,-,*,93,2486,17
13580,A,A,-,*,93,2486,18
13785,G,G,T,A,94,2504,18
14028,G,G,A,A,95,2548,18
14316,G,G,T,T,96,2571,18
14830,A,A,G,G,97,2607,18
14948,C,C,T,T,98,2608,18
15051,C,C,G,G,99,2614,18
15103,A,A,G,G,100,2617,18
15259,C,C,G,T,101,2626,18
15431,A,A,C,G,102,2637,18
15436,T,T,C,C,103,2642,18
15443,-,-,T,T,103,2643,18
15443,-,-,T,T,103,2644,18
15443,-,-,C,C,103,2645,18
15443,-,-,T,T,103,2646,18
15443,-,-,C,T,103,2647,18
15443,-,-,T,T,103,2648,18
15443,-,-,C,C,103,2649,18
15443,-,-,C,C,103,2650,18
15443,-,-,C,C,103,2651,18
15443,-,-,A,A,103,2652,18
15443,-,-,G,G,103,2653,18
15484,G,G,A,A,104,2657,18
15568,A,A,G,G,105,2672,18
15645,T,T,C,C,106,2680,18
15770,A,A,G,G,107,2680,18
15924,A,A,C,C,108,2680,18
17094,A,A,G,G,109,2892,18
17104,A,A,G,G,110,2892,18
17394,-,-,T,C,110,3034,18
17394,-,-,C,A,110,3039,18
17413,-,-,C,A,110,3040,18
17413,-,-,T,T,110,3041,18
17413,-,-,C,C,110,3042,18
17413,-,-,G,A,110,3043,18
17419,G,G,A,A,111,3043,18
17441,A,A,T,T,112,3129,18
17542,A,A,G,C,113,3136,18
17608,T,T,C,C,114,3141,18
17679,C,C,T,G,115,3162,18
17682,G,G,A,A,116,3162,18
17914,T,T,A,G,117,3207,18
17947,C,C,T,G,118,3208,18
18170,-,-,C,C,118,3249,18
18170,-,-,C,C,118,3250,18
18220,A,A,G,G,119,3259,18
18336,C,C,T,A,120,3291,18
18337,A,A,T,C,121,3291,18
18482,G,G,C,C,122,3296,18
18642,C,C,T,T,123,3318,18
18672,A,A,G,G,124,3320,18
18678,A,A,C,C,125,3325,18
18700,T,T,C,C,126,3328,18
18710,C,C,G,A,127,3328,18
19052,T,T,C,C,128,3370,18
19111,-,-,T,T,128,3383,18
19145,A,A,G,G,129,3383,18
19146,G,G,A,A,130,3383,18
19227,A,A,G,G,131,3391,18
19245,C,C,A,A,132,3396,18
19322,A,A,-,-,132,3434,19
19364,T,T,C,C,133,3452,19
19418,C,C,T,T,134,3488,19
19430,C,C,A,T,135,3488,19
19457,-,-,C,C,135,3519,19
19536,G,G,A,T,136,3527,19
19542,G,G,A,A,137,3527,19
19834,T,T,C,C,138,3556,19
19897,-,-,A,A,138,3558,19
19897,-,-,T,T,138,3559,19
19907,T,T,A,A,139,3559,19
20090,T,T,C,C,140,3577,19
20162,A,A,G,G,141,3588,19
20226,T,T,C,C,142,3591,19
20257,A,A,T,C,143,3592,19
20296,C,C,T,T,144,3593,19
20301,A,A,C,G,145,3593,19
20341,C,C,T,T,146,3600,19
20361,A,A,G,G,147,3615,19
20378,A,A,C,C,148,3615,19
21025,T,T,C,C,149,3765,19
21194,G,G,T,T,150,3820,19
21199,G,G,T,T,151,3826,19
21236,A,A,C,C,152,3866,19
21258,C,C,T,T,153,3866,19
21385,T,T,C,C,154,3900,19
21415,C,C,T,T,155,3901,19
21423,T,T,C,C,156,3904,19
21509,C,C,G,G,157,3930,19
21511,T,T,C,C,158,3930,19
21545,A,A,T,G,159,3935,19
21598,A,A,G,G,160,3943,19
21637,T,T,C,C,161,3951,19
21704,A,G,-,-,161,3952,20
21862,A,A,G,G,162,4011,20
22286,T,T,C,C,163,4060,20
22309,C,C,T,T,164,4070,20
22583,A,A,G,G,165,4127,20
22605,A,A,G,G,166,4127,20
22653,C,C,T,T,167,4135,20
22768,T,T,G,G,168,4142,20
22838,A,A,G,G,169,4147,20
22997,G,G,C,A,170,4160,20
23003,A,A,G,T,171,4161,20
23004,T,T,*,-,171,4162,21
23005,T,T,*,-,171,4162,22
23209,A,A,G,G,172,4219,22
23236,T,T,C,C,173,4253,22
23243,G,G,A,A,174,4267,22
23252,T,T,G,G,175,4317,22
23417,A,A,T,T,176,4328,22
23509,A,A,G,G,177,4328,22
23641,G,G,A,C,178,4400,22
23674,A,A,G,G,179,4414,22
23675,T,T,A,C,180,4414,22
23709,A,T,-,-,180,4437,23
23794,G,G,A,A,181,4453,23
24263,G,G,A,T,182,4562,23
24267,C,C,T,G,183,4562,23
24276,A,A,T,T,184,4569,23
24576,C,C,T,T,185,4656,23
24583,A,A,G,G,186,4656,23
24603,A,A,T,G,187,4656,23
24613,A,A,C,T,188,4656,23
24651,T,T,C,G,189,4656,23
24661,A,A,G,G,190,4656,23
24666,C,C,T,T,191,4656,23
24680,A,A,G,C,192,4656,23
24766,C,C,A,A,193,4669,23
24990,G,G,A,A,194,4672,23
24995,C,C,A,G,195,4673,23
25272,C,C,T,T,196,4763,23
25391,C,C,T,A,197,4777,23
25730,A,A,G,G,198,4878,23
25881,G,G,A,A,199,5012,23
26057,T,T,C,C,200,5027,23
26143,C,C,A,A,201,5032,23
26164,-,-,A,A,201,5047,23
26164,-,-,A,A,201,5048,23
26164,-,-,A,A,201,5053,23
26164,-,-,A,A,201,5054,23
26164,-,-,G,C,201,5055,23
26170,C,C,A,A,202,5058,23
26171,T,T,C,C,203,5058,23
26172,G,G,A,T,204,5058,23
26173,A,A,G,G,205,5058,23
26176,G,G,A,A,206,5059,23
26224,A,A,G,T,207,5068,23
26236,C,C,G,G,208,5071,23
26305,A,A,G,G,209,5089,23
26326,T,T,C,G,210,5096,23
26529,C,C,T,T,211,5106,23
