66,A,A,G,G,1,0,0
132,T,T,C,C,2,12,0
204,-,-,C,C,2,30,0
207,G,G,A,T,3,30,0
256,G,G,A,A,4,38,0
260,A,A,T,T,5,38,0
460,A,A,G,G,6,86,0
648,A,A,G,G,7,98,0
681,A,A,C,C,8,98,0
726,A,A,G,G,9,98,0
878,T,T,C,C,10,118,0
909,T,T,G,G,11,118,0
993,C,C,A,G,12,118,0
1167,G,G,T,T,13,118,0
1461,C,C,G,G,14,125,0
1583,A,A,G,G,15,125,0
1750,A,A,G,G,16,150,0
1892,T,T,C,C,17,258,0
1920,A,A,G,G,18,258,0
1945,A,A,*,-,18,325,1
1946,G,G,*,-,18,325,2
1951,A,A,*,-,18,325,3
1952,G,G,*,-,18,325,4
1953,A,A,*,-,18,325,5
1954,G,G,*,-,18,325,6
1955,C,A,*,-,18,325,7
1956,G,G,*,-,18,325,8
1957,G,A,*,-,18,325,9
1982,G,G,-,-,18,335,10
2511,C,C,G,T,19,518,10
2550,G,G,A,A,20,518,10
2690,C,C,A,A,21,519,10
2911,C,C,G,G,22,541,10
2916,T,T,C,C,23,541,10
2919,G,G,A,A,24,541,10
2920,A,A,G,G,25,541,10
2941,T,T,C,C,26,541,10
2988,G,G,A,A,27,547,10
3002,C,C,T,T,28,547,10
3071,A,A,G,G,29,555,10
3286,G,G,-,-,29,611,11
3287,C,C,-,-,29,611,12
3469,C,C,G,T,30,670,12
3499,A,A,G,G,31,682,12
3627,A,A,G,G,32,719,12
3645,T,T,C,C,33,719,12
3797,G,G,A,A,34,722,12
3801,C,C,G,G,35,722,12
3878,C,C,T,T,36,734,12
3905,G,G,A,A,37,740,12
3955,G,G,T,A,38,741,12
3965,G,G,T,T,39,741,12
4087,A,A,G,G,40,754,12
4182,A,A,G,G,41,762,12
4245,T,T,G,C,42,765,12
4380,T,T,A,A,43,822,12
4492,T,T,-,*,43,852,13
4496,G,G,-,*,43,870,14
4497,T,G,-,*,43,870,15
4498,T,T,-,*,43,870,16
4499,G,G,-,*,43,870,17
4500,T,G,-,*,43,870,18
4514,T,T,*,*,43,870,19
4515,T,T,*,*,43,870,20
4516,T,T,*,*,43,870,21
4517,T,T,*,*,43,870,22
4518,G,G,*,*,43,870,23
4519,T,T,*,*,43,870,24
4520,T,T,*,*,43,870,25
4521,T,T,*,*,43,870,26
4522,G,G,*,*,43,870,27
4523,T,T,*,*,43,870,28
4524,T,T,*,*,43,870,29
4525,T,T,*,*,43,870,30
4526,T,T,*,*,43,870,31
4527,G,G,*,*,43,874,32
4528,T,T,*,*,43,874,33
4529,T,T,*,*,43,874,34
4530,T,T,*,*,43,874,35
4531,G,G,*,*,43,874,36
4532,T,T,*,*,43,874,37
4533,T,T,*,*,43,874,38
4871,G,G,C,A,44,880,38
5229,A,A,G,G,45,934,38
5316,G,G,A,T,46,938,38
5353,A,A,G,G,47,941,38
5368,T,T,C,C,48,941,38
5644,A,A,C,C,49,1056,38
5686,-,-,T,T,49,1067,38
5686,-,-,G,G,49,1068,38
5717,T,T,C,C,50,1068,38
5795,C,C,T,T,51,1069,38
5922,T,T,C,C,52,1170,38
5978,T,T,G,G,53,1313,38
6008,C,C,A,A,54,1319,38
6013,A,A,G,T,55,1322,38
6058,A,A,G,G,56,1334,38
6074,T,T,A,A,57,1334,38
6106,A,A,-,-,57,1387,39
6200,G,G,A,A,58,1435,39
6311,A,A,G,G,59,1450,39
6427,C,C,A,A,60,1463,39
6449,A,A,G,G,61,1467,39
6488,T,T,-,-,61,1493,40
6489,T,T,-,-,61,1493,41
6490,G,G,-,-,61,1493,42
6491,T,T,-,-,61,1493,43
6492,T,T,-,-,61,1493,44
6493,G,G,-,-,61,1493,45
6610,C,C,T,G,62,1507,45
6731,G,G,A,A,63,1520,45
7255,G,G,T,T,64,1733,45
7309,T,T,C,C,65,1796,45
7324,T,T,C,C,66,1796,45
7325,G,G,A,A,67,1796,45
7404,G,G,T,T,68,1803,45
7421,A,A,T,T,69,1808,45
7439,A,A,G,G,70,1808,45
7587,A,A,T,T,71,1818,45
7750,G,G,A,A,72,1828,45
7809,-,-,T,T,72,1833,45
7809,-,-,T,T,72,1834,45
7809,-,-,T,T,72,1835,45
7809,-,-,A,C,72,1836,45
8116,C,C,T,T,73,1899,45
8149,A,A,G,G,74,1933,45
8173,T,T,C,G,75,1933,45
8320,G,G,C,T,76,1950,45
8409,A,A,G,G,77,1958,45
8599,C,C,T,T,78,1986,45
8650,C,C,T,A,79,1996,45
8778,A,A,G,G,80,2010,45
8829,T,T,A,A,81,2011,45
8867,C,C,G,T,82,2014,45
9131,A,A,C,C,83,2034,45
9159,G,G,C,C,84,2059,45
9196,C,C,T,G,85,2071,45
9383,A,A,G,G,86,2123,45
9505,A,A,G,G,87,2280,45
9662,T,T,C,C,88,2316,45
9676,G,G,A,C,89,2317,45
10586,T,T,C,A,90,2430,45
10706,G,G,A,A,91,2430,45
11224,T,T,C,C,92,2516,45
11271,G,G,C,C,93,2562,45
11321,T,T,C,C,94,2572,45
11355,T,T,A,A,95,2573,45
11360,T,T,C,C,96,2573,45
11549,A,A,T,T,97,2627,45
11572,C,C,T,T,98,2627,45
11593,G,G,A,A,99,2627,45
11607,C,C,T,A,100,2630,45
11640,A,A,-,-,100,2636,46
11641,A,A,-,-,100,2636,47
11642,A,A,-,-,100,2636,48
12240,G,G,A,T,101,2771,48
12248,A,A,T,T,102,2782,48
12327,C,C,A,A,103,2812,48
12334,C,C,T,T,104,2828,48
12361,-,-,T,T,104,2830,48
12670,T,T,A,A,105,2852,48
12682,C,C,T,T,106,2857,48
12775,C,C,T,T,107,2889,48
12867,T,T,C,C,108,2890,48
12956,A,A,G,G,109,2890,48
12981,G,G,A,A,110,2899,48
12991,T,T,C,C,111,2899,48
13158,A,A,G,G,112,2903,48
13210,T,T,C,C,113,2906,48
13264,T,T,C,C,114,2907,48
13299,G,G,A,A,115,2908,48
13449,C,C,A,A,116,2918,48
13638,C,C,T,T,117,2933,48
13769,-,-,A,A,117,2939,48
13769,-,-,T,T,117,2940,48
13769,-,-,T,T,117,2941,48
13769,-,-,A,A,117,2942,48
13769,-,-,T,T,117,2943,48
13774,C,C,T,T,118,2943,48
13873,T,T,A,A,119,2953,48
14048,C,C,T,T,120,2962,48
14198,C,C,T,A,121,3036,48
14227,G,G,A,T,122,3038,48
14235,C,C,G,G,123,3043,48
14343,G,G,A,A,124,3119,48
14362,C,C,A,T,125,3120,48
14450,C,C,A,G,126,3137,48
14596,A,A,G,G,127,3144,48
14822,T,T,C,C,128,3169,48
15283,T,T,C,C,129,3302,48
15365,A,A,G,G,130,3307,48
15403,G,G,T,A,131,3308,48
15420,-,-,A,A,131,3309,48
15420,-,-,G,G,131,3310,48
15420,-,-,C,C,131,3311,48
15558,A,A,G,G,132,3325,48
15789,C,C,T,T,133,3393,48
15935,A,A,G,C,134,3397,48
16138,G,G,C,A,135,3425,48
16186,G,G,A,T,136,3451,48
16188,G,G,A,C,137,3451,48
16366,T,T,C,C,138,3461,48
16411,A,A,G,G,139,3462,48
16440,A,A,C,C,140,3516,48
16524,T,T,C,C,141,3569,48
16547,C,C,G,G,142,3573,48
16831,G,G,T,T,143,3587,48
16836,C,C,G,G,144,3587,48
16868,G,G,T,T,145,3589,48
17458,T,T,C,C,146,3605,48
17763,T,T,A,A,147,3634,48
17774,T,T,C,C,148,3640,48
17911,A,A,C,C,149,3640,48
17961,A,A,G,G,150,3640,48
18012,T,T,G,G,151,3640,48
18067,A,A,G,G,152,3641,48
18283,T,T,G,G,153,3736,48
18648,G,G,A,A,154,3781,48
18692,G,G,A,A,155,3781,48
18720,T,T,-,-,155,3781,49
18721,A,A,-,-,155,3781,50
18722,T,T,C,C,156,3781,50
18723,T,T,C,C,157,3781,50
18791,-,-,A,A,157,3793,50
18915,T,T,C,C,158,3820,50
19053,T,T,C,C,159,3825,50
19069,C,C,G,G,160,3825,50
19085,A,A,C,C,161,3825,50
19105,-,-,G,G,161,3841,50
19212,T,T,C,C,162,3846,50
19460,T,T,C,C,163,3883,50
19479,T,T,C,C,164,3887,50
19579,C,C,A,A,165,3909,50
19814,A,A,C,C,166,3939,50
20083,G,G,T,T,167,3964,50
20120,G,G,T,T,168,3982,50
20159,A,A,G,G,169,4008,50
20280,T,T,C,C,170,4023,50
20315,T,T,C,C,171,4029,50
20461,A,A,T,T,172,4063,50
20487,C,C,T,T,173,4067,50
20579,T,T,C,C,174,4071,50
20702,G,G,C,C,175,4082,50
20733,T,T,C,A,176,4088,50
20735,A,A,T,T,177,4088,50
20761,A,A,C,C,178,4091,50
21109,T,T,C,C,179,4120,50
21167,C,C,A,G,180,4125,50
21205,G,G,C,A,181,4134,50
21226,A,A,G,G,182,4144,50
21315,T,T,C,C,183,4146,50
21338,-,-,G,G,183,4161,50
21352,T,T,-,-,183,4170,51
21353,T,T,-,-,183,4170,52
21354,C,C,-,-,183,4170,53
21355,A,A,-,-,183,4170,54
21356,C,C,-,-,183,4170,55
21357,C,C,-,-,183,4170,56
21358,C,T,-,-,183,4170,57
21814,G,G,T,T,184,4207,57
22353,A,A,C,C,185,4256,57
22603,A,A,G,G,186,4292,57
22726,T,G,-,-,186,4305,58
23168,T,T,G,G,187,4355,58
23183,T,T,C,C,188,4355,58
