146,G,G,-,*,0,16,1
251,A,A,-,*,0,40,2
252,A,A,-,*,0,40,3
253,A,A,-,*,0,40,4
254,A,A,-,*,0,40,5
255,T,T,-,*,0,40,6
280,T,T,*,*,0,40,7
281,T,T,*,*,0,40,8
282,A,A,*,*,0,41,9
283,A,A,*,*,0,41,10
284,A,A,*,*,0,41,11
285,G,A,*,*,0,41,12
286,A,A,*,*,0,41,13
287,A,A,*,*,0,41,14
638,T,T,*,*,0,52,15
639,A,A,*,*,0,52,16
640,G,G,*,*,0,52,17
641,G,G,*,*,0,52,18
642,A,A,*,*,0,52,19
643,T,T,*,*,0,52,20
644,T,T,*,*,0,52,21
645,T,T,*,*,0,52,22
646,T,T,*,*,0,52,23
647,C,C,*,*,0,52,24
648,T,T,*,*,0,52,25
649,T,T,*,*,0,55,26
650,T,T,*,*,0,55,27
651,T,T,*,*,0,55,28
652,C,C,*,*,0,55,29
653,T,T,*,*,0,55,30
654,T,T,*,*,0,55,31
655,T,T,*,*,0,55,32
656,C,C,*,*,0,55,33
657,T,T,*,*,0,55,34
658,T,T,*,*,0,55,35
659,T,T,*,*,0,55,36
660,C,T,*,*,0,55,37
661,T,T,*,*,0,55,38
662,T,T,*,*,0,56,39
663,T,T,*,*,0,56,40
664,C,T,*,*,0,56,41
665,T,T,*,*,0,56,42
666,T,T,*,*,0,56,43
667,T,T,*,*,0,56,44
668,T,T,*,*,0,56,45
684,T,T,*,*,0,105,46
685,T,T,*,*,0,105,47
686,T,T,*,*,0,105,48
687,G,G,*,*,0,105,49
688,A,A,*,*,0,105,50
689,G,G,*,*,0,105,51
690,G,A,*,*,0,105,52
691,T,T,*,*,0,105,53
692,G,G,*,*,0,105,54
693,G,G,*,*,0,105,55
694,A,A,*,*,0,105,56
695,G,G,*,*,0,105,57
696,T,T,*,*,0,105,58
697,C,C,*,*,0,105,59
698,T,T,*,*,0,105,60
699,C,C,*,*,0,105,61
700,G,G,*,*,0,105,62
701,C,C,*,*,0,105,63
702,T,T,*,*,0,105,64
703,C,C,*,*,0,105,65
704,T,T,*,*,0,105,66
705,G,G,*,*,0,105,67
706,T,T,*,*,0,105,68
707,C,C,*,*,0,105,69
708,G,G,*,*,0,105,70
709,C,C,*,*,0,105,71
710,C,C,*,*,0,105,72
711,C,C,*,*,0,105,73
712,A,A,*,*,0,105,74
713,G,G,*,*,0,105,75
714,G,G,*,*,0,108,76
715,C,C,*,*,0,108,77
716,T,T,*,*,0,108,78
717,G,G,*,*,0,108,79
718,G,G,*,*,0,108,80
719,A,A,*,*,0,108,81
720,G,G,*,*,0,108,82
721,T,T,*,*,0,108,83
722,G,G,*,*,0,108,84
723,C,C,*,*,0,108,85
724,G,A,*,*,0,108,86
725,G,G,*,*,0,108,87
726,T,T,*,*,0,108,88
727,G,G,*,*,0,108,89
728,G,G,*,*,0,108,90
729,C,C,*,*,0,108,91
730,G,G,*,*,0,108,92
731,C,C,*,*,0,108,93
732,A,A,*,*,0,108,94
733,A,A,*,*,0,108,95
734,T,T,*,*,0,108,96
735,C,T,*,*,0,108,97
736,T,T,*,*,0,108,98
737,C,C,*,*,0,108,99
738,G,G,*,*,0,108,100
739,G,G,*,*,0,108,101
740,C,C,*,*,0,108,102
741,T,T,*,*,0,108,103
742,C,C,*,*,0,108,104
743,A,A,*,*,0,108,105
744,C,C,*,*,0,108,106
745,T,T,*,*,0,108,107
746,G,G,*,*,0,108,108
747,C,C,*,*,0,108,109
748,A,A,*,*,0,108,110
749,A,A,*,*,0,108,111
750,G,G,*,*,0,108,112
751,C,C,*,*,0,108,113
752,T,C,*,*,0,108,114
753,C,C,*,*,0,108,115
754,C,C,*,*,0,108,116
755,G,A,*,*,0,108,117
756,C,C,*,*,0,108,118
757,C,T,*,*,0,108,119
758,T,T,*,*,0,108,120
759,C,C,*,*,0,108,121
760,C,C,*,*,0,108,122
761,C,C,*,*,0,108,123
762,A,A,*,*,0,108,124
763,G,G,*,*,0,108,125
764,A,A,*,*,0,108,126
765,T,T,*,*,0,108,127
766,T,T,*,*,0,108,128
767,C,C,*,*,0,108,129
768,A,A,*,*,0,108,130
769,C,C,*,*,0,108,131
770,G,G,*,*,0,108,132
771,C,C,*,*,0,108,133
772,C,C,*,*,0,108,134
773,A,A,*,*,0,108,135
774,T,T,*,*,0,108,136
775,T,T,*,*,0,108,137
776,C,C,*,*,0,108,138
777,T,T,*,*,0,108,139
778,C,C,*,*,0,108,140
779,C,C,*,*,0,108,141
780,T,T,*,*,0,108,142
781,G,G,*,*,0,108,143
782,C,C,*,*,0,108,144
783,C,C,*,*,0,108,145
784,T,C,*,*,0,108,146
785,C,C,*,*,0,108,147
786,A,A,*,*,0,108,148
787,G,G,*,*,0,108,149
789,C,C,*,*,0,108,150
790,T,T,*,*,0,108,151
791,C,C,*,*,0,108,152
792,C,C,*,*,0,108,153
793,C,C,*,*,0,108,154
794,C,C,*,*,0,108,155
795,A,A,*,*,0,108,156
796,G,G,*,*,0,108,157
797,T,T,*,*,0,108,158
798,A,A,*,*,0,108,159
799,G,G,*,*,0,108,160
800,C,C,*,*,0,108,161
801,T,T,*,*,0,108,162
802,G,A,*,*,0,108,163
803,G,G,*,*,0,108,164
804,G,G,*,*,0,108,165
805,A,A,*,*,0,108,166
806,C,C,*,*,0,108,167
807,T,T,*,*,0,108,168
808,A,A,*,*,0,108,169
809,C,C,*,*,0,108,170
810,A,A,*,*,0,108,171
811,G,G,*,*,0,108,172
812,G,G,*,*,0,108,173
813,C,C,*,*,0,108,174
814,A,G,*,*,0,108,175
815,C,C,*,*,0,108,176
816,C,C,*,*,0,108,177
817,C,T,*,*,0,108,178
818,G,G,*,*,0,108,179
819,C,C,*,*,0,108,180
820,C,C,*,*,0,108,181
821,A,A,*,*,0,108,182
822,C,C,*,*,0,108,183
823,C,C,*,*,0,108,184
824,A,A,*,*,0,108,185
825,C,C,*,*,0,108,186
826,G,G,*,*,0,108,187
827,C,C,*,*,0,108,188
828,C,C,*,*,0,108,189
829,C,C,*,*,0,108,190
830,G,G,*,*,0,108,191
831,G,G,*,*,0,108,192
832,C,C,*,*,0,108,193
833,T,T,*,*,0,108,194
834,A,A,*,*,0,108,195
835,A,T,*,*,0,108,196
836,T,T,*,*,0,108,197
837,T,T,*,*,0,108,198
838,T,T,*,*,0,108,199
839,T,T,*,*,0,108,200
840,T,T,*,*,0,108,201
841,T,G,*,*,0,108,202
842,T,T,*,*,0,108,203
843,T,G,*,*,0,108,204
844,T,T,*,*,0,108,205
1011,-,-,T,C,0,112,205
1050,T,T,C,C,1,117,205
1082,T,T,C,C,2,121,205
1445,G,G,A,A,3,183,205
1517,T,T,C,C,4,226,205
1520,G,G,A,A,5,226,205
1555,C,C,T,T,6,226,205
1557,-,-,T,T,6,227,205
1557,-,-,T,C,6,228,205
1557,-,-,G,G,6,229,205
1557,-,-,T,T,6,230,205
1569,G,G,T,T,7,253,205
1662,T,T,C,C,8,268,205
1846,T,T,C,C,9,329,205
1908,T,T,G,G,10,329,205
2068,C,C,T,T,11,330,205
2172,-,-,C,C,11,340,205
2172,-,-,T,T,11,341,205
2172,-,-,C,C,11,342,205
2172,-,-,A,A,11,343,205
2172,-,-,A,A,11,344,205
2172,-,-,A,A,11,345,205
2172,-,-,T,T,11,346,205
2172,-,-,G,G,11,347,205
2172,-,-,A,A,11,348,205
2172,-,-,A,A,11,349,205
2172,-,-,G,G,11,350,205
2172,-,-,G,G,11,351,205
2172,-,-,T,T,11,352,205
2172,-,-,G,A,11,353,205
2172,-,-,T,T,11,354,205
2172,-,-,T,T,11,355,205
2172,-,-,A,G,11,356,205
2172,-,-,T,T,11,357,205
2172,-,-,G,G,11,358,205
2172,-,-,A,A,11,359,205
2172,-,-,T,C,11,360,205
2172,-,-,A,A,11,361,205
2172,-,-,T,T,11,362,205
2172,-,-,G,G,11,363,205
2172,-,-,A,A,11,364,205
2172,-,-,C,C,11,365,205
2232,C,C,T,T,12,380,205
2302,C,C,T,T,13,400,205
2303,A,A,G,G,14,400,205
2522,T,T,-,-,14,422,206
2600,T,T,C,C,15,423,206
2609,T,T,C,C,16,423,206
2611,T,T,C,C,17,423,206
2786,T,T,-,-,17,448,207
2787,T,T,-,-,17,448,208
2788,G,G,-,-,17,448,209
2789,A,A,-,-,17,448,210
2790,T,T,-,-,17,448,211
2791,A,A,-,-,17,448,212
2792,T,T,-,-,17,448,213
2793,G,G,-,-,17,448,214
2850,A,A,G,G,18,453,214
2935,A,A,G,G,19,453,214
2980,A,A,G,G,20,462,214
3344,T,T,C,C,21,529,214
3346,C,C,T,T,22,529,214
3351,T,T,C,C,23,529,214
3603,C,C,T,T,24,576,214
3604,A,A,G,G,25,576,214
3627,T,T,C,C,26,576,214
3879,A,A,G,G,27,597,214
4127,G,G,T,A,28,614,214
4180,T,T,G,G,29,614,214
4423,C,C,-,-,29,662,215
4424,C,G,-,-,29,662,216
4425,A,C,-,-,29,662,217
4426,C,C,-,-,29,662,218
4427,C,C,-,-,29,662,219
4428,G,C,-,-,29,662,220
4429,C,G,-,-,29,662,221
4430,C,C,-,-,29,662,222
4431,C,C,-,-,29,662,223
4432,C,C,-,-,29,662,224
4457,T,T,C,C,30,686,224
4597,C,C,T,T,31,785,224
4665,A,A,T,T,32,794,224
4716,G,G,A,A,33,794,224
4734,C,C,T,G,34,796,224
4745,G,G,A,A,35,796,224
4824,C,C,G,G,36,805,224
4881,C,C,T,T,37,806,224
4939,A,A,T,C,38,811,224
4941,-,-,C,C,38,813,224
5020,T,T,A,G,39,848,224
5068,C,C,G,G,40,859,224
5140,T,T,C,C,41,866,224
5373,C,C,T,T,42,928,224
5544,A,A,G,C,43,941,224
5749,G,G,C,T,44,952,224
5875,A,A,G,G,45,962,224
5982,G,G,A,A,46,979,224
6013,G,G,A,A,47,983,224
6056,C,C,G,G,48,985,224
6496,T,T,G,G,49,1052,224
6586,T,T,G,G,50,1105,224
6630,T,T,C,C,51,1190,224
6685,T,T,C,C,52,1191,224
6700,A,A,G,G,53,1191,224
6762,C,C,T,T,54,1191,224
6788,T,T,C,C,55,1218,224
6888,G,G,A,A,56,1238,224
6924,A,A,C,C,57,1238,224
6958,A,A,T,G,58,1241,224
7098,A,A,G,G,59,1254,224
7388,T,T,C,C,60,1255,224
7473,T,T,-,-,60,1262,225
7474,A,A,-,-,60,1262,226
7481,A,A,G,C,61,1262,226
7615,A,A,-,-,61,1298,227
7616,A,A,-,-,61,1298,228
7617,A,A,-,-,61,1298,229
7618,T,T,-,-,61,1298,230
7619,A,A,-,-,61,1298,231
7711,C,C,G,G,62,1308,231
7869,A,A,G,C,63,1375,231
8022,A,A,G,G,64,1404,231
8037,T,T,-,-,64,1405,232
8038,C,C,-,-,64,1405,233
8056,A,A,G,G,65,1407,233
8106,G,G,C,C,66,1414,233
8111,A,A,G,G,67,1414,233
8120,T,T,C,C,68,1418,233
8151,G,G,A,A,69,1418,233
8428,G,G,T,A,70,1442,233
8429,A,A,G,G,71,1442,233
8564,A,A,G,G,72,1445,233
8567,G,G,T,C,73,1445,233
8733,G,G,A,A,74,1458,233
8754,A,A,G,G,75,1458,233
8874,G,G,T,T,76,1468,233
9017,A,A,G,G,77,1498,233
9066,A,A,G,G,78,1506,233
9088,C,C,T,T,79,1506,233
9156,T,T,C,C,80,1509,233
9284,C,C,T,T,81,1545,233
9357,C,C,G,G,82,1556,233
9472,A,A,-,*,82,1563,234
9473,A,A,-,*,82,1563,235
9474,A,A,-,*,82,1563,236
9475,A,A,-,*,82,1563,237
9476,A,A,-,*,82,1563,238
9477,A,A,-,*,82,1563,239
9478,A,A,-,*,82,1563,240
9554,A,A,G,G,83,1571,240
9607,C,C,T,T,84,1577,240
9688,T,T,C,C,85,1588,240
9795,G,G,T,C,86,1627,240
9796,G,G,A,A,87,1627,240
10056,A,A,G,G,88,1648,240
10160,G,G,C,T,89,1657,240
10182,A,A,G,G,90,1666,240
10244,A,A,T,G,91,1669,240
10656,T,T,C,C,92,1742,240
11026,C,C,T,G,93,1743,240
11182,C,C,T,T,94,1743,240
11296,G,G,A,A,95,1743,240
11485,A,A,G,G,96,1743,240
11619,-,-,C,C,96,1763,240
11632,T,T,C,C,97,1763,240
11653,G,G,-,-,97,1763,241
11654,A,A,C,G,98,1763,241
11694,G,G,A,A,99,1768,241
11696,G,G,T,A,100,1768,241
11742,G,G,C,A,101,1876,241
11809,T,T,C,C,102,1936,241
11861,A,A,C,C,103,1936,241
11938,T,T,G,G,104,1939,241
12016,A,A,G,G,105,1963,241
12095,C,C,T,G,106,1987,241
12096,A,A,G,G,107,1987,241
12097,A,A,G,G,108,1987,241
12154,T,T,C,C,109,2003,241
12274,A,A,G,G,110,2034,241
12301,T,T,A,A,111,2034,241
12519,A,A,G,T,112,2047,241
12662,T,T,C,C,113,2148,241
12663,G,G,A,A,114,2148,241
12920,C,C,T,G,115,2198,241
13314,C,C,G,G,116,2308,241
13820,T,T,C,C,117,2364,241
13933,C,C,T,T,118,2388,241
13966,C,C,T,T,119,2399,241
14196,T,T,C,C,120,2523,241
14245,A,A,G,G,121,2524,241
14280,C,C,G,T,122,2530,241
14747,T,T,C,C,123,2610,241
14863,A,A,G,G,124,2612,241
14905,T,T,A,A,125,2615,241
14914,-,-,G,G,125,2616,241
14982,G,G,T,T,126,2625,241
15077,G,G,A,C,127,2626,241
15129,G,G,A,A,128,2627,241
15238,A,A,G,G,129,2665,241
15247,C,C,G,G,130,2665,241
15250,T,T,C,C,131,2665,241
15392,T,T,C,C,132,2676,241
15434,A,A,C,C,133,2676,241
15510,G,G,A,C,134,2680,241
15696,T,T,C,C,135,2700,241
17064,A,A,G,G,136,2788,241
17122,G,G,A,A,137,2803,241
17127,T,T,C,C,138,2803,241
17189,G,G,A,A,139,2804,241
17212,C,C,T,A,140,2805,241
17263,G,G,C,C,141,2807,241
17315,G,G,C,T,142,2826,241
17568,A,A,G,G,143,2846,241
17590,G,G,T,T,144,2849,241
17669,C,C,G,G,145,2853,241
17872,T,T,C,A,146,2933,241
17882,T,T,C,C,147,2934,241
18005,G,G,-,-,147,2953,242
18006,A,A,-,-,147,2953,243
18362,T,T,C,C,148,3013,243
18454,A,A,T,T,149,3051,243
18486,G,G,A,C,150,3052,243
18506,A,A,G,G,151,3053,243
18569,G,G,A,A,152,3058,243
18689,A,A,G,G,153,3076,243
18745,T,T,C,C,154,3083,243
18759,A,A,G,G,155,3083,243
18762,C,C,G,G,156,3083,243
18773,C,C,T,G,157,3084,243
18864,A,A,G,G,158,3097,243
18872,T,T,A,A,159,3127,243
19023,T,T,C,A,160,3158,243
19179,T,T,C,C,161,3198,243
19382,T,T,C,C,162,3220,243
19764,G,G,C,C,163,3263,243
20028,A,A,G,G,164,3369,243
20083,A,A,T,T,165,3385,243
20112,C,C,A,A,166,3385,243
20228,C,C,T,T,167,3393,243
20604,T,T,C,C,168,3470,243
20810,G,G,A,A,169,3487,243
20911,A,A,G,G,170,3498,243
20983,A,A,T,G,171,3501,243
21260,C,C,T,T,172,3569,243
21303,A,A,G,C,173,3569,243
21587,G,G,A,A,174,3597,243
21745,A,A,G,G,175,3597,243
21778,G,G,A,A,176,3602,243
21781,G,G,A,A,177,3607,243
21784,G,G,A,A,178,3607,243
21789,G,G,-,-,178,3607,244
21824,C,C,-,-,178,3608,245
21825,T,T,-,-,178,3608,246
21981,C,C,T,G,179,3687,246
22087,T,T,C,A,180,3688,246
22151,C,C,T,T,181,3696,246
22243,C,C,T,T,182,3703,246
22496,T,T,C,C,183,3767,246
22556,T,T,A,C,184,3767,246
22774,-,-,C,T,184,3789,246
22774,-,-,A,C,184,3790,246
22774,-,-,A,A,184,3791,246
22774,-,-,A,A,184,3792,246
22774,-,-,T,T,184,3793,246
22774,-,-,A,A,184,3794,246
22774,-,-,A,A,184,3795,246
22774,-,-,A,A,184,3796,246
22795,G,G,A,A,185,3796,246
22800,T,T,C,C,186,3796,246
22886,T,T,C,C,187,3804,246
23251,T,T,C,A,188,3878,246
23713,G,G,T,A,189,3950,246
23796,T,T,C,C,190,3950,246
23988,-,-,A,A,190,3983,246
23988,-,-,A,G,190,3984,246
23988,-,-,A,A,190,3985,246
23988,-,-,G,G,190,3986,246
23988,-,-,A,A,190,3987,246
23988,-,-,G,G,190,3988,246
23988,-,-,A,A,190,3989,246
23988,-,-,G,G,190,4034,246
23988,-,-,A,A,190,4035,246
23988,-,-,A,G,190,4036,246
23988,-,-,A,A,190,4037,246
23988,-,-,G,G,190,4038,246
24031,T,T,A,A,191,4048,246
24047,C,C,T,T,192,4082,246
24070,G,G,A,A,193,4082,246
24093,T,T,A,G,194,4082,246
24271,A,A,G,G,195,4082,246
24274,C,C,A,T,196,4082,246
24276,A,A,C,C,197,4082,246
24324,A,A,G,G,198,4082,246
24374,G,G,A,A,199,4082,246
24473,G,G,A,A,200,4083,246
24479,A,A,T,C,201,4085,246
24513,T,T,C,C,202,4085,246
24613,C,C,A,T,203,4085,246
24626,T,T,C,C,204,4085,246
24628,C,C,T,T,205,4085,246
24862,T,T,C,A,206,4110,246
25084,A,A,G,G,207,4125,246
25201,G,G,A,A,208,4189,246
25282,A,A,G,G,209,4196,246
25323,A,A,G,G,210,4196,246
25512,T,T,A,A,211,4217,246
25550,T,T,C,C,212,4217,246
25679,-,-,A,A,212,4232,246
25679,-,-,A,A,212,4233,246
25679,-,-,A,A,212,4234,246
25679,-,-,C,T,212,4235,246
25679,-,-,A,A,212,4236,246
25679,-,-,T,T,212,4237,246
