731,C,C,-,*,0,166,1
732,A,A,-,*,0,166,2
733,T,T,-,*,0,166,3
734,A,A,-,*,0,192,4
735,C,C,-,*,0,192,5
736,C,C,-,*,0,192,6
737,T,T,-,*,0,192,7
738,A,A,-,*,0,192,8
2575,A,A,-,*,0,426,9
2581,A,A,-,*,0,426,10
2582,A,A,-,*,0,426,11
2583,A,A,-,*,0,426,12
2913,T,T,-,*,0,465,13
2914,T,T,-,*,0,465,14
2915,T,T,-,*,0,465,15
2916,A,A,-,*,0,465,16
3011,C,C,-,*,0,476,17
3080,T,T,-,*,0,503,18
3889,T,T,-,*,0,641,19
4032,T,T,*,*,0,653,20
4033,C,C,*,*,0,653,21
4034,T,T,*,*,0,653,22
4035,A,A,*,*,0,653,23
4036,C,C,*,*,0,653,24
4037,T,T,*,*,0,653,25
4038,A,A,*,*,0,653,26
4051,T,T,*,*,0,653,27
4052,A,A,*,*,0,653,28
4053,T,T,*,*,0,653,29
4054,G,G,*,*,0,653,30
4055,T,T,*,*,0,653,31
4056,A,A,*,*,0,653,32
4057,C,C,*,*,0,653,33
4058,T,T,*,*,0,653,34
4059,A,A,*,*,0,653,35
4060,C,C,*,*,0,653,36
4061,A,G,*,*,0,653,37
4062,T,T,*,*,0,653,38
4063,A,A,*,*,0,653,39
4064,G,G,*,*,0,653,40
4065,T,T,*,*,0,653,41
4066,A,A,*,*,0,653,42
4069,T,T,*,*,0,653,43
4070,A,A,*,*,0,653,44
4071,T,T,*,*,0,653,45
4078,T,T,*,*,0,653,46
4079,A,A,*,*,0,653,47
4095,T,T,*,*,0,653,48
4096,A,A,*,*,0,653,49
4097,T,T,*,*,0,653,50
4098,G,A,*,*,0,653,51
4099,T,T,*,*,0,653,52
4100,A,A,*,*,0,653,53
4101,G,G,*,*,0,653,54
4102,T,T,*,*,0,653,55
4103,A,A,*,*,0,653,56
4104,T,C,*,*,0,653,57
4105,A,A,*,*,0,653,58
4106,T,T,*,*,0,653,59
4107,A,A,*,*,0,653,60
4109,T,A,*,*,0,653,61
4110,A,C,*,*,0,653,62
4112,T,T,*,*,0,654,63
4113,A,A,*,*,0,654,64
4114,T,T,*,*,0,654,65
4115,A,A,*,*,0,654,66
4116,T,T,*,*,0,654,67
4117,A,G,*,*,0,654,68
4118,T,T,*,*,0,654,69
4119,A,A,*,*,0,654,70
4120,G,C,*,*,0,654,71
4121,T,T,*,*,0,654,72
4122,A,A,*,*,0,654,73
4123,C,C,*,*,0,654,74
4124,A,A,*,*,0,654,75
4125,T,T,*,*,0,654,76
4126,A,A,*,*,0,654,77
4127,A,A,*,*,0,654,78
4129,T,C,*,*,0,654,79
4130,A,A,*,*,0,654,80
4131,T,T,*,*,0,654,81
4132,A,A,*,*,0,654,82
4133,T,T,*,*,0,654,83
4134,A,A,*,*,0,654,84
4135,T,T,*,*,0,655,85
4136,G,G,*,*,0,655,86
4137,T,T,*,*,0,655,87
4138,A,A,*,*,0,655,88
4139,C,C,*,*,0,655,89
4140,T,T,*,*,0,655,90
4141,A,A,*,*,0,655,91
4142,C,C,*,*,0,655,92
4143,A,G,*,*,0,655,93
4144,T,T,*,*,0,655,94
4145,A,A,*,*,0,655,95
4146,G,G,*,*,0,655,96
4147,T,T,*,*,0,655,97
4148,A,A,*,*,0,655,98
4149,C,A,*,*,0,655,99
4150,A,A,*,*,0,655,100
4151,T,T,*,*,0,657,101
4152,A,A,*,*,0,657,102
4153,C,C,*,*,0,657,103
4154,T,T,*,*,0,657,104
4155,A,A,*,*,0,657,105
4156,T,C,*,*,0,657,106
4157,G,G,*,*,0,657,107
4158,T,T,*,*,0,657,108
4159,A,A,*,*,0,657,109
4160,G,G,*,*,0,657,110
4161,T,T,*,*,0,657,111
4162,A,A,*,*,0,657,112
4163,T,T,*,*,0,657,113
4164,A,A,*,*,0,657,114
4165,T,T,*,*,0,657,115
4166,G,G,*,*,0,657,116
4167,G,G,*,*,0,657,117
4168,T,T,*,*,0,657,118
4169,A,A,*,*,0,657,119
4170,G,G,*,*,0,657,120
4308,A,A,-,*,0,658,121
4309,T,T,-,*,0,658,122
4383,C,C,-,*,0,666,123
4384,A,A,-,*,0,666,124
4946,A,A,-,*,0,687,125
4947,A,A,-,*,0,687,126
5252,G,G,-,*,0,829,127
5253,A,A,-,*,0,829,128
5273,A,A,-,*,0,830,129
5777,C,C,-,*,0,876,130
5778,T,T,-,*,0,876,131
5779,T,T,-,*,0,876,132
5780,G,G,-,*,0,876,133
5781,T,T,-,*,0,876,134
6290,T,T,-,*,0,915,135
6345,A,A,-,*,0,923,136
6346,T,T,-,*,0,923,137
6347,T,T,-,*,0,923,138
6348,T,T,-,*,0,923,139
6349,T,T,-,*,0,923,140
6350,A,A,-,*,0,923,141
6351,C,C,-,*,0,923,142
6352,T,T,-,*,0,923,143
6353,T,T,-,*,0,923,144
6354,T,T,-,*,0,923,145
6355,A,A,-,*,0,927,146
6412,A,A,-,*,0,931,147
6413,T,T,-,*,0,931,148
6414,T,T,-,*,0,931,149
6415,A,A,-,*,0,931,150
6416,A,A,-,*,0,931,151
6875,T,T,-,*,0,1028,152
8001,G,G,-,*,0,1375,153
8002,T,T,-,*,0,1375,154
8003,T,T,-,*,0,1375,155
8004,T,T,-,*,0,1375,156
8130,C,C,-,*,0,1409,157
8131,T,T,-,*,0,1409,158
8132,A,A,-,*,0,1410,159
8282,T,T,-,*,0,1449,160
8283,T,T,-,*,0,1449,161
8284,G,G,-,*,0,1449,162
8359,A,A,-,*,0,1463,163
8360,C,C,-,*,0,1463,164
8361,T,T,-,*,0,1463,165
8362,C,C,-,*,0,1463,166
8363,A,A,-,*,0,1463,167
8403,T,C,-,*,0,1474,168
8404,G,G,-,*,0,1480,169
8405,A,G,-,*,0,1480,170
8467,T,T,-,*,0,1531,171
8591,C,C,-,*,0,1575,172
8592,C,C,-,*,0,1575,173
8593,A,A,-,*,0,1575,174
9445,A,A,-,*,0,1722,175
9446,C,C,-,*,0,1722,176
9447,T,T,-,*,0,1722,177
9537,A,A,-,*,0,1729,178
9538,C,C,-,*,0,1729,179
9595,T,T,-,*,0,1747,180
9596,T,T,-,*,0,1747,181
9597,A,A,-,*,0,1747,182
9598,C,C,-,*,0,1747,183
9752,A,A,*,*,0,1772,184
9753,T,T,*,*,0,1772,185
9754,A,A,*,*,0,1772,186
9755,A,A,*,*,0,1772,187
10416,C,C,T,T,1,2001,187
10435,G,G,A,A,2,2005,187
10438,G,G,T,T,3,2005,187
10638,-,-,G,A,3,2076,187
10638,-,-,C,A,3,2077,187
10638,-,-,T,C,3,2078,187
10638,-,-,T,T,3,2080,187
10638,-,-,C,C,3,2081,187
10638,-,-,A,G,3,2082,187
10638,-,-,G,G,3,2083,187
10638,-,-,T,T,3,2084,187
10638,-,-,T,A,3,2085,187
10638,-,-,G,G,3,2086,187
10638,-,-,T,T,3,2087,187
10638,-,-,A,A,3,2088,187
10638,-,-,T,T,3,2089,187
10694,C,C,T,T,4,2094,187
10795,T,T,-,-,4,2099,188
10820,C,C,T,T,5,2101,188
10824,T,T,C,C,6,2101,188
10829,A,A,-,-,6,2101,189
10830,A,A,-,-,6,2101,190
10831,A,A,-,-,6,2101,191
10936,T,T,C,A,7,2125,191
10946,A,A,G,C,8,2125,191
10973,A,A,G,G,9,2125,191
11055,C,C,T,A,10,2128,191
11146,T,T,A,A,11,2134,191
11383,T,T,-,-,11,2237,192
11384,C,C,-,-,11,2237,193
11660,C,C,T,T,12,2299,193
11664,A,A,T,C,13,2299,193
11838,C,C,T,T,14,2325,193
11911,G,G,A,A,15,2342,193
11959,G,G,A,A,16,2347,193
12022,G,G,C,C,17,2350,193
12225,G,G,A,A,18,2350,193
12250,A,A,-,-,18,2350,194
12255,C,C,T,T,19,2350,194
12302,A,A,C,C,20,2377,194
12609,C,C,-,-,20,2441,195
12648,C,C,T,G,21,2447,195
12744,T,T,C,C,22,2458,195
12924,A,A,-,-,22,2475,196
12925,A,A,-,-,22,2475,197
12926,A,A,-,-,22,2475,198
12927,A,A,-,-,22,2475,199
12928,A,A,-,-,22,2475,200
13140,-,-,T,T,22,2507,200
13358,G,G,A,A,23,2523,200
13488,G,G,A,A,24,2704,200
13580,A,A,C,C,25,2788,200
13606,T,T,-,-,25,2794,201
13647,C,C,G,G,26,2794,201
13803,A,A,-,-,26,2801,202
13804,T,T,-,-,26,2801,203
13805,A,A,-,-,26,2801,204
13891,T,T,C,C,27,2804,204
13998,-,-,G,G,27,2806,204
14138,G,G,A,A,28,2822,204
14809,G,G,-,*,28,2931,205
14828,A,A,-,*,28,2931,206
14829,T,T,-,*,28,2932,207
14846,T,T,-,*,28,2932,208
14847,T,T,-,*,28,2932,209
14848,T,T,-,*,28,2932,210
14849,T,T,-,*,28,2932,211
14850,G,G,-,*,28,2932,212
14958,C,G,-,*,28,2945,213
14959,T,T,-,*,28,2945,214
14960,A,A,-,*,28,2945,215
16158,G,A,-,*,28,3166,216
16159,T,T,-,*,28,3166,217
16160,C,C,-,*,28,3166,218
16161,T,T,-,*,28,3166,219
16162,C,C,-,*,28,3166,220
16301,C,C,-,*,28,3189,221
16302,A,A,-,*,28,3189,222
16795,A,A,-,*,28,3339,223
16796,T,T,-,*,28,3339,224
17162,C,C,-,*,28,3448,225
17163,T,T,-,*,28,3448,226
17976,T,T,-,*,28,3622,227
18470,T,T,-,*,28,3957,228
18471,A,A,-,*,28,3957,229
18472,G,G,-,*,28,3957,230
18504,T,T,-,*,28,3957,231
18505,T,T,-,*,28,3957,232
18506,C,C,-,*,28,3957,233
20016,T,T,-,*,28,4258,234
20017,A,A,-,*,28,4258,235
20018,A,A,-,*,28,4258,236
20019,T,T,-,*,28,4258,237
21074,C,C,-,*,28,4470,238
21927,C,C,-,*,28,4578,239
22015,A,A,-,*,28,4606,240
22016,A,A,-,*,28,4606,241
22017,G,G,-,*,28,4606,242
22018,A,A,-,*,28,4613,243
22019,A,A,-,*,28,4613,244
22020,A,A,-,*,28,4613,245
22021,A,A,-,*,28,4613,246
22427,C,C,-,*,28,4777,247
22490,A,A,-,*,28,4791,248
22491,A,A,-,*,28,4791,249
22492,A,A,-,*,28,4791,250
22493,A,A,-,*,28,4791,251
22494,T,T,-,*,28,4791,252
22495,A,A,-,*,28,4791,253
22496,A,A,-,*,28,4791,254
22497,G,G,-,*,28,4791,255
22775,A,A,-,*,28,4837,256
22781,T,A,-,*,28,4837,257
22782,T,T,-,*,28,4837,258
23663,G,T,-,*,28,4970,259
23796,G,G,-,*,28,4981,260
24209,G,G,-,*,28,5005,261
24210,T,T,-,*,28,5005,262
24256,T,T,-,*,28,5020,263
24823,C,C,-,*,28,5145,264
24824,T,T,-,*,28,5145,265
26005,G,G,*,*,28,5330,266
26006,A,A,*,*,28,5330,267
26007,G,G,*,*,28,5330,268
26008,A,A,*,*,28,5330,269
26009,C,C,*,*,28,5330,270
26012,A,A,*,*,28,5330,271
26013,G,G,*,*,28,5330,272
26014,T,T,*,*,28,5330,273
26015,C,C,*,*,28,5330,274
26016,T,T,*,*,28,5330,275
26017,C,C,*,*,28,5330,276
26018,G,G,*,*,28,5330,277
26019,C,C,*,*,28,5330,278
26020,T,T,*,*,28,5330,279
26021,C,C,*,*,28,5330,280
26022,G,G,*,*,28,5330,281
26023,G,G,*,*,28,5330,282
26024,T,T,*,*,28,5330,283
26025,C,C,*,*,28,5330,284
26026,G,A,*,*,28,5330,285
26027,T,T,*,*,28,5330,286
26028,C,C,*,*,28,5330,287
26029,C,C,*,*,28,5330,288
26030,A,A,*,*,28,5330,289
26031,G,G,*,*,28,5330,290
26032,G,G,*,*,28,5330,291
26033,C,C,*,*,28,5330,292
26034,T,T,*,*,28,5330,293
26035,G,A,*,*,28,5330,294
26036,G,G,*,*,28,5330,295
26037,T,T,*,*,28,5330,296
26038,G,G,*,*,28,5330,297
26039,T,T,*,*,28,5330,298
26040,G,G,*,*,28,5330,299
26041,C,C,*,*,28,5330,300
26042,A,A,*,*,28,5330,301
26043,C,C,*,*,28,5330,302
26044,T,T,*,*,28,5330,303
26045,G,G,*,*,28,5330,304
26046,G,G,*,*,28,5330,305
26047,C,C,*,*,28,5330,306
26048,T,A,*,*,28,5330,307
26049,T,T,*,*,28,5330,308
26050,G,G,*,*,28,5330,309
26051,A,A,*,*,28,5330,310
26052,T,T,*,*,28,5330,311
26053,C,C,*,*,28,5330,312
26054,T,T,*,*,28,5330,313
26055,G,C,*,*,28,5330,314
26056,G,G,*,*,28,5330,315
26057,G,G,*,*,28,5330,316
26058,C,C,*,*,28,5330,317
26059,T,T,*,*,28,5330,318
26060,C,C,*,*,28,5330,319
26061,A,A,*,*,28,5330,320
26062,C,T,*,*,28,5330,321
26063,T,T,*,*,28,5330,322
26064,A,A,*,*,28,5330,323
26065,C,C,*,*,28,5330,324
26066,A,A,*,*,28,5330,325
26067,G,G,*,*,28,5330,326
26068,C,C,*,*,28,5330,327
26069,C,C,*,*,28,5330,328
26070,T,T,*,*,28,5330,329
26071,C,C,*,*,28,5330,330
26072,T,C,*,*,28,5331,331
26073,G,G,*,*,28,5331,332
26074,C,C,*,*,28,5331,333
26075,C,C,*,*,28,5331,334
26076,T,T,*,*,28,5333,335
26077,C,C,*,*,28,5333,336
26078,T,T,*,*,28,5333,337
26079,C,C,*,*,28,5333,338
26080,A,A,*,*,28,5333,339
26081,G,G,*,*,28,5333,340
26082,G,G,*,*,28,5333,341
26083,T,T,*,*,28,5333,342
26084,T,T,*,*,28,5333,343
26085,C,C,*,*,28,5333,344
26086,A,A,*,*,28,5333,345
26087,A,A,*,*,28,5333,346
26088,G,G,*,*,28,5333,347
26089,C,C,*,*,28,5333,348
26090,A,A,*,*,28,5333,349
26091,A,A,*,*,28,5333,350
26092,T,T,*,*,28,5333,351
26093,T,T,*,*,28,5333,352
26094,C,C,*,*,28,5333,353
26095,T,T,*,*,28,5333,354
26096,A,A,*,*,28,5333,355
26097,C,C,*,*,28,5333,356
26098,T,T,*,*,28,5333,357
26099,G,G,*,*,28,5333,358
26100,C,C,*,*,28,5333,359
26101,C,C,*,*,28,5333,360
26102,T,T,*,*,28,5333,361
26103,C,C,*,*,28,5333,362
26104,A,A,*,*,28,5333,363
26105,G,G,*,*,28,5333,364
26106,C,C,*,*,28,5333,365
26107,C,C,*,*,28,5333,366
26108,C,T,*,*,28,5333,367
26109,C,C,*,*,28,5333,368
26110,T,T,*,*,28,5333,369
26111,T,T,*,*,28,5333,370
26112,G,C,*,*,28,5333,371
26113,A,A,*,*,28,5333,372
26114,G,G,*,*,28,5333,373
26115,T,T,*,*,28,5333,374
26116,A,A,*,*,28,5333,375
26117,G,G,*,*,28,5333,376
26118,C,C,*,*,28,5333,377
26119,C,T,*,*,28,5333,378
26120,A,G,*,*,28,5333,379
26121,G,G,*,*,28,5333,380
26122,G,G,*,*,28,5333,381
26123,A,A,*,*,28,5333,382
26124,T,T,*,*,28,5333,383
26125,A,T,*,*,28,5333,384
26126,A,A,*,*,28,5333,385
26127,C,C,*,*,28,5333,386
26128,A,A,*,*,28,5333,387
26129,G,G,*,*,28,5333,388
26130,G,G,*,*,28,5333,389
26131,C,C,*,*,28,5333,390
26132,A,G,*,*,28,5333,391
26133,C,C,*,*,28,5333,392
26134,C,C,*,*,28,5333,393
26135,C,T,*,*,28,5333,394
26136,G,G,*,*,28,5333,395
26137,C,C,*,*,28,5333,396
26138,C,C,*,*,28,5333,397
26139,A,A,*,*,28,5333,398
26140,C,C,*,*,28,5333,399
26141,C,C,*,*,28,5334,400
26142,A,A,*,*,28,5342,401
26143,C,C,*,*,28,5342,402
26144,G,A,*,*,28,5342,403
26145,C,C,*,*,28,5342,404
26146,C,C,*,*,28,5342,405
26147,T,T,*,*,28,5342,406
26148,G,G,*,*,28,5342,407
26149,G,G,*,*,28,5342,408
26150,C,C,*,*,28,5342,409
26151,T,T,*,*,28,5342,410
26152,A,A,*,*,28,5342,411
26153,A,A,*,*,28,5342,412
26154,G,G,*,*,28,5342,413
26155,T,T,*,*,28,5342,414
26156,T,T,*,*,28,5342,415
26157,T,T,*,*,28,5342,416
26158,T,T,*,*,28,5342,417
26159,G,G,*,*,28,5342,418
26160,T,C,*,*,28,5343,419
26161,A,A,*,*,28,5343,420
26162,T,T,*,*,28,5343,421
26163,T,T,*,*,28,5343,422
26164,T,T,*,*,28,5343,423
26165,T,T,*,*,28,5343,424
26166,T,T,*,*,28,5343,425
26167,A,A,*,*,28,5343,426
26168,G,G,*,*,28,5343,427
26169,T,T,*,*,28,5343,428
26170,A,A,*,*,28,5343,429
26171,G,C,*,*,28,5343,430
26172,A,A,*,*,28,5343,431
26173,G,G,*,*,28,5343,432
26174,A,A,*,*,28,5343,433
26175,C,C,*,*,28,5343,434
26176,G,G,*,*,28,5343,435
26177,G,G,*,*,28,5343,436
26178,G,G,*,*,28,5343,437
26179,G,G,*,*,28,5343,438
26180,T,T,*,*,28,5344,439
26181,T,T,*,*,28,5344,440
26182,T,T,*,*,28,5344,441
26183,C,C,*,*,28,5344,442
26184,A,A,*,*,28,5344,443
26185,A,A,*,*,28,5344,444
26186,C,C,*,*,28,5344,445
26187,C,C,*,*,28,5344,446
26188,A,A,*,*,28,5344,447
26189,C,T,*,*,28,5344,448
26190,G,G,*,*,28,5344,449
26191,T,T,*,*,28,5344,450
26192,T,T,*,*,28,5344,451
26193,G,G,*,*,28,5344,452
26194,G,G,*,*,28,5344,453
26195,C,C,*,*,28,5344,454
26196,C,C,*,*,28,5344,455
26197,A,A,*,*,28,5344,456
26198,G,G,*,*,28,5344,457
26199,G,G,*,*,28,5344,458
26200,C,C,*,*,28,5344,459
26201,T,T,*,*,28,5344,460
26202,G,G,*,*,28,5344,461
26203,G,G,*,*,28,5344,462
26204,C,T,*,*,28,5344,463
26205,C,C,*,*,28,5344,464
26206,T,T,*,*,28,5344,465
26207,C,C,*,*,28,5344,466
26208,G,A,*,*,28,5344,467
26209,A,A,*,*,28,5344,468
26210,A,A,*,*,28,5344,469
26211,C,C,*,*,28,5344,470
26212,T,T,*,*,28,5344,471
26213,C,C,*,*,28,5344,472
26214,C,C,*,*,28,5344,473
26215,T,T,*,*,28,5344,474
26216,G,G,*,*,28,5344,475
26217,A,A,*,*,28,5344,476
26218,C,C,*,*,28,5344,477
26219,C,C,*,*,28,5344,478
26220,T,T,*,*,28,5344,479
26221,C,C,*,*,28,5344,480
26222,A,A,*,*,28,5344,481
26223,G,G,*,*,28,5344,482
26224,G,G,*,*,28,5344,483
26225,T,T,*,*,28,5344,484
26226,G,G,*,*,28,5344,485
26227,G,A,*,*,28,5344,486
26228,T,T,*,*,28,5344,487
26229,G,G,*,*,28,5344,488
26230,T,T,*,*,28,5344,489
26231,G,G,*,*,28,5344,490
26232,C,C,*,*,28,5344,491
26233,C,C,*,*,28,5344,492
26234,C,C,*,*,28,5344,493
26235,A,A,*,*,28,5344,494
26236,C,C,*,*,28,5344,495
26237,C,C,*,*,28,5344,496
26238,T,T,*,*,28,5344,497
26239,C,C,*,*,28,5344,498
26240,G,G,*,*,28,5344,499
26241,G,G,*,*,28,5344,500
26242,C,C,*,*,28,5344,501
26243,T,C,*,*,28,5344,502
26244,T,T,*,*,28,5344,503
26245,C,C,*,*,28,5344,504
26246,C,C,*,*,28,5344,505
26247,C,C,*,*,28,5344,506
26248,A,A,*,*,28,5344,507
26249,C,C,*,*,28,5344,508
26250,C,C,*,*,28,5344,509
26251,T,T,*,*,28,5344,510
26252,C,C,*,*,28,5344,511
26253,A,A,*,*,28,5344,512
26254,T,T,*,*,28,5344,513
26255,T,T,*,*,28,5344,514
26256,T,T,*,*,28,5344,515
26257,C,C,*,*,28,5344,516
26258,T,T,*,*,28,5344,517
26259,G,G,*,*,28,5344,518
26260,G,G,*,*,28,5344,519
26261,G,G,*,*,28,5344,520
26262,A,A,*,*,28,5344,521
26263,T,T,*,*,28,5344,522
26264,T,T,*,*,28,5344,523
26265,A,A,*,*,28,5344,524
26266,C,C,*,*,28,5344,525
26267,A,A,*,*,28,5344,526
26268,G,G,*,*,28,5344,527
26269,G,C,*,*,28,5344,528
26270,C,C,*,*,28,5344,529
26271,A,A,*,*,28,5344,530
26272,T,T,*,*,28,5344,531
26273,G,G,*,*,28,5344,532
26274,A,A,*,*,28,5344,533
26275,G,G,*,*,28,5344,534
26276,C,C,*,*,28,5344,535
26277,C,C,*,*,28,5344,536
26278,A,A,*,*,28,5344,537
26279,C,C,*,*,28,5344,538
26280,A,A,*,*,28,5344,539
26281,G,G,*,*,28,5344,540
26282,C,T,*,*,28,5344,541
26283,A,G,*,*,28,5344,542
26284,T,C,*,*,28,5344,543
26285,G,G,*,*,28,5344,544
26286,C,C,*,*,28,5344,545
26287,G,G,*,*,28,5344,546
26288,G,G,*,*,28,5344,547
26289,C,C,*,*,28,5344,548
26290,C,C,*,*,28,5344,549
26291,A,A,*,*,28,5344,550
26292,G,G,*,*,28,5344,551
26693,A,A,*,*,28,5368,552
26694,A,G,*,*,28,5368,553
26695,G,G,*,*,28,5368,554
26696,A,A,*,*,28,5368,555
26697,G,G,*,*,28,5368,556
26698,A,A,*,*,28,5368,557
26699,T,T,*,*,28,5368,558
26700,C,A,*,*,28,5368,559
26701,G,A,*,*,28,5368,560
26702,A,A,*,*,28,5368,561
26703,G,G,*,*,28,5368,562
26704,A,A,*,*,28,5368,563
26705,C,C,*,*,28,5368,564
26706,C,C,*,*,28,5368,565
26707,A,A,*,*,28,5368,566
26708,T,T,*,*,28,5368,567
26709,C,C,*,*,28,5368,568
26710,C,C,*,*,28,5368,569
26711,T,T,*,*,28,5368,570
26712,G,G,*,*,28,5368,571
26713,G,G,*,*,28,5368,572
26714,C,C,*,*,28,5368,573
26715,T,T,*,*,28,5368,574
26716,A,A,*,*,28,5368,575
26717,A,A,*,*,28,5368,576
26718,C,C,*,*,28,5368,577
26719,A,A,*,*,28,5368,578
26720,C,C,*,*,28,5368,579
26721,A,G,*,*,28,5368,580
26722,G,G,*,*,28,5368,581
26723,T,T,*,*,28,5368,582
26724,G,G,*,*,28,5368,583
26725,A,A,*,*,28,5368,584
26726,A,A,*,*,28,5368,585
26727,A,A,*,*,28,5368,586
26728,C,C,*,*,28,5368,587
26729,C,T,*,*,28,5368,588
26730,C,C,*,*,28,5368,589
26731,G,G,*,*,28,5368,590
26732,T,T,*,*,28,5368,591
26733,C,C,*,*,28,5368,592
26734,T,T,*,*,28,5368,593
26735,C,C,*,*,28,5368,594
26736,T,T,*,*,28,5368,595
26737,A,A,*,*,28,5368,596
26738,C,C,*,*,28,5368,597
26739,T,T,*,*,28,5368,598
26740,A,A,*,*,28,5368,599
26741,A,A,*,*,28,5368,600
26742,A,A,*,*,28,5368,601
26743,A,A,*,*,28,5368,602
26744,A,A,*,*,28,5368,603
26745,T,T,*,*,28,5368,604
26746,A,G,*,*,28,5368,605
26747,C,C,*,*,28,5368,606
26748,A,A,*,*,28,5368,607
26749,A,A,*,*,28,5368,608
26750,A,A,*,*,28,5368,609
26751,A,A,*,*,28,5368,610
26752,A,A,*,*,28,5368,611
26753,T,A,*,*,28,5368,612
26754,T,T,*,*,28,5368,613
26755,T,T,*,*,28,5368,614
26756,A,A,*,*,28,5368,615
26757,G,G,*,*,28,5368,616
26758,C,C,*,*,28,5368,617
26759,A,C,*,*,28,5368,618
26760,A,A,*,*,28,5368,619
26761,G,G,*,*,28,5368,620
26762,G,T,*,*,28,5368,621
26763,C,A,*,*,28,5368,622
26764,A,G,*,*,28,5368,623
26765,T,T,*,*,28,5368,624
26766,G,G,*,*,28,5368,625
26767,G,G,*,*,28,5368,626
26768,T,T,*,*,28,5368,627
26769,G,G,*,*,28,5368,628
26770,G,G,*,*,28,5368,629
26771,C,C,*,*,28,5368,630
26772,G,G,*,*,28,5368,631
26773,G,G,*,*,28,5368,632
26774,G,G,*,*,28,5433,633
26775,T,C,*,*,28,5433,634
26776,G,G,*,*,28,5433,635
26777,C,C,*,*,28,5433,636
26778,C,C,*,*,28,5433,637
26779,T,T,*,*,28,5433,638
26780,G,G,*,*,28,5433,639
26781,T,T,*,*,28,5433,640
26782,A,A,*,*,28,5433,641
26783,G,G,*,*,28,5433,642
26784,T,T,*,*,28,5433,643
26785,C,C,*,*,28,5433,644
26786,C,C,*,*,28,5433,645
26787,C,C,*,*,28,5433,646
26788,A,A,*,*,28,5433,647
26789,G,G,*,*,28,5433,648
26790,C,C,*,*,28,5433,649
26791,T,T,*,*,28,5433,650
26792,A,A,*,*,28,5433,651
26793,C,C,*,*,28,5433,652
26794,T,T,*,*,28,5433,653
26795,T,T,*,*,28,5433,654
26916,A,A,-,*,28,5446,655
26917,A,A,-,*,28,5446,656
26918,G,A,-,*,28,5446,657
26919,A,G,-,*,28,5446,658
26920,A,A,-,*,28,5446,659
26921,A,A,-,*,28,5446,660
26922,G,G,-,*,28,5446,661
27010,T,T,-,*,28,5459,662
28091,A,A,-,*,28,5665,663
28092,A,A,-,*,28,5665,664
28093,T,T,-,*,28,5665,665
28094,A,A,-,*,28,5665,666
28095,T,T,-,*,28,5665,667
28096,T,T,-,*,28,5665,668
28097,A,A,-,*,28,5665,669
28098,G,G,-,*,28,5665,670
28373,T,T,-,*,28,5710,671
28374,A,A,-,*,28,5710,672
28375,C,C,-,*,28,5710,673
28530,T,T,-,*,28,5739,674
28531,A,A,-,*,28,5739,675
28591,T,T,-,*,28,5769,676
28592,T,T,-,*,28,5769,677
28593,A,A,-,*,28,5769,678
28594,A,A,-,*,28,5769,679
28595,T,T,-,*,28,5769,680
28704,A,A,-,*,28,5789,681
28705,T,T,-,*,28,5789,682
28706,A,A,-,*,28,5789,683
28915,A,A,-,*,28,5923,684
28916,T,C,-,*,28,5923,685
29010,A,A,-,*,28,5942,686
29011,A,A,-,*,28,5942,687
29012,G,G,-,*,28,5942,688
29013,A,A,-,*,28,5942,689
29014,A,A,-,*,28,5942,690
29015,G,G,-,*,28,5942,691
29016,G,G,-,*,28,5942,692
29017,C,C,-,*,28,5942,693
29018,A,A,-,*,28,5942,694
29096,G,G,-,*,28,5952,695
29797,T,T,-,*,28,6058,696
29798,T,T,-,*,28,6058,697
29799,C,C,-,*,28,6058,698
29800,A,A,-,*,28,6058,699
29801,G,G,-,*,28,6058,700
29802,G,G,-,*,28,6058,701
30101,A,A,-,*,28,6082,702
30211,G,G,-,*,28,6132,703
30212,A,A,-,*,28,6132,704
30213,T,T,-,*,28,6132,705
30966,A,A,-,*,28,6262,706
30967,A,A,-,*,28,6262,707
30968,A,A,-,*,28,6262,708
30969,G,G,-,*,28,6262,709
31780,C,C,-,*,28,6448,710
32288,T,T,-,*,28,6464,711
32289,T,T,-,*,28,6464,712
32290,G,G,-,*,28,6465,713
32291,T,C,-,*,28,6465,714
32292,T,T,-,*,28,6465,715
32293,C,C,-,*,28,6465,716
33543,G,A,-,*,28,6613,717
33544,G,G,-,*,28,6613,718
33545,T,T,-,*,28,6613,719
33546,G,A,-,*,28,6613,720
33547,G,G,-,*,28,6613,721
33548,C,C,-,*,28,6613,722
33549,T,T,-,*,28,6613,723
33550,C,C,-,*,28,6613,724
33551,A,A,-,*,28,6613,725
33552,C,C,-,*,28,6613,726
33553,A,A,-,*,28,6613,727
33554,C,C,-,*,28,6613,728
33555,T,T,-,*,28,6613,729
33556,T,T,-,*,28,6613,730
33557,G,G,-,*,28,6613,731
33558,C,C,-,*,28,6613,732
33559,A,A,-,*,28,6613,733
33560,A,A,-,*,28,6613,734
33561,T,T,-,*,28,6613,735
33562,C,C,-,*,28,6613,736
33563,C,C,-,*,28,6613,737
33564,C,C,-,*,28,6613,738
33565,A,A,-,*,28,6613,739
33566,A,A,-,*,28,6613,740
33567,C,C,-,*,28,6613,741
33568,A,A,-,*,28,6613,742
33569,C,C,-,*,28,6613,743
33570,T,T,-,*,28,6613,744
33571,T,T,-,*,28,6613,745
33572,T,T,-,*,28,6613,746
33573,G,G,-,*,28,6613,747
33574,G,G,-,*,28,6613,748
33575,G,G,-,*,28,6613,749
33576,A,A,-,*,28,6613,750
33577,G,G,-,*,28,6613,751
33578,G,G,-,*,28,6613,752
33579,C,C,-,*,28,6613,753
33580,C,T,-,*,28,6613,754
33581,G,G,-,*,28,6613,755
33582,A,A,-,*,28,6613,756
33583,G,G,-,*,28,6613,757
33584,G,G,-,*,28,6613,758
33585,T,T,-,*,28,6613,759
33586,G,G,-,*,28,6613,760
33587,G,G,-,*,28,6613,761
33588,G,G,-,*,28,6613,762
33589,C,C,-,*,28,6613,763
33590,G,G,-,*,28,6613,764
33591,G,G,-,*,28,6613,765
33760,C,C,-,*,28,6618,766
33761,C,C,-,*,28,6618,767
33762,A,G,-,*,28,6618,768
33813,A,A,-,*,28,6621,769
33814,A,A,-,*,28,6621,770
33815,A,A,-,*,28,6621,771
33816,A,A,-,*,28,6621,772
33817,A,A,-,*,28,6621,773
33818,A,A,-,*,28,6621,774
33819,C,C,-,*,28,6621,775
34146,T,T,-,*,28,6706,776
34421,G,G,-,*,28,6812,777
34422,A,A,-,*,28,6812,778
34423,A,A,-,*,28,6812,779
34424,A,A,-,*,28,6812,780
34425,T,T,-,*,28,6812,781
34426,C,C,-,*,28,6812,782
34427,A,A,-,*,28,6812,783
34428,T,C,-,*,28,6812,784
34525,T,C,-,*,28,6814,785
34532,T,T,-,*,28,6850,786
34533,T,T,-,*,28,6850,787
34534,T,T,-,*,28,6850,788
34535,T,T,-,*,28,6850,789
34536,T,T,-,*,28,6850,790
34537,T,T,-,*,28,6850,791
36505,T,T,-,*,28,7165,792
36760,C,C,-,*,28,7187,793
36848,G,G,-,*,28,7219,794
36854,C,T,-,*,28,7219,795
36855,A,A,-,*,28,7219,796
36856,C,C,-,*,28,7219,797
37040,T,T,-,*,28,7254,798
37041,A,A,-,*,28,7254,799
37042,G,G,-,*,28,7254,800
37043,T,T,-,*,28,7254,801
37901,A,A,-,*,28,7766,802
37902,T,T,-,*,28,7766,803
37903,G,G,-,*,28,7766,804
38033,T,T,*,*,28,7781,805
38034,G,G,*,*,28,7781,806
38035,G,G,*,*,28,7781,807
38036,G,C,*,*,28,7781,808
38037,C,T,*,*,28,7781,809
38038,T,T,*,*,28,7781,810
38039,A,A,*,*,28,7781,811
38235,A,A,-,*,28,7793,812
38236,A,A,-,*,28,7793,813
38237,G,G,-,*,28,7793,814
38238,G,G,-,*,28,7793,815
38239,A,A,-,*,28,7793,816
38240,A,A,-,*,28,7793,817
38241,G,G,-,*,28,7793,818
38242,A,A,-,*,28,7793,819
38243,A,A,-,*,28,7797,820
38266,C,C,-,*,28,7805,821
38267,G,G,-,*,28,7805,822
38268,A,A,-,*,28,7805,823
38269,A,A,-,*,28,7805,824
38270,G,G,-,*,28,7805,825
38271,G,G,-,*,28,7805,826
38272,T,T,-,*,28,7805,827
38273,A,A,-,*,28,7805,828
39208,A,A,-,*,28,8179,829
39209,A,A,-,*,28,8179,830
39210,A,A,-,*,28,8179,831
39393,A,A,-,*,28,8202,832
39395,T,T,-,*,28,8202,833
39396,T,T,-,*,28,8202,834
39397,T,T,-,*,28,8202,835
39398,T,T,-,*,28,8202,836
39901,C,T,-,*,28,8264,837
39902,G,G,-,*,28,8264,838
39903,G,G,-,*,28,8264,839
40396,T,T,-,*,28,8357,840
40408,A,A,-,*,28,8365,841
40409,A,A,-,*,28,8365,842
40410,G,G,-,*,28,8365,843
40411,A,A,-,*,28,8365,844
40417,G,G,-,*,28,8367,845
40596,G,G,-,*,28,8371,846
40644,A,A,-,*,28,8371,847
40645,G,G,-,*,28,8371,848
40646,T,T,-,*,28,8371,849
40647,T,A,-,*,28,8371,850
40656,C,C,-,*,28,8371,851
40846,A,A,-,*,28,8377,852
40847,A,A,-,*,28,8377,853
40848,A,A,-,*,28,8377,854
40849,G,G,-,*,28,8377,855
40850,G,G,-,*,28,8377,856
40851,C,C,-,*,28,8377,857
40852,T,T,-,*,28,8377,858
40853,T,T,-,*,28,8377,859
40854,A,A,-,*,28,8377,860
40855,G,G,-,*,28,8377,861
40856,A,A,-,*,28,8377,862
40857,G,G,-,*,28,8377,863
40858,G,G,-,*,28,8377,864
40951,A,A,-,*,28,8380,865
41797,A,G,-,*,28,8599,866
41798,G,G,-,*,28,8599,867
41822,A,A,-,*,28,8601,868
41823,A,A,-,*,28,8601,869
41824,T,T,-,*,28,8601,870
41825,G,G,-,*,28,8601,871
41826,A,A,-,*,28,8601,872
41827,A,A,-,*,28,8601,873
41828,G,G,-,*,28,8601,874
41829,G,A,-,*,28,8601,875
42588,G,G,*,*,28,8686,876
43288,C,C,-,*,28,8758,877
43289,T,T,-,*,28,8758,878
43290,T,T,-,*,28,8758,879
43291,T,T,-,*,28,8758,880
43292,A,A,-,*,28,8758,881
43293,G,G,-,*,28,8758,882
43294,T,T,-,*,28,8758,883
43295,G,G,-,*,28,8758,884
43296,C,C,-,*,28,8758,885
43297,C,C,-,*,28,8758,886
43622,T,T,-,*,28,8919,887
43623,A,T,-,*,28,8919,888
43734,A,A,-,*,28,8927,889
43735,C,C,-,*,28,8927,890
43736,C,C,-,*,28,8927,891
43737,T,T,-,*,28,8927,892
43738,C,C,-,*,28,8927,893
43739,C,C,-,*,28,8927,894
43881,A,A,-,*,28,8945,895
43882,A,A,-,*,28,8945,896
43883,G,G,-,*,28,8945,897
43884,T,G,-,*,28,8946,898
44471,T,T,*,*,28,9031,899
44472,G,G,*,*,28,9031,900
44473,C,C,*,*,28,9031,901
44474,T,T,*,*,28,9031,902
44475,G,G,*,*,28,9031,903
44476,A,A,*,*,28,9031,904
44477,G,G,*,*,28,9031,905
44478,G,G,*,*,28,9031,906
44479,C,C,*,*,28,9031,907
44480,G,G,*,*,28,9031,908
44481,G,G,*,*,28,9031,909
44482,G,G,*,*,28,9031,910
44483,C,C,*,*,28,9031,911
44484,A,A,*,*,28,9031,912
44485,G,G,*,*,28,9031,913
44486,A,A,*,*,28,9031,914
44487,T,T,*,*,28,9031,915
44488,C,C,*,*,28,9031,916
44489,A,A,*,*,28,9031,917
44490,C,C,*,*,28,9031,918
44491,G,G,*,*,28,9031,919
44492,A,A,*,*,28,9031,920
44493,G,G,*,*,28,9031,921
44494,G,G,*,*,28,9031,922
44495,T,T,*,*,28,9031,923
44496,C,C,*,*,28,9031,924
44497,A,A,*,*,28,9031,925
44498,G,G,*,*,28,9031,926
44499,G,G,*,*,28,9031,927
44500,A,A,*,*,28,9031,928
44501,G,G,*,*,28,9031,929
44502,T,T,*,*,28,9031,930
44503,T,T,*,*,28,9031,931
44504,C,C,*,*,28,9031,932
44505,G,G,*,*,28,9031,933
44506,A,A,*,*,28,9031,934
44507,G,G,*,*,28,9031,935
44508,A,A,*,*,28,9031,936
44509,C,C,*,*,28,9031,937
44510,T,T,*,*,28,9031,938
44511,A,A,*,*,28,9031,939
44512,G,G,*,*,28,9031,940
44513,C,C,*,*,28,9031,941
44514,C,C,*,*,28,9031,942
44515,T,T,*,*,28,9031,943
44516,G,G,*,*,28,9031,944
44517,G,G,*,*,28,9031,945
44518,C,C,*,*,28,9031,946
44519,C,C,*,*,28,9031,947
44520,A,A,*,*,28,9031,948
44521,A,A,*,*,28,9031,949
44522,C,C,*,*,28,9031,950
44523,A,A,*,*,28,9031,951
44524,T,C,*,*,28,9031,952
44525,G,G,*,*,28,9031,953
44526,G,G,*,*,28,9031,954
44527,T,T,*,*,28,9031,955
44528,G,G,*,*,28,9031,956
44529,A,A,*,*,28,9031,957
44530,A,A,*,*,28,9031,958
44531,A,A,*,*,28,9031,959
44532,C,C,*,*,28,9031,960
44533,C,C,*,*,28,9031,961
44534,C,C,*,*,28,9031,962
44535,C,C,*,*,28,9031,963
44536,G,G,*,*,28,9031,964
44537,T,T,*,*,28,9031,965
44538,C,C,*,*,28,9031,966
44539,T,T,*,*,28,9031,967
44540,C,C,*,*,28,9031,968
44541,T,T,*,*,28,9031,969
44543,C,C,*,*,28,9081,970
44544,T,T,*,*,28,9081,971
44545,A,A,*,*,28,9081,972
44546,A,A,*,*,28,9081,973
44547,A,A,*,*,28,9081,974
44548,A,A,*,*,28,9081,975
44549,A,A,*,*,28,9081,976
44550,T,T,*,*,28,9081,977
44551,A,A,*,*,28,9081,978
44552,C,C,*,*,28,9081,979
44555,A,A,*,*,28,9081,980
44556,A,A,*,*,28,9081,981
44557,A,A,*,*,28,9081,982
44558,G,G,*,*,28,9081,983
44559,T,T,*,*,28,9081,984
44560,A,A,*,*,28,9081,985
44561,A,G,*,*,28,9082,986
44562,T,T,*,*,28,9082,987
44563,T,T,*,*,28,9082,988
44564,G,G,*,*,28,9082,989
44565,G,G,*,*,28,9082,990
44566,G,G,*,*,28,9082,991
44567,T,T,*,*,28,9082,992
44568,G,G,*,*,28,9082,993
44569,T,T,*,*,28,9082,994
44570,G,G,*,*,28,9082,995
44571,G,G,*,*,28,9082,996
44572,T,T,*,*,28,9082,997
44573,G,G,*,*,28,9082,998
44574,G,G,*,*,28,9082,999
44575,T,C,*,*,28,9082,1000
44576,G,G,*,*,28,9082,1001
44577,C,C,*,*,28,9082,1002
44578,A,A,*,*,28,9082,1003
44579,T,T,*,*,28,9082,1004
44580,G,G,*,*,28,9082,1005
44581,C,C,*,*,28,9082,1006
44582,C,C,*,*,28,9082,1007
44583,T,T,*,*,28,9082,1008
44584,G,G,*,*,28,9082,1009
44585,T,T,*,*,28,9082,1010
44586,A,A,*,*,28,9082,1011
44587,A,A,*,*,28,9082,1012
44588,T,T,*,*,28,9082,1013
44589,A,C,*,*,28,9082,1014
44590,C,C,*,*,28,9082,1015
44591,C,C,*,*,28,9082,1016
44592,A,A,*,*,28,9082,1017
44593,G,G,*,*,28,9082,1018
44594,C,C,*,*,28,9082,1019
44595,T,T,*,*,28,9082,1020
44596,A,A,*,*,28,9082,1021
44597,C,C,*,*,28,9082,1022
44598,C,C,*,*,28,9082,1023
44599,C,C,*,*,28,9082,1024
44600,A,A,*,*,28,9082,1025
44601,G,G,*,*,28,9082,1026
44602,G,G,*,*,28,9082,1027
44603,A,G,*,*,28,9082,1028
44604,G,G,*,*,28,9082,1029
44605,G,G,*,*,28,9082,1030
44606,C,C,*,*,28,9082,1031
44607,T,T,*,*,28,9082,1032
44608,G,G,*,*,28,9082,1033
44609,A,A,*,*,28,9082,1034
44610,G,G,*,*,28,9082,1035
44611,G,G,*,*,28,9082,1036
44612,C,C,*,*,28,9082,1037
44613,A,A,*,*,28,9082,1038
44614,G,G,*,*,28,9082,1039
44615,G,G,*,*,28,9082,1040
44616,A,A,*,*,28,9082,1041
44617,G,G,*,*,28,9082,1042
44618,A,A,*,*,28,9082,1043
44619,A,A,*,*,28,9082,1044
44620,T,T,*,*,28,9082,1045
44621,G,G,*,*,28,9082,1046
44622,G,G,*,*,28,9082,1047
44623,C,C,*,*,28,9082,1048
44624,T,T,*,*,28,9082,1049
44625,G,G,*,*,28,9082,1050
44626,G,G,*,*,28,9082,1051
44627,A,A,*,*,28,9082,1052
44628,A,A,*,*,28,9082,1053
44629,C,C,*,*,28,9082,1054
44630,C,C,*,*,28,9082,1055
44631,C,C,*,*,28,9082,1056
44632,A,G,*,*,28,9082,1057
44633,G,G,*,*,28,9082,1058
44634,G,G,*,*,28,9082,1059
44635,A,A,*,*,28,9082,1060
44636,G,G,*,*,28,9082,1061
44637,G,G,*,*,28,9082,1062
44638,T,T,*,*,28,9082,1063
44639,G,G,*,*,28,9082,1064
44640,G,G,*,*,28,9082,1065
44641,A,A,*,*,28,9082,1066
44642,G,G,*,*,28,9082,1067
44643,G,G,*,*,28,9082,1068
44644,C,C,*,*,28,9082,1069
44645,T,T,*,*,28,9082,1070
44646,G,G,*,*,28,9082,1071
44647,C,C,*,*,28,9082,1072
44648,A,A,*,*,28,9082,1073
44649,G,G,*,*,28,9082,1074
44650,T,T,*,*,28,9082,1075
44651,G,G,*,*,28,9082,1076
44652,A,A,*,*,28,9082,1077
44653,G,G,*,*,28,9082,1078
44654,C,C,*,*,28,9082,1079
44655,C,C,*,*,28,9082,1080
44656,A,A,*,*,28,9082,1081
44657,A,A,*,*,28,9082,1082
44658,G,G,*,*,28,9082,1083
44659,A,A,*,*,28,9082,1084
44660,T,T,*,*,28,9082,1085
44661,C,C,*,*,28,9082,1086
44662,G,G,*,*,28,9082,1087
44663,C,C,*,*,28,9082,1088
44664,G,G,*,*,28,9082,1089
44665,C,C,*,*,28,9082,1090
44666,C,C,*,*,28,9082,1091
44667,A,A,*,*,28,9082,1092
44668,C,C,*,*,28,9082,1093
44669,T,T,*,*,28,9082,1094
44670,G,G,*,*,28,9082,1095
44671,C,C,*,*,28,9082,1096
44672,A,A,*,*,28,9082,1097
44673,C,C,*,*,28,9082,1098
44674,T,T,*,*,28,9082,1099
44675,C,C,*,*,28,9082,1100
44676,C,C,*,*,28,9082,1101
44677,A,A,*,*,28,9082,1102
44678,G,G,*,*,28,9082,1103
44679,C,C,*,*,28,9082,1104
44680,C,C,*,*,28,9082,1105
44681,T,T,*,*,28,9082,1106
44682,G,G,*,*,28,9082,1107
44683,G,G,*,*,28,9082,1108
44684,G,G,*,*,28,9082,1109
44685,C,C,*,*,28,9082,1110
44686,A,A,*,*,28,9082,1111
44687,A,A,*,*,28,9082,1112
44688,C,C,*,*,28,9082,1113
44689,A,A,*,*,28,9082,1114
44690,G,C,*,*,28,9082,1115
44691,A,A,*,*,28,9082,1116
44692,G,G,*,*,28,9082,1117
44693,C,C,*,*,28,9082,1118
44694,G,G,*,*,28,9082,1119
44695,A,A,*,*,28,9082,1120
44696,G,G,*,*,28,9082,1121
44697,A,A,*,*,28,9082,1122
44698,C,C,*,*,28,9082,1123
44699,T,T,*,*,28,9082,1124
44700,C,C,*,*,28,9082,1125
44701,C,C,*,*,28,9082,1126
44702,A,A,*,*,28,9082,1127
44703,T,T,*,*,28,9082,1128
44704,C,C,*,*,28,9082,1129
44705,T,T,*,*,28,9082,1130
44706,C,C,*,*,28,9082,1131
44707,A,A,*,*,28,9082,1132
44708,A,A,*,*,28,9082,1133
44709,A,A,*,*,28,9082,1134
44710,A,A,*,*,28,9082,1135
44711,A,A,*,*,28,9082,1136
44712,C,C,*,*,28,9082,1137
44716,A,A,*,*,28,9082,1138
44717,A,A,*,*,28,9082,1139
44718,A,A,*,*,28,9082,1140
44719,A,A,*,*,28,9082,1141
44720,A,A,*,*,28,9082,1142
44721,A,A,*,*,28,9082,1143
44722,A,A,*,*,28,9082,1144
44723,A,A,*,*,28,9082,1145
44724,T,T,*,*,28,9082,1146
44725,T,T,*,*,28,9082,1147
44726,A,A,*,*,28,9082,1148
44727,A,A,*,*,28,9082,1149
44728,T,T,*,*,28,9082,1150
44729,A,A,*,*,28,9082,1151
44730,G,G,*,*,28,9082,1152
44731,A,A,*,*,28,9082,1153
44732,A,A,*,*,28,9082,1154
44733,A,A,*,*,28,9082,1155
44734,T,T,*,*,28,9082,1156
44735,A,A,*,*,28,9082,1157
44736,G,G,*,*,28,9082,1158
44737,T,T,*,*,28,9143,1159
44738,G,G,*,*,28,9143,1160
44739,A,A,*,*,28,9143,1161
44740,A,A,*,*,28,9143,1162
44741,A,A,*,*,28,9143,1163
44742,A,A,*,*,28,9143,1164
44743,T,T,*,*,28,9143,1165
44744,A,A,*,*,28,9143,1166
44745,A,A,*,*,28,9143,1167
44746,A,A,*,*,28,9143,1168
44747,A,A,*,*,28,9143,1169
44748,T,T,*,*,28,9143,1170
44749,A,A,*,*,28,9143,1171
44750,T,T,*,*,28,9143,1172
44751,T,T,*,*,28,9143,1173
44752,T,T,*,*,28,9143,1174
44753,G,G,*,*,28,9143,1175
44754,A,A,*,*,28,9143,1176
44755,A,A,*,*,28,9143,1177
44756,A,A,*,*,28,9143,1178
44757,G,G,*,*,28,9143,1179
44758,G,G,*,*,28,9143,1180
44759,A,A,*,*,28,9143,1181
44760,T,T,*,*,28,9149,1182
44761,T,T,*,*,28,9149,1183
44762,A,A,*,*,28,9149,1184
44763,A,A,*,*,28,9149,1185
44764,G,G,*,*,28,9149,1186
44765,G,G,*,*,28,9149,1187
44766,A,A,*,*,28,9149,1188
44767,G,G,*,*,28,9149,1189
44768,G,G,*,*,28,9149,1190
44769,G,G,*,*,28,9149,1191
44770,A,A,*,*,28,9149,1192
44771,C,C,*,*,28,9149,1193
44772,A,A,*,*,28,9149,1194
44773,C,C,*,*,28,9149,1195
44774,A,A,*,*,28,9149,1196
44775,C,G,*,*,28,9149,1197
44780,T,T,*,*,28,9149,1198
44781,A,A,*,*,28,9149,1199
44782,C,C,*,*,28,9152,1200
44783,C,C,*,*,28,9152,1201
44784,T,T,*,*,28,9152,1202
44785,T,T,*,*,28,9152,1203
44786,A,A,*,*,28,9152,1204
44787,C,C,*,*,28,9159,1205
44788,T,T,*,*,28,9159,1206
44789,T,T,*,*,28,9159,1207
44790,T,T,*,*,28,9159,1208
44791,T,T,*,*,28,9159,1209
44792,T,T,*,*,28,9159,1210
44793,T,T,*,*,28,9159,1211
44794,C,C,*,*,28,9159,1212
44795,A,A,*,*,28,9159,1213
44796,A,A,*,*,28,9159,1214
44797,T,T,*,*,28,9159,1215
44798,G,G,*,*,28,9159,1216
44799,T,T,*,*,28,9159,1217
44800,T,T,*,*,28,9159,1218
44801,T,T,*,*,28,9159,1219
44802,T,T,*,*,28,9159,1220
44803,A,A,*,*,28,9159,1221
44804,T,T,*,*,28,9159,1222
44805,T,T,*,*,28,9159,1223
44806,T,T,*,*,28,9159,1224
44807,T,T,*,*,28,9159,1225
44808,G,G,*,*,28,9159,1226
44809,A,A,*,*,28,9159,1227
44810,A,A,*,*,28,9159,1228
44811,A,A,*,*,28,9159,1229
44812,A,A,*,*,28,9159,1230
44813,A,A,*,*,28,9159,1231
44814,A,A,*,*,28,9159,1232
44815,T,T,*,*,28,9159,1233
44816,T,T,*,*,28,9159,1234
44817,T,T,*,*,28,9159,1235
44818,C,C,*,*,28,9159,1236
44819,A,A,*,*,28,9159,1237
44820,A,A,*,*,28,9159,1238
44821,A,A,*,*,28,9159,1239
44822,C,C,*,*,28,9159,1240
44823,C,C,*,*,28,9159,1241
44824,T,T,*,*,28,9159,1242
44825,A,A,*,*,28,9159,1243
44826,T,T,*,*,28,9159,1244
44827,A,A,*,*,28,9159,1245
44828,G,G,*,*,28,9159,1246
44829,A,A,*,*,28,9159,1247
44830,A,A,*,*,28,9159,1248
44831,A,A,*,*,28,9159,1249
44832,A,A,*,*,28,9159,1250
44833,G,G,*,*,28,9159,1251
44834,T,T,*,*,28,9159,1252
44835,A,A,*,*,28,9159,1253
44836,G,G,*,*,28,9159,1254
44837,T,T,*,*,28,9159,1255
44838,A,A,*,*,28,9160,1256
44839,A,A,*,*,28,9160,1257
44840,A,A,*,*,28,9160,1258
44841,A,A,*,*,28,9160,1259
44842,A,A,*,*,28,9160,1260
44843,A,A,*,*,28,9160,1261
44844,T,T,*,*,28,9160,1262
44845,A,A,*,*,28,9160,1263
44846,G,G,*,*,28,9161,1264
44847,T,T,*,*,28,9161,1265
44848,A,A,*,*,28,9161,1266
44849,C,C,*,*,28,9161,1267
44850,A,A,*,*,28,9161,1268
44851,G,G,*,*,28,9161,1269
44852,C,C,*,*,28,9161,1270
44853,G,G,*,*,28,9161,1271
44854,A,A,*,*,28,9161,1272
44855,A,A,*,*,28,9161,1273
44856,T,T,*,*,28,9161,1274
44857,A,A,*,*,28,9161,1275
45150,T,T,-,*,28,9190,1276
45245,C,C,-,*,28,9198,1277
45376,G,A,-,*,28,9301,1278
45540,A,A,-,*,28,9309,1279
45618,T,T,*,*,28,9325,1280
45619,G,G,*,*,28,9325,1281
45620,A,A,*,*,28,9325,1282
45621,G,G,*,*,28,9325,1283
45622,T,T,*,*,28,9325,1284
45623,T,T,*,*,28,9325,1285
45624,T,T,*,*,28,9325,1286
45625,T,T,*,*,28,9325,1287
45626,C,G,*,*,28,9325,1288
45627,T,T,*,*,28,9325,1289
45628,G,G,*,*,28,9325,1290
45629,T,T,*,*,28,9325,1291
45630,T,T,*,*,28,9325,1292
45631,T,T,*,*,28,9329,1293
45632,A,A,*,*,28,9329,1294
45633,T,T,*,*,28,9329,1295
45634,T,T,*,*,28,9329,1296
45635,C,C,*,*,28,9329,1297
45636,T,T,*,*,28,9329,1298
45637,A,A,*,*,28,9329,1299
45638,A,A,*,*,28,9329,1300
45639,A,A,*,*,28,9329,1301
45640,A,A,*,*,28,9329,1302
45641,A,A,*,*,28,9329,1303
45642,T,T,*,*,28,9329,1304
45643,C,C,*,*,28,9329,1305
45644,A,A,*,*,28,9329,1306
45645,G,G,*,*,28,9329,1307
45646,G,G,*,*,28,9329,1308
45647,T,T,*,*,28,9329,1309
45648,G,G,*,*,28,9329,1310
45649,C,C,*,*,28,9329,1311
45650,T,T,*,*,28,9329,1312
45651,C,C,*,*,28,9330,1313
45652,A,A,*,*,28,9330,1314
45653,C,C,*,*,28,9330,1315
45654,A,A,*,*,28,9330,1316
45655,A,A,*,*,28,9330,1317
45656,C,C,*,*,28,9330,1318
45657,T,T,*,*,28,9330,1319
45658,A,A,*,*,28,9330,1320
45659,T,T,*,*,28,9330,1321
45660,T,T,*,*,28,9330,1322
45661,C,C,*,*,28,9330,1323
45662,T,T,*,*,28,9330,1324
45663,A,A,*,*,28,9330,1325
45664,C,C,*,*,28,9330,1326
45665,A,A,*,*,28,9330,1327
45666,G,G,*,*,28,9330,1328
45667,T,T,*,*,28,9330,1329
45668,C,C,*,*,28,9330,1330
45669,C,C,*,*,28,9330,1331
45670,T,T,*,*,28,9330,1332
45671,A,G,*,*,28,9330,1333
45672,T,T,*,*,28,9330,1334
45673,A,A,*,*,28,9338,1335
45674,A,A,*,*,28,9338,1336
45675,A,A,*,*,28,9338,1337
45676,A,A,*,*,28,9338,1338
45677,C,C,*,*,28,9338,1339
45678,T,T,*,*,28,9338,1340
45679,C,C,*,*,28,9338,1341
45680,T,T,*,*,28,9338,1342
45681,A,A,*,*,28,9338,1343
45682,C,C,*,*,28,9338,1344
45683,A,A,*,*,28,9338,1345
45684,A,A,*,*,28,9338,1346
45685,A,A,*,*,28,9338,1347
45686,A,A,*,*,28,9338,1348
45687,T,T,*,*,28,9338,1349
45688,G,G,*,*,28,9338,1350
45689,T,T,*,*,28,9338,1351
45690,G,G,*,*,28,9338,1352
45691,C,A,*,*,28,9338,1353
45692,A,A,*,*,28,9338,1354
45693,C,C,*,*,28,9338,1355
45694,T,T,*,*,28,9338,1356
45695,T,T,*,*,28,9338,1357
45696,T,T,*,*,28,9338,1358
45697,C,C,*,*,28,9338,1359
45698,A,A,*,*,28,9338,1360
45699,C,C,*,*,28,9338,1361
45700,A,A,*,*,28,9338,1362
45701,A,A,*,*,28,9338,1363
45702,T,T,*,*,28,9338,1364
45703,T,T,*,*,28,9338,1365
45704,T,T,*,*,28,9338,1366
45705,G,G,*,*,28,9338,1367
45706,C,C,*,*,28,9338,1368
45707,C,C,*,*,28,9338,1369
45708,A,A,*,*,28,9338,1370
45709,C,C,*,*,28,9338,1371
45710,T,T,*,*,28,9338,1372
45711,T,T,*,*,28,9338,1373
45712,C,C,*,*,28,9338,1374
45713,T,T,*,*,28,9338,1375
45714,G,G,*,*,28,9338,1376
45715,A,A,*,*,28,9338,1377
45716,A,A,*,*,28,9338,1378
45717,T,T,*,*,28,9338,1379
45718,A,A,*,*,28,9338,1380
45719,G,G,*,*,28,9338,1381
45720,G,G,*,*,28,9338,1382
45721,A,A,*,*,28,9338,1383
45722,C,C,*,*,28,9338,1384
45723,C,C,*,*,28,9338,1385
45724,C,C,*,*,28,9339,1386
45725,T,T,*,*,28,9339,1387
45726,C,C,*,*,28,9339,1388
45727,C,A,*,*,28,9339,1389
45728,T,T,*,*,28,9339,1390
45729,A,A,*,*,28,9339,1391
45730,T,T,*,*,28,9339,1392
45731,C,C,*,*,28,9339,1393
45732,A,A,*,*,28,9339,1394
45733,T,C,*,*,28,9339,1395
45734,C,C,*,*,28,9339,1396
45735,C,C,*,*,28,9339,1397
45736,C,C,*,*,28,9339,1398
45737,C,C,*,*,28,9339,1399
45738,T,T,*,*,28,9339,1400
45739,G,G,*,*,28,9339,1401
45740,T,T,*,*,28,9339,1402
45741,A,A,*,*,28,9339,1403
45742,A,A,*,*,28,9339,1404
45743,C,C,*,*,28,9339,1405
45744,A,A,*,*,28,9339,1406
45745,C,C,*,*,28,9340,1407
45746,A,A,*,*,28,9340,1408
45747,C,C,*,*,28,9340,1409
45748,C,C,*,*,28,9342,1410
45749,A,A,*,*,28,9342,1411
45750,C,C,*,*,28,9346,1412
45751,C,C,*,*,28,9346,1413
45752,A,A,*,*,28,9346,1414
45753,A,A,*,*,28,9346,1415
45754,G,G,*,*,28,9346,1416
45755,C,C,*,*,28,9346,1417
45756,C,C,*,*,28,9347,1418
45757,T,T,*,*,28,9347,1419
45758,T,T,*,*,28,9347,1420
45759,G,G,*,*,28,9347,1421
45760,G,G,*,*,28,9347,1422
45761,A,A,*,*,28,9347,1423
45762,C,C,*,*,28,9347,1424
45763,T,T,*,*,28,9347,1425
45764,C,C,*,*,28,9347,1426
45765,C,C,*,*,28,9347,1427
45766,A,A,*,*,28,9347,1428
45767,T,T,*,*,28,9347,1429
45768,T,T,*,*,28,9347,1430
45769,A,A,*,*,28,9347,1431
45770,A,A,*,*,28,9347,1432
45771,G,G,*,*,28,9347,1433
45772,C,C,*,*,28,9347,1434
45773,A,A,*,*,28,9347,1435
45774,G,G,*,*,28,9347,1436
45775,C,C,*,*,28,9347,1437
45776,T,T,*,*,28,9347,1438
45777,C,C,*,*,28,9347,1439
45778,C,C,*,*,28,9347,1440
45779,T,T,*,*,28,9347,1441
45780,G,G,*,*,28,9347,1442
45781,A,A,*,*,28,9347,1443
45782,G,G,*,*,28,9347,1444
45783,T,T,*,*,28,9347,1445
45784,G,G,*,*,28,9347,1446
45785,C,C,*,*,28,9347,1447
45786,A,A,*,*,28,9347,1448
45787,T,T,*,*,28,9347,1449
45788,G,G,*,*,28,9347,1450
45789,C,C,*,*,28,9347,1451
45790,A,A,*,*,28,9347,1452
45791,A,A,*,*,28,9347,1453
45792,A,A,*,*,28,9347,1454
45793,G,G,*,*,28,9347,1455
45794,A,A,*,*,28,9347,1456
45795,A,A,*,*,28,9347,1457
45796,G,G,*,*,28,9347,1458
45797,C,C,*,*,28,9347,1459
45798,T,T,*,*,28,9347,1460
45799,C,G,*,*,28,9347,1461
45800,A,A,*,*,28,9347,1462
45801,G,G,*,*,28,9347,1463
45802,A,A,*,*,28,9347,1464
45803,G,G,*,*,28,9347,1465
45804,A,A,*,*,28,9347,1466
45805,G,G,*,*,28,9347,1467
45806,C,C,*,*,28,9347,1468
45807,C,C,*,*,28,9347,1469
45808,A,A,*,*,28,9347,1470
45809,C,C,*,*,28,9347,1471
45810,A,A,*,*,28,9347,1472
45811,C,C,*,*,28,9347,1473
45812,T,T,*,*,28,9347,1474
45813,G,G,*,*,28,9347,1475
45814,C,C,*,*,28,9347,1476
45815,T,T,*,*,28,9347,1477
45816,G,G,*,*,28,9347,1478
45817,C,C,*,*,28,9347,1479
45818,C,C,*,*,28,9347,1480
45819,T,T,*,*,28,9348,1481
45820,T,T,*,*,28,9348,1482
45821,T,T,*,*,28,9348,1483
45822,T,T,*,*,28,9348,1484
45823,A,A,*,*,28,9348,1485
45824,G,G,*,*,28,9348,1486
45825,T,T,*,*,28,9348,1487
45826,C,C,*,*,28,9348,1488
45827,C,C,*,*,28,9348,1489
45828,C,C,*,*,28,9348,1490
45829,T,T,*,*,28,9348,1491
45830,T,T,*,*,28,9348,1492
45831,C,C,*,*,28,9348,1493
45832,A,A,*,*,28,9348,1494
45833,A,A,*,*,28,9348,1495
45834,C,C,*,*,28,9348,1496
45835,A,A,*,*,28,9348,1497
45836,A,A,*,*,28,9348,1498
45837,A,A,*,*,28,9348,1499
45838,G,G,*,*,28,9348,1500
45839,T,T,*,*,28,9348,1501
45840,A,A,*,*,28,9348,1502
45841,A,A,*,*,28,9348,1503
45842,G,G,*,*,28,9348,1504
45843,C,C,*,*,28,9348,1505
45844,T,T,*,*,28,9348,1506
45845,C,C,*,*,28,9348,1507
45846,A,A,*,*,28,9348,1508
45847,G,G,*,*,28,9348,1509
45848,T,T,*,*,28,9348,1510
45849,A,A,*,*,28,9348,1511
45850,A,A,*,*,28,9348,1512
45851,G,G,*,*,28,9348,1513
45852,T,T,*,*,28,9348,1514
45853,G,G,*,*,28,9348,1515
45854,T,T,*,*,28,9348,1516
45855,T,T,*,*,28,9348,1517
45856,A,G,*,*,28,9348,1518
45857,A,A,*,*,28,9348,1519
45858,C,C,*,*,28,9348,1520
45859,A,A,*,*,28,9348,1521
45860,A,A,*,*,28,9351,1522
45861,C,C,*,*,28,9351,1523
45862,T,T,*,*,28,9351,1524
45863,G,G,*,*,28,9351,1525
45864,A,A,*,*,28,9352,1526
45865,A,A,*,*,28,9352,1527
45866,C,C,*,*,28,9352,1528
45867,C,C,*,*,28,9352,1529
45868,A,A,*,*,28,9352,1530
45869,C,C,*,*,28,9352,1531
45870,C,C,*,*,28,9352,1532
45871,C,C,*,*,28,9352,1533
45872,T,T,*,*,28,9352,1534
45873,A,A,*,*,28,9352,1535
45874,T,T,*,*,28,9352,1536
45875,T,T,*,*,28,9352,1537
45876,T,T,*,*,28,9352,1538
45877,T,T,*,*,28,9352,1539
45878,C,C,*,*,28,9352,1540
45879,T,T,*,*,28,9352,1541
45880,T,T,*,*,28,9352,1542
45881,A,A,*,*,28,9352,1543
45882,T,T,*,*,28,9352,1544
45883,A,A,*,*,28,9352,1545
45884,T,T,*,*,28,9352,1546
45885,A,A,*,*,28,9352,1547
45886,C,C,*,*,28,9352,1548
45887,T,T,*,*,28,9352,1549
45888,G,G,*,*,28,9352,1550
45889,C,C,*,*,28,9352,1551
45890,C,C,*,*,28,9352,1552
45891,T,T,*,*,28,9352,1553
45892,C,C,*,*,28,9352,1554
45893,G,G,*,*,28,9352,1555
45894,T,T,*,*,28,9352,1556
45895,T,T,*,*,28,9352,1557
45896,T,T,*,*,28,9352,1558
45897,C,C,*,*,28,9352,1559
45898,C,C,*,*,28,9352,1560
45899,T,T,*,*,28,9352,1561
45900,T,T,*,*,28,9352,1562
45901,T,T,*,*,28,9352,1563
45902,C,C,*,*,28,9352,1564
45903,T,T,*,*,28,9352,1565
45904,T,T,*,*,28,9352,1566
45905,A,A,*,*,28,9352,1567
45906,G,G,*,*,28,9379,1568
45907,T,T,*,*,28,9379,1569
45908,T,T,*,*,28,9379,1570
45909,C,C,*,*,28,9379,1571
45910,A,A,*,*,28,9379,1572
45911,C,G,*,*,28,9379,1573
45912,T,T,*,*,28,9379,1574
45913,A,A,*,*,28,9379,1575
45914,T,T,*,*,28,9379,1576
45915,A,A,*,*,28,9379,1577
45916,C,C,*,*,28,9379,1578
45917,T,T,*,*,28,9379,1579
45918,C,C,*,*,28,9379,1580
45919,A,A,*,*,28,9379,1581
45920,C,C,*,*,28,9379,1582
45921,C,C,*,*,28,9379,1583
45922,T,T,*,*,28,9379,1584
45923,A,A,*,*,28,9379,1585
45924,C,C,*,*,28,9379,1586
45925,T,T,*,*,28,9387,1587
45926,T,T,*,*,28,9387,1588
45927,A,A,*,*,28,9387,1589
45928,G,G,*,*,28,9387,1590
45929,T,T,*,*,28,9387,1591
45930,T,T,*,*,28,9387,1592
45931,A,A,*,*,28,9387,1593
45932,G,G,*,*,28,9387,1594
45933,G,G,*,*,28,9387,1595
45934,C,C,*,*,28,9400,1596
45935,C,C,*,*,28,9400,1597
45977,G,G,*,*,28,9401,1598
45978,A,A,*,*,28,9401,1599
45979,G,G,*,*,28,9401,1600
45980,C,T,*,*,28,9401,1601
45981,A,A,*,*,28,9401,1602
45982,A,A,*,*,28,9401,1603
45983,A,A,*,*,28,9401,1604
45984,A,A,*,*,28,9401,1605
45985,A,A,*,*,28,9401,1606
45986,T,T,*,*,28,9401,1607
45987,G,G,*,*,28,9401,1608
45988,A,A,*,*,28,9401,1609
45989,T,T,*,*,28,9401,1610
45990,A,A,*,*,28,9402,1611
45991,C,C,*,*,28,9402,1612
45992,G,G,*,*,28,9415,1613
45993,A,A,*,*,28,9415,1614
45994,A,A,*,*,28,9415,1615
45995,A,A,*,*,28,9415,1616
45996,T,T,*,*,28,9415,1617
45997,C,C,*,*,28,9415,1618
45998,A,A,*,*,28,9415,1619
45999,A,A,*,*,28,9415,1620
46000,T,T,*,*,28,9415,1621
46001,C,C,*,*,28,9415,1622
46002,A,A,*,*,28,9415,1623
46003,T,T,*,*,28,9415,1624
46004,A,A,-,*,28,9415,1625
46005,T,T,-,*,28,9415,1626
46006,A,A,-,*,28,9415,1627
46007,A,A,-,*,28,9415,1628
46176,T,T,-,*,28,9442,1629
46177,T,T,-,*,28,9442,1630
46300,A,A,*,*,28,9464,1631
47027,A,A,-,*,28,9534,1632
47168,G,G,*,*,28,9609,1633
47169,A,A,*,*,28,9609,1634
47170,T,T,*,*,28,9609,1635
47171,A,A,*,*,28,9609,1636
47172,A,A,*,*,28,9609,1637
47173,T,T,*,*,28,9609,1638
47174,A,A,*,*,28,9609,1639
47175,A,A,*,*,28,9609,1640
47176,A,G,*,*,28,9610,1641
47177,T,T,*,*,28,9610,1642
47178,G,G,*,*,28,9610,1643
47179,A,A,*,*,28,9610,1644
47180,T,T,*,*,28,9610,1645
47181,C,C,*,*,28,9610,1646
47182,T,T,*,*,28,9610,1647
47183,C,C,*,*,28,9610,1648
47184,T,T,*,*,28,9610,1649
47185,G,G,*,*,28,9610,1650
47186,A,A,*,*,28,9610,1651
47187,A,A,*,*,28,9610,1652
47188,C,C,*,*,28,9610,1653
47189,T,T,*,*,28,9610,1654
47190,A,A,*,*,28,9610,1655
47191,T,T,*,*,28,9610,1656
47192,A,A,*,*,28,9610,1657
47193,A,A,*,*,28,9610,1658
47194,A,A,*,*,28,9610,1659
47195,G,G,*,*,28,9610,1660
47196,G,G,*,*,28,9610,1661
47197,T,T,*,*,28,9610,1662
47198,A,A,*,*,28,9610,1663
47199,T,T,*,*,28,9610,1664
47200,A,A,*,*,28,9610,1665
47201,T,T,*,*,28,9610,1666
47202,A,A,*,*,28,9610,1667
47203,T,T,*,*,28,9617,1668
47204,T,T,*,*,28,9617,1669
47205,T,T,*,*,28,9617,1670
47206,C,C,*,*,28,9617,1671
47207,T,T,*,*,28,9617,1672
47208,A,A,*,*,28,9617,1673
47209,G,G,*,*,28,9617,1674
47210,C,C,*,*,28,9617,1675
47211,C,C,*,*,28,9619,1676
47212,A,A,*,*,28,9619,1677
47213,A,A,*,*,28,9619,1678
47214,G,G,*,*,28,9619,1679
47215,T,T,*,*,28,9619,1680
47216,A,A,*,*,28,9619,1681
47217,T,T,*,*,28,9619,1682
47218,T,T,*,*,28,9619,1683
47219,G,G,*,*,28,9619,1684
47220,T,T,*,*,28,9619,1685
47221,G,G,*,*,28,9619,1686
47222,T,T,*,*,28,9619,1687
47223,T,T,*,*,28,9619,1688
47224,T,T,*,*,28,9619,1689
47225,G,G,*,*,28,9619,1690
47226,G,G,*,*,28,9619,1691
47227,G,G,*,*,28,9619,1692
47228,G,G,*,*,28,9619,1693
47229,G,G,*,*,28,9619,1694
47230,C,C,*,*,28,9619,1695
47231,T,T,*,*,28,9620,1696
47232,A,A,*,*,28,9621,1697
47233,T,T,*,*,28,9621,1698
47234,T,T,*,*,28,9621,1699
47235,T,T,*,*,28,9621,1700
47236,T,T,*,*,28,9621,1701
47237,G,G,*,*,28,9621,1702
47238,A,A,*,*,28,9621,1703
47239,G,G,*,*,28,9621,1704
47240,T,T,*,*,28,9621,1705
47241,T,T,*,*,28,9621,1706
47242,T,T,*,*,28,9621,1707
47243,T,T,*,*,28,9621,1708
47244,C,C,*,*,28,9621,1709
47245,A,A,*,*,28,9621,1710
47246,A,A,*,*,28,9621,1711
47247,T,T,*,*,28,9621,1712
47248,A,A,*,*,28,9621,1713
47249,A,A,*,*,28,9621,1714
47250,T,T,*,*,28,9621,1715
47251,C,C,*,*,28,9621,1716
47252,T,T,*,*,28,9621,1717
47253,T,T,*,*,28,9621,1718
47254,G,G,*,*,28,9621,1719
47255,C,C,*,*,28,9621,1720
47256,C,C,*,*,28,9621,1721
47257,C,C,*,*,28,9621,1722
47258,T,T,*,*,28,9621,1723
47259,A,A,*,*,28,9621,1724
47260,A,A,*,*,28,9621,1725
47261,T,T,*,*,28,9621,1726
47262,A,A,*,*,28,9622,1727
47263,A,A,*,*,28,9622,1728
47264,C,C,*,*,28,9623,1729
47265,G,A,*,*,28,9623,1730
47266,A,A,*,*,28,9623,1731
47267,G,G,*,*,28,9623,1732
47268,G,G,*,*,28,9623,1733
47269,T,T,*,*,28,9623,1734
47270,A,A,*,*,28,9634,1735
47271,T,T,*,*,28,9635,1736
47272,T,T,*,*,28,9635,1737
47273,T,T,*,*,28,9635,1738
47274,C,C,*,*,28,9635,1739
47275,A,A,*,*,28,9647,1740
47276,T,T,*,*,28,9647,1741
47277,T,T,*,*,28,9647,1742
47278,A,A,*,*,28,9647,1743
47279,T,T,*,*,28,9647,1744
47280,C,C,*,*,28,9666,1745
47281,T,T,*,*,28,9666,1746
47282,C,C,*,*,28,9667,1747
47283,T,T,*,*,28,9667,1748
47284,T,T,*,*,28,9667,1749
47285,T,T,*,*,28,9667,1750
47286,A,A,*,*,28,9667,1751
47287,G,G,*,*,28,9667,1752
47288,T,T,*,*,28,9667,1753
47289,G,G,*,*,28,9667,1754
47290,G,G,*,*,28,9667,1755
47291,G,G,*,*,28,9667,1756
47292,C,C,*,*,28,9667,1757
47293,T,T,*,*,28,9667,1758
47294,T,T,*,*,28,9667,1759
47295,C,C,*,*,28,9667,1760
47296,A,A,*,*,28,9667,1761
47297,T,T,*,*,28,9667,1762
47298,A,A,*,*,28,9667,1763
47299,A,A,*,*,28,9667,1764
47300,A,A,*,*,28,9667,1765
47301,A,A,*,*,28,9667,1766
47302,G,G,*,*,28,9667,1767
47303,A,G,*,*,28,9667,1768
47304,T,T,*,*,28,9667,1769
47305,A,A,*,*,28,9667,1770
47306,A,A,*,*,28,9667,1771
47307,C,C,*,*,28,9667,1772
47308,A,A,*,*,28,9667,1773
47309,A,A,*,*,28,9667,1774
47310,T,T,*,*,28,9667,1775
47311,A,A,*,*,28,9668,1776
47312,T,T,*,*,28,9668,1777
47313,A,A,*,*,28,9668,1778
47314,T,T,*,*,28,9668,1779
47315,A,A,*,*,28,9668,1780
47316,C,C,*,*,28,9668,1781
47317,T,T,*,*,28,9668,1782
47318,T,T,*,*,28,9668,1783
47319,C,C,*,*,28,9668,1784
47320,A,A,*,*,28,9668,1785
47321,C,C,*,*,28,9668,1786
47322,A,A,*,*,28,9668,1787
47323,A,A,*,*,28,9668,1788
47324,T,C,*,*,28,9668,1789
47325,A,A,*,*,28,9668,1790
47326,C,C,*,*,28,9668,1791
47327,A,A,*,*,28,9668,1792
47328,A,A,*,*,28,9668,1793
47329,G,G,*,*,28,9668,1794
47330,T,T,*,*,28,9668,1795
47331,A,A,*,*,28,9668,1796
47332,A,A,*,*,28,9668,1797
47333,A,A,*,*,28,9668,1798
47334,G,G,*,*,28,9668,1799
47335,G,G,*,*,28,9668,1800
47336,T,T,*,*,28,9668,1801
47337,G,G,*,*,28,9668,1802
47338,A,A,*,*,28,9668,1803
47339,T,T,*,*,28,9668,1804
47340,T,T,*,*,28,9668,1805
47341,A,A,*,*,28,9671,1806
47342,T,T,*,*,28,9671,1807
47343,G,G,*,*,28,9671,1808
47344,T,T,*,*,28,9671,1809
47345,G,G,*,*,28,9671,1810
47346,C,C,*,*,28,9671,1811
47559,T,T,-,*,28,9713,1812
47560,C,C,-,*,28,9713,1813
47561,T,T,-,*,28,9713,1814
47562,A,A,-,*,28,9713,1815
47563,C,C,-,*,28,9713,1816
47987,T,T,-,*,28,9793,1817
47988,A,A,-,*,28,9793,1818
47989,A,A,-,*,28,9793,1819
47990,C,C,-,*,28,9793,1820
49404,C,C,-,*,28,10001,1821
49405,A,A,-,*,28,10001,1822
49406,T,T,-,*,28,10004,1823
49407,G,G,-,*,28,10004,1824
50483,A,A,-,*,28,10235,1825
50484,T,T,-,*,28,10235,1826
50485,C,C,-,*,28,10235,1827
50486,A,A,-,*,28,10235,1828
50487,T,T,-,*,28,10235,1829
50578,A,A,-,*,28,10253,1830
50579,C,C,-,*,28,10253,1831
50723,A,A,-,*,28,10297,1832
50724,A,A,-,*,28,10297,1833
50725,A,A,-,*,28,10297,1834
50726,T,T,-,*,28,10297,1835
50773,A,A,-,*,28,10298,1836
50774,A,G,-,*,28,10298,1837
51390,G,G,*,*,28,10378,1838
51391,C,C,*,*,28,10378,1839
51392,C,T,*,*,28,10378,1840
51394,G,G,*,*,28,10378,1841
51395,G,G,*,*,28,10378,1842
51411,C,C,*,*,28,10378,1843
51412,T,T,*,*,28,10378,1844
51413,A,A,*,*,28,10378,1845
51414,T,T,*,*,28,10378,1846
51415,A,A,*,*,28,10378,1847
51416,A,A,*,*,28,10378,1848
51417,T,T,*,*,28,10378,1849
51418,C,C,*,*,28,10378,1850
51419,C,C,*,*,28,10378,1851
51420,T,T,*,*,28,10378,1852
51421,A,A,*,*,28,10378,1853
51422,G,G,*,*,28,10378,1854
51423,C,C,*,*,28,10378,1855
51424,A,A,*,*,28,10378,1856
51425,C,C,*,*,28,10378,1857
51426,T,T,*,*,28,10378,1858
51427,T,T,*,*,28,10378,1859
51428,T,T,*,*,28,10378,1860
51429,G,G,*,*,28,10378,1861
51437,G,A,*,*,28,10378,1862
51438,A,G,*,*,28,10378,1863
51439,G,G,*,*,28,10378,1864
51440,G,A,*,*,28,10378,1865
51441,A,G,*,*,28,10378,1866
51442,G,G,*,*,28,10378,1867
51443,G,G,*,*,28,10378,1868
51444,G,G,*,*,28,10378,1869
51445,T,T,*,*,28,10378,1870
51446,G,G,*,*,28,10378,1871
51447,G,G,*,*,28,10378,1872
51448,A,A,*,*,28,10378,1873
51449,T,T,*,*,28,10378,1874
51450,C,C,*,*,28,10378,1875
51451,A,A,*,*,28,10378,1876
51452,C,C,*,*,28,10378,1877
51453,G,A,*,*,28,10380,1878
51454,A,A,*,*,28,10380,1879
51455,G,G,*,*,28,10380,1880
51456,G,G,*,*,28,10380,1881
51457,T,T,*,*,28,10380,1882
51458,C,C,*,*,28,10380,1883
51459,A,A,*,*,28,10380,1884
51460,G,G,*,*,28,10380,1885
51461,G,G,*,*,28,10380,1886
51462,A,A,*,*,28,10380,1887
51463,G,G,*,*,28,10380,1888
51464,A,A,*,*,28,10380,1889
51465,T,T,*,*,28,10380,1890
51466,C,C,*,*,28,10380,1891
51467,A,A,*,*,28,10380,1892
51468,A,A,*,*,28,10380,1893
51469,G,G,*,*,28,10380,1894
51470,A,A,*,*,28,10380,1895
51471,C,C,*,*,28,10380,1896
51472,C,C,*,*,28,10380,1897
51473,A,A,*,*,28,10380,1898
51474,T,T,*,*,28,10380,1899
51475,C,C,*,*,28,10380,1900
51476,C,C,*,*,28,10380,1901
51477,T,T,*,*,28,10380,1902
51478,G,G,*,*,28,10380,1903
51479,G,G,*,*,28,10380,1904
51480,C,C,*,*,28,10380,1905
51481,T,T,*,*,28,10380,1906
51482,A,A,*,*,28,10380,1907
51483,A,A,*,*,28,10380,1908
51484,C,C,*,*,28,10380,1909
51485,C,C,*,*,28,10380,1910
51486,C,C,*,*,28,10380,1911
51487,G,A,*,*,28,10380,1912
51488,G,G,*,*,28,10380,1913
51489,T,T,*,*,28,10380,1914
51490,G,G,*,*,28,10380,1915
51491,A,A,*,*,28,10380,1916
51492,A,A,*,*,28,10380,1917
51493,A,A,*,*,28,10380,1918
51494,C,C,*,*,28,10380,1919
51495,C,C,*,*,28,10380,1920
51496,C,C,*,*,28,10380,1921
51497,C,C,*,*,28,10380,1922
51498,G,G,*,*,28,10380,1923
51499,T,T,*,*,28,10380,1924
51500,C,C,*,*,28,10380,1925
51501,T,T,*,*,28,10380,1926
51502,C,C,*,*,28,10380,1927
51503,T,T,*,*,28,10380,1928
51504,A,A,*,*,28,10380,1929
51505,C,C,*,*,28,10380,1930
51506,T,C,*,*,28,10380,1931
51507,A,A,*,*,28,10380,1932
51508,A,A,*,*,28,10380,1933
51509,A,A,*,*,28,10380,1934
51510,A,A,*,*,28,10380,1935
51511,A,A,*,*,28,10380,1936
51512,T,T,*,*,28,10380,1937
51513,A,A,*,*,28,10380,1938
51514,T,C,*,*,28,10380,1939
51515,A,A,*,*,28,10380,1940
51516,A,A,*,*,28,10380,1941
51517,A,A,*,*,28,10380,1942
51518,A,A,*,*,28,10380,1943
51519,A,A,*,*,28,10380,1944
51520,A,A,*,*,28,10380,1945
51521,A,A,*,*,28,10380,1946
51522,T,T,*,*,28,10380,1947
51523,T,T,*,*,28,10380,1948
51524,A,A,*,*,28,10380,1949
51525,G,G,*,*,28,10380,1950
51526,C,C,*,*,28,10380,1951
51527,C,C,*,*,28,10380,1952
51528,G,G,*,*,28,10380,1953
51529,G,G,*,*,28,10380,1954
51530,G,G,*,*,28,10380,1955
51531,C,C,*,*,28,10380,1956
51532,G,G,*,*,28,10380,1957
51533,T,T,*,*,28,10380,1958
51534,G,G,*,*,28,10380,1959
51535,G,G,*,*,28,10380,1960
51536,T,T,*,*,28,10380,1961
51537,G,G,*,*,28,10380,1962
51538,G,G,*,*,28,10380,1963
51539,C,C,*,*,28,10380,1964
51540,G,G,*,*,28,10380,1965
51541,G,G,*,*,28,10380,1966
51542,G,G,*,*,28,10380,1967
51543,C,C,*,*,28,10380,1968
51544,G,G,*,*,28,10380,1969
51545,C,C,*,*,28,10380,1970
51546,C,C,*,*,28,10380,1971
51547,T,T,*,*,28,10380,1972
51548,G,G,*,*,28,10380,1973
51549,T,T,*,*,28,10380,1974
51550,A,A,*,*,28,10380,1975
51551,G,G,*,*,28,10380,1976
51552,T,T,*,*,28,10380,1977
51553,C,C,*,*,28,10380,1978
51554,C,C,*,*,28,10380,1979
51555,C,C,*,*,28,10380,1980
51556,A,A,*,*,28,10380,1981
51557,G,G,*,*,28,10380,1982
51558,C,C,*,*,28,10381,1983
51559,T,T,*,*,28,10381,1984
51560,A,A,*,*,28,10381,1985
51561,C,C,*,*,28,10381,1986
51562,T,T,*,*,28,10381,1987
51563,T,C,*,*,28,10381,1988
51564,G,C,*,*,28,10381,1989
51565,G,G,*,*,28,10381,1990
51566,G,G,*,*,28,10385,1991
51567,A,A,*,*,28,10385,1992
51568,G,G,*,*,28,10385,1993
51569,G,G,*,*,28,10385,1994
51570,C,C,*,*,28,10385,1995
51571,T,T,*,*,28,10385,1996
51572,G,G,*,*,28,10385,1997
51573,A,A,*,*,28,10385,1998
51574,G,G,*,*,28,10385,1999
51575,G,G,*,*,28,10385,2000
51576,C,C,*,*,28,10385,2001
51577,A,A,*,*,28,10385,2002
51578,G,G,*,*,28,10385,2003
51579,A,A,*,*,28,10385,2004
51580,A,A,*,*,28,10385,2005
51581,G,G,*,*,28,10385,2006
51582,A,A,*,*,28,10385,2007
51583,A,A,*,*,28,10385,2008
51584,T,T,*,*,28,10385,2009
51585,G,G,*,*,28,10385,2010
51586,G,G,*,*,28,10385,2011
51587,C,C,*,*,28,10385,2012
51588,G,G,*,*,28,10385,2013
51589,T,T,*,*,28,10385,2014
51590,G,G,*,*,28,10385,2015
51591,A,A,*,*,28,10385,2016
51592,A,A,*,*,28,10385,2017
51593,C,C,*,*,28,10385,2018
51594,C,C,*,*,28,10385,2019
51595,C,C,*,*,28,10385,2020
51596,A,A,*,*,28,10385,2021
51598,G,G,*,*,28,10385,2022
51599,A,A,*,*,28,10385,2023
51600,G,G,*,*,28,10385,2024
51601,G,G,*,*,28,10385,2025
51602,C,C,*,*,28,10385,2026
51603,G,G,*,*,28,10385,2027
51604,G,G,*,*,28,10385,2028
51605,A,A,*,*,28,10385,2029
51606,G,G,*,*,28,10385,2030
51607,C,C,*,*,28,10385,2031
51608,T,T,*,*,28,10385,2032
51609,T,T,*,*,28,10385,2033
51610,G,G,*,*,28,10385,2034
51611,C,C,*,*,28,10385,2035
51612,A,A,*,*,28,10385,2036
51613,G,G,*,*,28,10385,2037
51614,T,T,*,*,28,10385,2038
51615,G,G,*,*,28,10385,2039
51616,A,A,*,*,28,10385,2040
51617,G,G,*,*,28,10385,2041
51618,C,C,*,*,28,10385,2042
51619,C,C,*,*,28,10385,2043
51620,G,G,*,*,28,10385,2044
51621,A,C,*,*,28,10385,2045
51622,G,G,*,*,28,10385,2046
51623,A,A,*,*,28,10385,2047
51624,T,T,*,*,28,10385,2048
51625,C,C,*,*,28,10385,2049
51626,A,G,*,*,28,10385,2050
51627,C,C,*,*,28,10385,2051
51628,G,G,*,*,28,10385,2052
51629,C,C,*,*,28,10385,2053
51630,C,C,*,*,28,10385,2054
51631,A,A,*,*,28,10385,2055
51632,C,C,*,*,28,10385,2056
51633,T,T,*,*,28,10385,2057
51634,G,G,*,*,28,10385,2058
51635,C,C,*,*,28,10385,2059
51636,A,A,*,*,28,10385,2060
51637,C,C,*,*,28,10385,2061
51638,T,T,*,*,28,10385,2062
51639,C,C,*,*,28,10385,2063
51640,C,C,*,*,28,10385,2064
51641,A,A,*,*,28,10385,2065
51642,G,G,*,*,28,10385,2066
51643,C,C,*,*,28,10385,2067
51644,C,C,*,*,28,10385,2068
51645,T,T,*,*,28,10385,2069
51646,G,G,*,*,28,10385,2070
51647,G,G,*,*,28,10385,2071
51648,G,G,*,*,28,10385,2072
51649,C,C,*,*,28,10385,2073
51650,G,T,*,*,28,10385,2074
51651,A,A,*,*,28,10385,2075
51652,C,C,*,*,28,10385,2076
51653,A,A,*,*,28,10385,2077
51654,G,G,*,*,28,10385,2078
51655,A,A,*,*,28,10385,2079
51656,G,G,*,*,28,10385,2080
51657,C,C,*,*,28,10385,2081
51658,C,G,*,*,28,10387,2082
51659,A,A,*,*,28,10387,2083
51660,C,C,*,*,28,10387,2084
51661,T,T,*,*,28,10387,2085
51662,C,C,*,*,28,10387,2086
51663,C,C,*,*,28,10387,2087
51664,G,G,*,*,28,10387,2088
51665,T,T,*,*,28,10387,2089
51666,C,T,*,*,28,10387,2090
51667,T,T,*,*,28,10387,2091
51668,C,C,*,*,28,10387,2092
51669,A,A,*,*,28,10387,2093
51670,A,A,*,*,28,10387,2094
51671,A,A,*,*,28,10387,2095
51672,A,A,*,*,28,10387,2096
51673,A,A,*,*,28,10387,2097
51674,A,A,*,*,28,10387,2098
51675,A,A,*,*,28,10387,2099
51676,A,A,*,*,28,10387,2100
51677,A,A,*,*,28,10387,2101
51678,A,A,*,*,28,10388,2102
51682,G,G,*,*,28,10395,2103
51683,A,A,*,*,28,10395,2104
51684,T,T,*,*,28,10395,2105
51685,G,G,*,*,28,10395,2106
51686,C,C,*,*,28,10395,2107
51687,A,A,*,*,28,10395,2108
51688,A,A,*,*,28,10395,2109
51689,G,G,*,*,28,10395,2110
51690,T,T,*,*,28,10395,2111
51691,G,G,*,*,28,10395,2112
51692,A,A,*,*,28,10395,2113
51693,A,A,*,*,28,10395,2114
51694,T,T,*,*,28,10395,2115
51695,A,A,*,*,28,10395,2116
51696,T,T,*,*,28,10395,2117
51697,A,A,*,*,28,10395,2118
51698,T,T,*,*,28,10401,2119
51699,C,C,*,*,28,10401,2120
51700,T,T,*,*,28,10401,2121
51701,C,C,*,*,28,10401,2122
51702,A,A,*,*,28,10401,2123
51703,G,G,*,*,28,10401,2124
51704,T,T,*,*,28,10401,2125
51705,A,A,*,*,28,10401,2126
51706,A,A,*,*,28,10401,2127
51953,A,A,-,*,28,10477,2128
51971,T,T,-,*,28,10477,2129
52199,G,G,-,*,28,10588,2130
52785,T,T,-,*,28,10732,2131
52868,G,G,-,*,28,10735,2132
52869,T,T,-,*,28,10735,2133
52870,C,C,-,*,28,10735,2134
52871,T,T,-,*,28,10735,2135
52872,C,C,-,*,28,10735,2136
52873,C,C,-,*,28,10735,2137
52874,C,C,-,*,28,10735,2138
52875,A,A,-,*,28,10735,2139
52876,A,A,-,*,28,10735,2140
52877,A,A,-,*,28,10735,2141
52878,G,G,-,*,28,10735,2142
52879,T,T,-,*,28,10735,2143
52880,G,G,-,*,28,10735,2144
52881,C,C,-,*,28,10735,2145
52882,T,T,-,*,28,10735,2146
53792,A,A,-,*,28,10845,2147
53793,T,T,-,*,28,10845,2148
53794,T,T,-,*,28,10845,2149
53795,T,T,-,*,28,10847,2150
54223,C,C,-,*,28,10909,2151
56410,T,T,-,*,28,11354,2152
56411,C,C,-,*,28,11354,2153
56412,T,T,-,*,28,11354,2154
56421,C,C,-,*,28,11361,2155
56887,T,T,-,*,28,11598,2156
56888,T,T,-,*,28,11598,2157
56889,C,C,-,*,28,11598,2158
56890,C,C,-,*,28,11598,2159
56891,T,G,-,*,28,11598,2160
57196,C,C,-,*,28,11677,2161
57197,T,T,-,*,28,11680,2162
57325,C,C,-,*,28,11705,2163
57326,T,T,-,*,28,11705,2164
57327,C,C,-,*,28,11705,2165
57328,C,C,-,*,28,11705,2166
57329,C,C,-,*,28,11705,2167
57330,T,T,-,*,28,11705,2168
57331,T,T,-,*,28,11705,2169
57332,C,C,-,*,28,11705,2170
57333,C,C,-,*,28,11705,2171
57334,T,T,-,*,28,11705,2172
57335,T,T,-,*,28,11705,2173
57336,A,A,-,*,28,11705,2174
57337,C,C,-,*,28,11705,2175
57338,T,T,-,*,28,11705,2176
57339,T,T,-,*,28,11731,2177
57340,A,C,-,*,28,11731,2178
57520,A,A,-,*,28,11840,2179
57521,T,T,-,*,28,11840,2180
57522,C,C,-,*,28,11840,2181
57523,T,T,-,*,28,11840,2182
57574,C,C,-,*,28,11872,2183
57575,T,T,-,*,28,11872,2184
57576,A,A,-,*,28,11872,2185
57577,T,T,-,*,28,11872,2186
57960,T,T,-,*,28,12017,2187
57961,T,T,-,*,28,12017,2188
57962,A,A,-,*,28,12017,2189
57963,T,T,-,*,28,12017,2190
57964,G,G,-,*,28,12017,2191
57965,T,T,-,*,28,12017,2192
57966,G,G,-,*,28,12017,2193
57967,T,T,-,*,28,12017,2194
57968,A,A,-,*,28,12017,2195
57969,T,T,-,*,28,12017,2196
58885,T,T,-,*,28,12155,2197
58886,A,A,-,*,28,12155,2198
58887,C,C,-,*,28,12155,2199
58888,A,A,-,*,28,12155,2200
58889,T,T,-,*,28,12155,2201
58890,A,A,-,*,28,12155,2202
58891,C,C,-,*,28,12155,2203
58892,C,C,-,*,28,12155,2204
58893,C,C,-,*,28,12155,2205
58894,T,T,-,*,28,12155,2206
58895,T,T,-,*,28,12155,2207
58896,T,T,-,*,28,12155,2208
58897,T,T,-,*,28,12155,2209
58898,T,T,-,*,28,12155,2210
58899,A,A,-,*,28,12155,2211
58900,T,T,-,*,28,12155,2212
58901,C,C,-,*,28,12155,2213
58902,T,T,-,*,28,12156,2214
58903,G,G,-,*,28,12156,2215
58904,C,C,-,*,28,12156,2216
58905,T,T,-,*,28,12156,2217
58906,G,G,-,*,28,12156,2218
58907,T,T,-,*,28,12156,2219
58908,A,A,-,*,28,12156,2220
58909,C,T,-,*,28,12156,2221
58915,A,G,-,*,28,12156,2222
58916,A,A,-,*,28,12156,2223
58917,A,A,-,*,28,12156,2224
58918,G,G,-,*,28,12156,2225
58919,A,A,-,*,28,12156,2226
58920,C,T,-,*,28,12156,2227
58921,C,C,-,*,28,12156,2228
58922,A,A,-,*,28,12156,2229
58942,A,A,-,*,28,12156,2230
58943,A,A,-,*,28,12160,2231
58944,G,G,-,*,28,12160,2232
59014,A,A,-,*,28,12191,2233
59015,A,A,-,*,28,12191,2234
59204,A,A,-,*,28,12304,2235
59205,T,T,-,*,28,12304,2236
59206,T,T,-,*,28,12304,2237
59207,G,G,-,*,28,12304,2238
59208,C,C,-,*,28,12304,2239
59209,C,C,-,*,28,12304,2240
59210,T,T,-,*,28,12304,2241
59660,T,T,-,*,28,12346,2242
59719,G,G,-,*,28,12348,2243
59995,T,T,-,*,28,12448,2244
59996,C,C,-,*,28,12448,2245
59997,A,A,-,*,28,12450,2246
60623,A,A,-,*,28,12571,2247
60995,A,A,-,*,28,12641,2248
61541,T,T,-,*,28,12700,2249
61542,T,A,-,*,28,12700,2250
61552,C,C,-,*,28,12700,2251
61553,T,T,-,*,28,12700,2252
61554,C,C,-,*,28,12700,2253
61882,C,C,-,*,28,12717,2254
62140,T,T,-,*,28,12804,2255
62141,T,T,-,*,28,12804,2256
62142,G,G,-,*,28,12804,2257
62143,A,A,-,*,28,12804,2258
62144,C,T,-,*,28,12804,2259
62145,T,T,-,*,28,12804,2260
62146,G,G,-,*,28,12804,2261
62147,C,C,-,*,28,12804,2262
62565,G,C,-,*,28,12867,2263
62886,A,A,-,*,28,12877,2264
62919,A,A,-,*,28,12878,2265
62984,C,C,-,*,28,12879,2266
62985,A,A,-,*,28,12879,2267
62986,A,A,-,*,28,12879,2268
62987,G,G,-,*,28,12879,2269
62988,T,T,-,*,28,12879,2270
63304,A,A,-,*,28,12900,2271
63506,A,G,-,*,28,12905,2272
63507,A,T,-,*,28,12905,2273
63508,A,C,-,*,28,12905,2274
63509,A,T,-,*,28,12905,2275
63549,A,A,-,*,28,12928,2276
63550,T,T,-,*,28,12928,2277
63551,A,A,-,*,28,12928,2278
63552,T,T,-,*,28,12928,2279
63553,G,G,-,*,28,12928,2280
63554,T,T,-,*,28,12928,2281
63555,T,T,-,*,28,12928,2282
63556,A,A,-,*,28,12928,2283
63557,A,A,-,*,28,12928,2284
63558,T,T,-,*,28,12928,2285
63559,A,A,-,*,28,12928,2286
63560,A,A,-,*,28,12928,2287
63561,C,C,-,*,28,12928,2288
63562,A,A,-,*,28,12928,2289
63563,T,T,-,*,28,12928,2290
63564,T,T,-,*,28,12928,2291
63565,T,G,-,*,28,12928,2292
63566,T,T,-,*,28,12928,2293
63571,A,A,-,*,28,12932,2294
63572,T,T,-,*,28,12932,2295
63573,T,T,-,*,28,12932,2296
63574,C,C,-,*,28,12932,2297
63575,A,A,-,*,28,12932,2298
63576,G,G,-,*,28,12932,2299
63577,T,T,-,*,28,12932,2300
63578,C,C,-,*,28,12932,2301
63579,A,A,-,*,28,12932,2302
63580,G,G,-,*,28,12932,2303
63581,T,T,-,*,28,12932,2304
63582,C,C,-,*,28,12932,2305
63583,A,A,-,*,28,12932,2306
63584,A,A,-,*,28,12932,2307
63585,T,T,-,*,28,12932,2308
63586,A,A,-,*,28,12932,2309
63587,G,G,-,*,28,12932,2310
63588,G,G,-,*,28,12932,2311
63589,T,T,-,*,28,12932,2312
63590,A,A,-,*,28,12932,2313
63591,T,T,-,*,28,12935,2314
63592,T,T,-,*,28,12935,2315
63593,T,T,-,*,28,12935,2316
63594,C,C,-,*,28,12935,2317
63595,T,T,-,*,28,12935,2318
63596,T,T,-,*,28,12935,2319
63597,T,T,-,*,28,12935,2320
63598,A,A,-,*,28,12935,2321
63599,C,C,-,*,28,12935,2322
63600,T,T,-,*,28,12935,2323
63601,G,G,-,*,28,12935,2324
63602,A,A,-,*,28,12935,2325
63603,G,G,-,*,28,12935,2326
63604,C,C,-,*,28,12935,2327
63605,C,C,-,*,28,12935,2328
63606,C,C,-,*,28,12935,2329
63607,T,T,-,*,28,12935,2330
63608,T,T,-,*,28,12935,2331
63609,A,A,-,*,28,12935,2332
63610,C,C,-,*,28,12935,2333
63611,T,T,-,*,28,12935,2334
63612,A,A,-,*,28,12935,2335
63613,T,T,-,*,28,12935,2336
63614,A,A,-,*,28,12935,2337
63615,T,T,-,*,28,12935,2338
63616,G,G,-,*,28,12935,2339
63617,C,C,-,*,28,12935,2340
63628,C,T,-,*,28,12935,2341
64100,T,T,-,*,28,13002,2342
64101,A,A,-,*,28,13002,2343
64102,G,C,-,*,28,13002,2344
64103,A,C,-,*,28,13002,2345
64104,A,A,-,*,28,13002,2346
64105,C,C,-,*,28,13002,2347
64106,A,A,-,*,28,13002,2348
64107,C,C,-,*,28,13002,2349
64108,T,T,*,*,28,13002,2350
64109,G,G,-,*,28,13002,2351
64110,A,A,-,*,28,13002,2352
64111,G,G,-,*,28,13002,2353
64112,A,A,-,*,28,13002,2354
64113,A,A,-,*,28,13002,2355
64114,C,C,-,*,28,13002,2356
64115,T,T,-,*,28,13002,2357
64116,G,G,-,*,28,13002,2358
64117,C,C,-,*,28,13002,2359
64118,T,T,-,*,28,13002,2360
64119,G,G,-,*,28,13002,2361
64120,T,T,-,*,28,13002,2362
64219,T,T,-,*,28,13012,2363
65392,C,C,-,*,28,13232,2364
65393,C,C,-,*,28,13232,2365
65394,T,T,-,*,28,13232,2366
