159,C,C,-,-,0,8,1
160,C,C,-,-,0,8,2
161,T,T,-,-,0,8,3
162,C,C,-,-,0,8,4
163,A,A,-,-,0,8,5
164,T,T,-,-,0,8,6
165,G,C,-,-,0,8,7
360,G,G,A,A,1,56,7
457,A,A,G,G,2,58,7
1049,C,C,T,T,3,158,7
1050,A,A,G,G,4,158,7
1052,T,T,C,C,5,158,7
1099,C,C,A,T,6,159,7
1103,C,C,A,A,7,160,7
1176,T,T,C,C,8,173,7
1233,C,C,T,A,9,173,7
1323,G,G,C,A,10,188,7
1344,T,T,C,C,11,194,7
1463,C,C,T,T,12,196,7
1602,T,T,G,G,13,218,7
1604,T,T,G,G,14,218,7
1605,C,C,A,A,15,218,7
1606,T,T,-,-,15,218,8
1607,T,T,-,-,15,218,9
1608,T,T,G,G,16,218,9
1706,A,A,G,G,17,237,9
1744,A,A,G,G,18,241,9
1960,G,G,C,C,19,268,9
2017,T,C,-,-,19,318,10
2026,T,T,-,-,19,318,11
2027,C,C,-,-,19,318,12
2034,A,A,-,-,19,318,13
2035,A,T,-,-,19,318,14
2036,C,C,-,-,19,318,15
2167,T,T,C,C,20,400,15
2317,T,T,G,A,21,405,15
2389,T,T,C,A,22,410,15
2556,G,G,A,A,23,414,15
2726,G,G,A,A,24,498,15
2758,A,A,T,T,25,548,15
2821,A,A,G,G,26,550,15
2933,C,C,T,T,27,576,15
3006,T,T,C,A,28,606,15
3220,C,C,G,T,29,665,15
3450,T,T,C,C,30,744,15
3451,T,T,C,C,31,744,15
4228,C,C,T,G,32,870,15
4393,A,A,G,G,33,878,15
4439,C,C,T,T,34,889,15
4668,C,C,A,G,35,898,15
4696,C,C,A,A,36,900,15
4724,C,C,T,T,37,913,15
5052,T,T,C,C,38,930,15
5166,T,T,C,C,39,941,15
5245,T,T,C,G,40,943,15
5497,G,G,A,A,41,955,15
5599,C,C,T,T,42,955,15
5653,C,C,T,T,43,955,15
5679,T,T,C,C,44,955,15
5717,T,T,C,C,45,955,15
5718,G,G,A,A,46,955,15
5732,T,T,C,C,47,955,15
5768,G,G,T,A,48,956,15
5827,T,T,C,C,49,959,15
5881,A,A,G,G,50,964,15
6009,T,T,A,A,51,981,15
6301,T,T,C,C,52,1003,15
6394,T,T,-,-,52,1032,16
6408,G,G,A,A,53,1032,16
6707,T,T,C,C,54,1067,16
6774,C,C,T,T,55,1067,16
6856,G,G,A,A,56,1068,16
6965,T,T,G,C,57,1073,16
7015,T,T,C,G,58,1085,16
7248,C,C,T,T,59,1207,16
7344,C,C,A,T,60,1244,16
7579,T,T,A,C,61,1381,16
7763,G,G,C,A,62,1418,16
7896,C,C,T,T,63,1421,16
7929,T,T,G,G,64,1440,16
7990,C,C,G,G,65,1456,16
8056,G,G,A,A,66,1468,16
8409,C,C,-,-,66,1482,17
8843,G,G,C,C,67,1514,17
9216,G,G,A,A,68,1642,17
9362,A,A,G,C,69,1656,17
9466,A,A,G,G,70,1665,17
9888,T,T,C,C,71,1734,17
10081,G,G,T,A,72,1801,17
10234,T,T,C,C,73,1804,17
10306,A,A,C,C,74,1806,17
10464,T,T,C,C,75,1821,17
10518,T,T,-,-,75,1861,18
10519,T,T,-,-,75,1861,19
10834,T,T,G,A,76,1958,19
10875,A,A,G,G,77,1976,19
10924,G,G,C,T,78,1983,19
11069,G,G,T,A,79,1988,19
11417,A,A,G,G,80,2024,19
11864,T,T,G,G,81,2162,19
11872,T,T,C,A,82,2162,19
12199,T,T,G,C,83,2232,19
12925,-,-,C,C,83,2288,19
12925,-,-,C,C,83,2289,19
12925,-,-,C,C,83,2290,19
15675,-,-,G,G,83,2654,19
15675,-,-,A,A,83,2655,19
15675,-,-,A,A,83,2656,19
15675,-,-,G,G,83,2659,19
15675,-,-,T,T,83,2660,19
15675,-,-,C,C,83,2661,19
15675,-,-,T,T,83,2662,19
15675,-,-,G,G,83,2663,19
17532,T,T,C,G,84,3111,19
18120,A,A,G,C,85,3187,19
18268,G,G,-,-,85,3195,20
18286,T,T,C,C,86,3196,20
18486,G,G,C,A,87,3278,20
18588,T,T,C,A,88,3279,20
19216,C,C,T,T,89,3315,20
19217,C,C,-,-,89,3315,21
19259,G,G,A,A,90,3315,21
19363,C,C,T,T,91,3316,21
19366,G,G,C,C,92,3316,21
19473,A,A,G,G,93,3316,21
19493,T,T,C,C,94,3316,21
19494,G,G,A,A,95,3316,21
19496,A,A,G,G,96,3316,21
19497,C,C,T,T,97,3316,21
19515,A,A,G,G,98,3316,21
19935,A,A,T,G,99,3354,21
20152,G,G,T,T,100,3388,21
20221,A,A,G,G,101,3417,21
20327,T,T,C,C,102,3417,21
20455,T,T,A,C,103,3418,21
20707,A,A,T,T,104,3428,21
21023,T,T,G,G,105,3448,21
21226,T,T,C,C,106,3477,21
21525,A,A,G,G,107,3542,21
21540,T,T,C,G,108,3542,21
21554,T,T,C,C,109,3549,21
21722,T,T,C,C,110,3665,21
21760,C,C,G,G,111,3670,21
22350,G,G,A,A,112,3726,21
22353,A,A,G,G,113,3726,21
22388,G,G,-,-,113,3773,22
22389,G,G,-,-,113,3773,23
22390,A,A,-,-,113,3773,24
22391,T,T,-,-,113,3773,25
22764,A,A,G,G,114,4052,25
22867,T,T,-,*,114,4052,26
23151,C,C,-,*,114,4110,27
24296,G,G,-,*,114,4395,28
24297,G,G,-,*,114,4395,29
24298,C,C,-,*,114,4395,30
24299,T,T,-,*,114,4425,31
24300,G,G,-,*,114,4425,32
24301,G,G,-,*,114,4425,33
24302,A,A,-,*,114,4425,34
24303,A,A,-,*,114,4425,35
24304,T,T,-,*,114,4425,36
24305,G,G,-,*,114,4425,37
24306,A,A,-,*,114,4432,38
24307,G,G,-,*,114,4432,39
24569,G,G,-,*,114,4567,40
24570,G,G,-,*,114,4567,41
24571,C,C,-,*,114,4567,42
24572,A,A,-,*,114,4567,43
24573,A,A,*,*,114,4567,44
24574,T,T,*,*,114,4567,45
24575,T,T,*,*,114,4567,46
24576,C,C,*,*,114,4567,47
24577,A,A,*,*,114,4567,48
