980,-,*,C,C,0,72,0
980,-,*,C,C,0,73,0
980,-,*,T,T,0,74,0
980,-,*,C,C,0,75,0
980,-,*,A,A,0,76,0
980,-,*,A,C,0,77,0
980,-,*,C,C,0,78,0
980,-,*,T,T,0,79,0
980,-,*,T,T,0,80,0
980,-,*,T,T,0,81,0
980,-,*,A,A,0,82,0
1153,-,*,T,C,0,105,0
1153,-,*,T,T,0,106,0
1153,-,*,C,C,0,107,0
1153,-,*,A,A,0,108,0
1153,-,*,G,G,0,109,0
1153,-,*,A,A,0,110,0
1153,-,*,A,A,0,111,0
1153,-,*,T,T,0,112,0
1153,-,*,C,C,0,113,0
1153,-,*,C,T,0,114,0
1153,-,*,A,A,0,115,0
1153,-,*,G,G,0,116,0
1153,-,*,A,A,0,118,0
1153,-,*,A,A,0,119,0
1153,-,*,A,A,0,120,0
1153,-,*,A,A,0,121,0
1153,-,*,G,G,0,122,0
1153,-,*,A,A,0,123,0
1153,-,*,C,T,0,124,0
1153,-,*,A,A,0,125,0
1153,-,*,C,T,0,126,0
2408,C,C,T,T,1,430,0
2640,G,G,A,A,2,463,0
2668,T,T,C,C,3,464,0
2742,T,T,C,C,4,472,0
2783,C,C,T,T,5,477,0
2833,C,C,T,T,6,480,0
3395,-,-,T,T,6,528,0
3395,-,-,C,C,6,529,0
3395,-,-,T,T,6,530,0
3395,-,-,C,C,6,531,0
3395,-,-,T,T,6,532,0
3395,-,-,C,C,6,533,0
3395,-,-,T,T,6,534,0
3396,A,A,C,C,7,534,0
3450,G,C,-,-,7,550,1
3451,T,T,-,-,7,550,2
3452,C,C,-,-,7,550,3
3453,T,T,-,-,7,550,4
3454,C,C,-,-,7,550,5
3455,T,T,-,-,7,550,6
3480,A,A,-,-,7,607,7
3481,T,T,-,-,7,607,8
3482,C,C,-,-,7,607,9
3536,T,T,C,C,8,610,9
3679,G,G,A,C,9,620,9
3731,A,A,T,T,10,626,9
4202,G,G,*,*,10,676,10
4203,A,A,*,*,10,676,11
4204,A,A,*,*,10,676,12
4205,A,A,*,*,10,676,13
4206,A,A,*,*,10,676,14
4207,G,C,*,*,10,676,15
4208,C,C,*,*,10,676,16
4209,T,T,*,*,10,676,17
4210,C,C,*,*,10,676,18
4211,T,T,*,*,10,676,19
4212,G,G,*,*,10,676,20
4213,T,T,*,*,10,702,21
4214,C,C,*,*,10,702,22
4215,C,C,*,*,10,702,23
4216,C,C,*,*,10,702,24
4217,A,T,*,*,10,702,25
4218,G,G,*,*,10,702,26
4219,C,C,*,*,10,702,27
4220,C,C,*,*,10,702,28
4221,G,G,*,*,10,702,29
4222,G,G,*,*,10,702,30
4223,G,G,*,*,10,702,31
4224,C,C,*,*,10,702,32
4225,G,C,*,*,10,702,33
4226,C,T,*,*,10,702,34
4227,G,G,*,*,10,702,35
4228,G,G,*,*,10,702,36
4229,T,T,*,*,10,702,37
4230,G,G,*,*,10,702,38
4231,G,G,*,*,10,702,39
4232,C,C,*,*,10,702,40
4233,T,T,*,*,10,702,41
4234,C,C,*,*,10,702,42
4235,A,A,*,*,10,702,43
4236,T,C,*,*,10,702,44
4237,A,G,*,*,10,702,45
4238,C,C,*,*,10,702,46
4239,C,C,*,*,10,702,47
4240,T,T,*,*,10,702,48
4241,G,G,*,*,10,702,49
4242,T,T,*,*,10,702,50
4243,A,A,*,*,10,702,51
4244,A,A,*,*,10,702,52
4245,T,T,*,*,10,702,53
4246,C,C,*,*,10,702,54
4247,C,C,*,*,10,702,55
4248,C,C,*,*,10,702,56
4249,A,A,*,*,10,702,57
4250,G,G,*,*,10,702,58
4251,C,C,*,*,10,702,59
4252,A,A,*,*,10,702,60
4253,C,C,*,*,10,702,61
4254,T,T,*,*,10,702,62
4255,T,T,*,*,10,702,63
4256,T,T,*,*,10,702,64
4257,G,G,*,*,10,702,65
4258,G,G,*,*,10,702,66
4259,G,G,*,*,10,702,67
4260,A,A,*,*,10,702,68
4261,G,G,*,*,10,702,69
4262,G,G,*,*,10,702,70
4263,C,C,*,*,10,702,71
4264,T,C,*,*,10,702,72
4265,G,G,*,*,10,702,73
4266,A,A,*,*,10,702,74
4267,G,G,*,*,10,702,75
4268,G,G,*,*,10,702,76
4269,C,C,*,*,10,702,77
4270,G,G,*,*,10,702,78
4271,G,G,*,*,10,702,79
4272,G,G,*,*,10,702,80
4273,T,T,*,*,10,702,81
4274,G,G,*,*,10,702,82
4275,G,G,*,*,10,702,83
4276,A,A,*,*,10,702,84
4277,T,T,*,*,10,702,85
4278,C,C,*,*,10,702,86
4279,A,A,*,*,10,702,87
4280,C,C,*,*,10,702,88
4281,G,G,*,*,10,702,89
4282,A,A,*,*,10,702,90
4283,G,G,*,*,10,702,91
4284,G,G,*,*,10,702,92
4285,T,T,*,*,10,702,93
4286,C,C,*,*,10,702,94
4287,A,A,*,*,10,702,95
4288,G,G,*,*,10,702,96
4289,G,G,*,*,10,702,97
4290,A,A,*,*,10,702,98
4291,G,G,*,*,10,702,99
4292,A,A,*,*,10,702,100
4293,T,T,*,*,10,702,101
4294,T,T,*,*,10,702,102
4295,G,G,*,*,10,702,103
4296,A,A,*,*,10,702,104
4297,G,G,*,*,10,702,105
4298,A,A,*,*,10,702,106
4299,C,C,*,*,10,702,107
4300,C,C,*,*,10,702,108
4301,A,A,*,*,10,702,109
4302,T,T,*,*,10,702,110
4303,C,T,*,*,10,702,111
4304,C,C,*,*,10,702,112
4305,T,T,*,*,10,702,113
4306,G,G,*,*,10,702,114
4307,G,A,*,*,10,702,115
4308,C,C,*,*,10,702,116
4309,T,T,*,*,10,702,117
4310,A,A,*,*,10,702,118
4311,A,A,*,*,10,702,119
4312,C,C,*,*,10,702,120
4313,A,G,*,*,10,702,121
4314,C,C,*,*,10,702,122
4315,G,T,*,*,10,702,123
4316,A,A,*,*,10,702,124
4317,T,T,*,*,10,702,125
4318,G,G,*,*,10,702,126
4319,A,A,*,*,10,702,127
4320,A,A,*,*,10,702,128
4321,A,A,*,*,10,702,129
4323,C,T,*,*,10,702,130
4324,C,C,*,*,10,702,131
4325,C,C,*,*,10,702,132
4326,A,G,*,*,10,702,133
4327,T,T,*,*,10,702,134
4328,C,C,*,*,10,702,135
4329,T,T,*,*,10,702,136
4330,C,C,*,*,10,702,137
4331,T,T,*,*,10,702,138
4332,A,A,*,*,10,702,139
4333,C,C,*,*,10,702,140
4334,T,T,*,*,10,702,141
4335,A,A,*,*,10,703,142
4336,A,A,*,*,10,703,143
4337,A,A,*,*,10,703,144
4338,A,A,*,*,10,703,145
4339,A,A,*,*,10,703,146
4340,T,T,*,*,10,703,147
4341,A,G,*,*,10,703,148
4342,A,A,*,*,10,704,149
4343,A,A,*,*,10,704,150
4344,A,A,*,*,10,704,151
4345,A,A,*,*,10,704,152
4346,A,A,*,*,10,704,153
4347,A,A,*,*,10,704,154
4348,T,T,*,*,10,704,155
4349,T,T,*,*,10,704,156
4350,A,A,*,*,10,704,157
4351,G,G,*,*,10,704,158
4352,C,C,*,*,10,704,159
4353,C,C,*,*,10,704,160
4354,C,T,*,*,10,704,161
4355,G,G,*,*,10,704,162
4356,G,G,*,*,10,704,163
4357,C,A,*,*,10,704,164
4358,G,G,*,*,10,704,165
4359,T,T,*,*,10,704,166
4360,G,G,*,*,10,704,167
4361,G,G,*,*,10,704,168
4362,T,T,*,*,10,704,169
4363,G,G,*,*,10,704,170
4364,G,G,*,*,10,704,171
4365,T,C,*,*,10,704,172
4366,G,A,*,*,10,704,173
4367,G,G,*,*,10,704,174
4368,G,G,*,*,10,704,175
4369,C,C,*,*,10,704,176
4370,G,G,*,*,10,704,177
4371,C,C,*,*,10,704,178
4372,C,C,*,*,10,704,179
4373,T,T,*,*,10,704,180
4374,A,G,*,*,10,704,181
4375,T,T,*,*,10,704,182
4376,A,A,*,*,10,704,183
4377,G,G,*,*,10,704,184
4378,T,T,*,*,10,704,185
4379,C,C,*,*,10,704,186
4380,C,C,*,*,10,704,187
4381,C,C,*,*,10,704,188
4382,A,A,*,*,10,704,189
4383,G,G,*,*,10,704,190
4384,C,C,*,*,10,704,191
4385,T,T,*,*,10,704,192
4386,A,A,*,*,10,704,193
4387,C,C,*,*,10,704,194
4388,T,T,*,*,10,704,195
4389,C,C,*,*,10,704,196
4390,G,G,*,*,10,704,197
4391,T,G,*,*,10,704,198
4392,G,G,*,*,10,704,199
4393,A,A,*,*,10,704,200
4394,G,G,*,*,10,704,201
4395,G,G,*,*,10,704,202
4396,C,C,*,*,10,704,203
4397,T,T,*,*,10,704,204
4398,G,G,*,*,10,704,205
4399,A,A,*,*,10,704,206
4400,G,G,*,*,10,704,207
4401,G,G,*,*,10,704,208
4402,C,C,*,*,10,704,209
4403,A,A,*,*,10,704,210
4404,G,G,*,*,10,704,211
4405,G,G,*,*,10,704,212
4406,A,A,*,*,10,704,213
4407,G,G,*,*,10,704,214
4408,A,A,*,*,10,704,215
4409,A,A,*,*,10,704,216
4410,T,T,*,*,10,704,217
4411,G,G,*,*,10,704,218
4412,G,G,*,*,10,704,219
4413,C,C,*,*,10,704,220
4414,G,A,*,*,10,704,221
4415,T,T,*,*,10,704,222
4416,G,G,*,*,10,704,223
4417,A,A,*,*,10,704,224
4418,A,A,*,*,10,704,225
4419,C,C,*,*,10,704,226
4420,C,C,*,*,10,704,227
4421,C,C,*,*,10,704,228
4422,G,G,*,*,10,704,229
4423,G,G,*,*,10,704,230
4424,G,G,*,*,10,775,231
4425,A,A,*,*,10,775,232
4426,G,G,*,*,10,775,233
4427,G,G,*,*,10,775,234
4428,T,C,*,*,10,775,235
4429,G,G,*,*,10,775,236
4430,G,G,*,*,10,775,237
4431,A,A,*,*,10,775,238
4432,G,G,*,*,10,775,239
4433,G,C,*,*,10,775,240
4434,T,T,*,*,10,775,241
4435,G,T,*,*,10,775,242
4436,G,G,*,*,10,775,243
4437,C,C,*,*,10,775,244
4438,A,A,*,*,10,775,245
4439,G,G,*,*,10,775,246
4440,T,T,*,*,10,775,247
4441,G,G,*,*,10,775,248
4442,A,A,*,*,10,775,249
4443,G,G,*,*,10,775,250
4444,C,C,*,*,10,775,251
4445,C,C,*,*,10,775,252
4446,G,G,*,*,10,775,253
4447,A,A,*,*,10,775,254
4448,G,G,*,*,10,775,255
4449,A,A,*,*,10,775,256
4450,T,T,*,*,10,775,257
4451,A,A,*,*,10,775,258
4452,G,G,*,*,10,775,259
4453,C,T,*,*,10,775,260
4454,G,G,*,*,10,775,261
4455,C,C,*,*,10,775,262
4456,C,C,*,*,10,775,263
4457,A,A,*,*,10,775,264
4458,C,C,*,*,10,775,265
4459,T,T,*,*,10,775,266
4460,G,G,*,*,10,775,267
4461,C,C,*,*,10,775,268
4462,A,A,*,*,10,775,269
4463,C,C,*,*,10,775,270
4464,T,T,*,*,10,775,271
4465,C,C,*,*,10,775,272
4466,C,C,*,*,10,775,273
4467,A,A,*,*,10,775,274
4517,A,A,-,*,10,795,275
4518,A,A,*,*,10,795,276
4574,A,A,-,*,10,799,277
4843,A,A,*,*,10,809,278
4990,T,T,-,*,10,810,279
6540,G,G,A,A,11,1112,279
6749,A,A,G,G,12,1113,279
6803,A,A,G,G,13,1113,279
6844,C,C,T,T,14,1114,279
6845,A,A,G,G,15,1114,279
6883,A,A,G,G,16,1128,279
6908,A,A,-,-,16,1136,280
6909,A,A,-,-,16,1136,281
7031,-,-,A,A,16,1192,281
7159,C,C,G,G,17,1250,281
7236,T,T,C,C,18,1250,281
7254,C,C,T,A,19,1250,281
7263,C,C,T,T,20,1250,281
7285,T,T,G,G,21,1250,281
7301,G,G,A,A,22,1250,281
7357,A,A,G,G,23,1250,281
7367,A,A,G,G,24,1250,281
7396,G,G,A,T,25,1252,281
7403,C,C,A,G,26,1254,281
7546,A,A,-,-,26,1294,282
7553,G,G,A,A,27,1295,282
7578,A,A,C,C,28,1302,282
7580,G,G,A,A,29,1302,282
7630,C,C,G,G,30,1302,282
7647,C,C,T,T,31,1302,282
7648,A,A,G,G,32,1302,282
7674,T,T,C,G,33,1302,282
7732,G,G,A,A,34,1319,282
7733,T,T,A,A,35,1319,282
7903,T,T,C,C,36,1328,282
7940,G,G,T,A,37,1328,282
7951,G,G,T,T,38,1336,282
8028,G,G,C,A,39,1340,282
8044,T,T,C,C,40,1340,282
8265,C,C,T,T,41,1353,282
8293,C,C,T,T,42,1359,282
8517,T,T,G,G,43,1401,282
8518,T,T,C,C,44,1401,282
8757,G,G,C,C,45,1413,282
8813,T,T,A,A,46,1416,282
8838,A,A,G,G,47,1419,282
8902,A,A,G,G,48,1420,282
8908,G,G,C,C,49,1420,282
9596,-,-,G,G,49,1512,282
9710,T,T,C,A,50,1520,282
9809,G,G,A,C,51,1523,282
9839,C,C,T,T,52,1524,282
9983,T,T,C,C,53,1525,282
10134,T,T,C,C,54,1532,282
10249,G,G,A,A,55,1534,282
10377,T,T,C,C,56,1547,282
10474,G,G,A,A,57,1548,282
10550,C,C,T,G,58,1554,282
10837,C,C,T,T,59,1574,282
10842,A,A,T,T,60,1575,282
11318,C,C,A,A,61,1646,282
11320,G,G,A,T,62,1646,282
11534,T,T,A,A,63,1736,282
11686,C,C,T,G,64,1789,282
11907,A,A,-,-,64,1792,283
11923,T,T,G,G,65,1794,283
11935,A,A,G,G,66,1795,283
12139,T,T,G,G,67,1888,283
12477,A,A,T,C,68,1907,283
12574,G,G,T,T,69,1917,283
12578,G,G,T,T,70,1917,283
12747,T,T,C,C,71,1974,283
12930,C,C,T,T,72,1992,283
12939,A,A,G,G,73,1992,283
12941,C,C,G,G,74,1992,283
12981,T,T,-,*,74,2000,284
12982,T,T,-,*,74,2000,285
12983,T,T,-,*,74,2000,286
13021,T,T,-,*,74,2062,287
13107,T,T,-,*,74,2062,288
13391,G,A,-,-,74,2072,289
13392,G,G,-,-,74,2072,290
13393,A,A,-,-,74,2072,291
13632,T,T,C,C,75,2099,291
13706,G,G,A,A,76,2111,291
13734,G,G,A,A,77,2118,291
13874,T,T,C,C,78,2162,291
13932,T,T,C,C,79,2168,291
13976,A,A,G,G,80,2168,291
14246,G,G,A,A,81,2199,291
14412,-,-,G,A,81,2238,291
14629,G,G,C,T,82,2264,291
14795,T,T,C,C,83,2308,291
14796,G,G,A,A,84,2308,291
14858,C,C,G,T,85,2337,291
14863,T,T,C,C,86,2338,291
14926,G,G,A,T,87,2341,291
14932,A,A,G,G,88,2341,291
15037,A,A,G,G,89,2347,291
15402,C,C,-,*,89,2378,292
15403,T,T,-,*,89,2378,293
15404,G,G,-,*,89,2378,294
15405,A,A,-,*,89,2378,295
15406,C,C,-,*,89,2378,296
15407,C,C,-,*,89,2378,297
15408,T,T,-,*,89,2378,298
15409,C,C,-,*,89,2378,299
15596,G,G,T,A,90,2420,299
15610,T,T,C,C,91,2420,299
15679,G,G,A,T,92,2457,299
15723,T,T,G,G,93,2463,299
16012,G,G,-,*,93,2537,300
16013,G,G,-,*,93,2537,301
16014,C,C,-,*,93,2537,302
16015,T,T,-,*,93,2537,303
16129,G,G,A,T,94,2537,303
16212,C,C,A,T,95,2565,303
16246,G,G,T,A,96,2655,303
16313,T,T,C,G,97,2657,303
16328,G,G,A,A,98,2661,303
16576,C,C,T,T,99,2699,303
16577,T,T,C,C,100,2699,303
16579,C,C,T,T,101,2699,303
16579,-,-,A,A,101,2701,303
16579,-,-,A,A,101,2702,303
16579,-,-,C,C,101,2703,303
16579,-,-,C,C,101,2704,303
16837,A,A,C,C,102,2777,303
16900,C,C,T,A,103,2778,303
16987,C,C,A,T,104,2793,303
17032,C,C,T,T,105,2807,303
17162,A,A,G,G,106,2843,303
17179,T,T,G,A,107,2843,303
17287,G,G,A,A,108,2879,303
18074,A,A,G,G,109,2991,303
18138,T,T,G,G,110,3015,303
18211,C,C,T,T,111,3016,303
18633,A,A,G,G,112,3081,303
18684,T,T,C,C,113,3086,303
18768,G,G,C,C,114,3119,303
18778,G,G,C,C,115,3120,303
18927,A,A,C,C,116,3147,303
19080,A,A,G,G,117,3169,303
19114,C,C,A,A,118,3169,303
19141,-,-,T,C,118,3177,303
19201,C,C,T,T,119,3398,303
19234,A,A,G,G,120,3404,303
19339,C,C,T,T,121,3404,303
19545,G,G,A,A,122,3411,303
19554,-,-,G,G,122,3412,303
19554,-,-,C,C,122,3413,303
19554,-,-,T,T,122,3414,303
19554,-,-,A,A,122,3416,303
19554,-,-,C,C,122,3417,303
19554,-,-,G,A,122,3418,303
19554,-,-,C,C,122,3419,303
19554,-,-,C,C,122,3420,303
19625,T,T,C,C,123,3435,303
19718,C,C,T,T,124,3435,303
19743,T,T,C,C,125,3435,303
19774,A,A,G,G,126,3440,303
19782,C,C,G,G,127,3440,303
19790,A,A,T,T,128,3442,303
19803,T,T,A,G,129,3442,303
19876,T,T,C,C,130,3450,303
20301,A,A,G,G,131,3554,303
20348,T,T,-,-,131,3554,304
20503,G,G,A,A,132,3557,304
20814,A,A,G,C,133,3565,304
21034,C,C,T,T,134,3613,304
21262,G,G,T,A,135,3636,304
21337,G,G,A,A,136,3636,304
21340,T,T,C,C,137,3636,304
21347,G,G,A,A,138,3636,304
21381,T,T,C,C,139,3638,304
21553,G,G,A,A,140,3727,304
21813,A,A,G,G,141,3778,304
21925,A,A,G,T,142,3785,304
22056,-,-,A,A,142,3816,304
22071,T,T,C,C,143,3816,304
22202,G,G,A,A,144,3889,304
22203,C,C,T,G,145,3889,304
22205,T,T,C,C,146,3889,304
22273,A,A,G,G,147,3902,304
22577,T,T,-,*,147,3917,305
22578,T,T,-,*,147,3917,306
22579,T,T,-,*,147,3917,307
22580,C,C,-,*,147,3917,308
22581,C,C,*,*,147,3917,309
22583,T,T,*,*,147,3918,310
22584,T,T,*,*,147,3918,311
22585,T,T,*,*,147,3918,312
22586,T,T,*,*,147,3918,313
22587,T,T,*,*,147,3918,314
22588,T,T,*,*,147,3918,315
22589,T,T,*,*,147,3918,316
22590,C,C,*,*,147,3918,317
22591,T,T,*,*,147,3918,318
22592,T,T,*,*,147,3918,319
22593,T,T,*,*,147,3918,320
22594,T,T,*,*,147,3918,321
22595,T,T,-,*,147,3918,322
22596,C,C,-,*,147,3918,323
22597,T,T,-,*,147,3918,324
22598,T,T,-,*,147,3918,325
23067,T,T,*,*,147,3936,326
23068,C,C,*,*,147,3936,327
23069,C,C,*,*,147,3936,328
23070,G,G,*,*,147,3936,329
23071,G,G,*,*,147,3936,330
23072,A,A,*,*,147,3936,331
23073,G,A,*,*,147,3936,332
23074,T,T,*,*,147,3936,333
23075,A,A,*,*,147,3936,334
23076,G,G,*,*,147,3936,335
23077,C,C,*,*,147,3936,336
23078,T,T,*,*,147,3936,337
23079,G,G,*,*,147,3936,338
23080,G,G,*,*,147,3936,339
23081,G,G,*,*,147,3936,340
23082,A,A,*,*,147,3936,341
23083,C,C,*,*,147,3936,342
23084,T,T,*,*,147,3936,343
23085,A,A,*,*,147,3936,344
23086,C,T,*,*,147,3936,345
23087,A,A,*,*,147,3936,346
23088,G,G,*,*,147,3936,347
23089,G,G,*,*,147,3936,348
23090,C,C,*,*,147,3936,349
23091,A,G,*,*,147,3936,350
23092,C,C,*,*,147,3936,351
23093,C,C,*,*,147,3936,352
23094,C,C,*,*,147,3936,353
23095,G,G,*,*,147,3936,354
23096,C,C,*,*,147,3936,355
23097,C,C,*,*,147,3936,356
23098,A,A,*,*,147,3936,357
23099,C,C,*,*,147,3936,358
23100,C,C,*,*,147,3936,359
23101,A,A,*,*,147,3936,360
23102,C,C,*,*,147,3936,361
23103,G,C,*,*,147,3936,362
23104,C,C,*,*,147,3936,363
23105,C,C,*,*,147,3936,364
23106,T,C,*,*,147,3936,365
23107,G,G,*,*,147,3936,366
23108,G,G,*,*,147,3936,367
23109,C,C,*,*,147,3936,368
23110,T,T,*,*,147,3936,369
23111,A,A,*,*,147,3936,370
23112,A,A,*,*,147,3936,371
23113,T,T,*,*,147,3936,372
23114,T,T,*,*,147,3936,373
23115,T,T,*,*,147,3936,374
23116,T,T,*,*,147,3936,375
23117,T,T,*,*,147,3936,376
23118,T,T,*,*,147,3936,377
23119,G,G,*,*,147,3936,378
23120,T,T,*,*,147,3936,379
23121,A,A,*,*,147,3936,380
23122,T,T,*,*,147,3936,381
23123,T,T,*,*,147,3936,382
23124,T,T,*,*,147,3936,383
23125,T,T,*,*,147,3936,384
23126,T,T,*,*,147,3936,385
23127,A,A,*,*,147,3936,386
23128,G,G,*,*,147,3936,387
23129,T,T,*,*,147,3936,388
23130,A,A,*,*,147,3936,389
23131,G,T,*,*,147,3936,390
23132,A,A,*,*,147,3936,391
23133,G,G,*,*,147,3936,392
23134,A,A,*,*,147,3936,393
23135,C,C,*,*,147,3936,394
23136,G,G,*,*,147,3936,395
23137,G,G,*,*,147,3936,396
23138,G,G,*,*,147,3936,397
23139,G,G,*,*,147,3936,398
23140,T,T,*,*,147,3936,399
23141,T,T,*,*,147,3936,400
23142,T,T,*,*,147,3936,401
23143,C,C,*,*,147,3936,402
23144,A,A,*,*,147,3936,403
23145,C,C,*,*,147,3936,404
23146,C,C,*,*,147,3936,405
23147,G,G,*,*,147,3936,406
23148,T,T,*,*,147,3936,407
23149,G,G,*,*,147,3936,408
23150,T,T,*,*,147,3936,409
23151,T,T,*,*,147,3936,410
23152,A,A,*,*,147,3936,411
23153,G,G,*,*,147,3936,412
23154,C,C,*,*,147,3936,413
23155,C,C,*,*,147,3936,414
23156,A,A,*,*,147,3936,415
23157,G,G,*,*,147,3936,416
23158,G,G,*,*,147,3936,417
23181,G,G,*,*,147,3936,418
23182,T,T,*,*,147,3936,419
23183,G,G,*,*,147,3936,420
23184,A,A,*,*,147,3936,421
23185,T,T,*,*,147,3936,422
23186,C,C,*,*,147,3937,423
23187,C,C,*,*,147,3937,424
23188,C,C,*,*,147,3937,425
23189,C,C,*,*,147,3937,426
23190,T,C,*,*,147,3937,427
23191,G,G,*,*,147,3937,428
23192,C,C,*,*,147,3937,429
23193,C,C,*,*,147,3937,430
23194,T,T,*,*,147,3937,431
23195,T,T,*,*,147,3937,432
23196,T,G,*,*,147,3937,433
23197,G,G,*,*,147,3937,434
23198,C,C,*,*,147,3937,435
23199,C,C,*,*,147,3937,436
23200,T,T,*,*,147,3937,437
23201,C,C,*,*,147,3937,438
23202,C,C,*,*,147,3937,439
23203,C,C,*,*,147,3937,440
23204,A,A,*,*,147,3937,441
23205,A,A,*,*,147,3937,442
23206,A,A,*,*,147,3937,443
23207,G,G,*,*,147,3937,444
23208,T,T,*,*,147,3937,445
23209,G,G,*,*,147,3937,446
23210,C,C,*,*,147,3937,447
23211,T,T,*,*,147,3937,448
23212,G,G,*,*,147,3937,449
23213,G,G,*,*,147,3937,450
23214,G,G,*,*,147,3937,451
23215,A,A,*,*,147,3937,452
23216,T,T,*,*,147,3937,453
23217,T,T,*,*,147,3937,454
23218,A,A,*,*,147,3937,455
23219,C,C,*,*,147,3937,456
23220,A,A,*,*,147,3937,457
23221,G,G,*,*,147,3937,458
23222,G,G,*,*,147,3937,459
23223,C,C,*,*,147,3937,460
23224,G,A,*,*,147,3937,461
23225,T,T,*,*,147,3937,462
23226,G,G,*,*,147,3937,463
23227,A,A,*,*,147,3937,464
23228,G,G,*,*,147,3937,465
23229,G,G,*,*,147,3937,466
23230,C,C,*,*,147,3937,467
23231,A,A,*,*,147,3937,468
23232,G,C,*,*,147,3937,469
23233,C,C,*,*,147,3937,470
23234,G,G,*,*,147,3937,471
23235,C,T,*,*,147,3937,472
23236,A,G,*,*,147,3937,473
23237,C,C,*,*,147,3937,474
23238,C,C,*,*,147,3937,475
23239,C,C,*,*,147,3937,476
23240,G,G,*,*,147,3937,477
23241,G,G,*,*,147,3937,478
23242,C,C,*,*,147,3937,479
23243,C,C,*,*,147,3937,480
23288,T,T,-,*,147,3939,481
23391,A,A,G,G,148,3939,481
23475,T,T,-,*,148,3942,482
23476,A,A,-,*,148,3942,483
23477,G,G,-,*,148,3942,484
23478,A,A,-,*,148,3942,485
23479,G,G,-,*,148,3942,486
24074,G,G,A,A,149,4054,486
24114,C,C,T,T,150,4059,486
24115,A,A,G,G,151,4059,486
24178,A,A,G,T,152,4059,486
24184,T,T,G,C,153,4059,486
24194,A,A,G,G,154,4059,486
24255,C,C,T,T,155,4094,486
24268,A,A,-,-,155,4101,487
24324,-,-,T,T,155,4108,487
24438,A,A,G,G,156,4189,487
24599,A,A,G,G,157,4207,487
24602,A,A,G,G,158,4207,487
24705,A,A,G,G,159,4237,487
24759,A,A,G,G,160,4272,487
24801,C,C,T,T,161,4274,487
24841,C,C,G,G,162,4285,487
24917,-,-,C,G,162,4293,487
24965,A,A,G,G,163,4307,487
25057,G,G,T,C,164,4347,487
25162,T,T,C,C,165,4387,487
25311,G,G,-,-,165,4422,488
25362,G,G,A,A,166,4437,488
25759,T,T,G,G,167,4461,488
25900,-,-,T,T,167,4481,488
25900,-,-,A,A,167,4482,488
25900,-,-,T,T,167,4483,488
25900,-,-,C,C,167,4484,488
25905,T,T,G,G,168,4484,488
26081,-,-,T,T,168,4531,488
26081,-,-,T,T,168,4532,488
26081,-,-,T,T,168,4533,488
26081,-,-,T,T,168,4534,488
26081,-,-,T,T,168,4535,488
26205,-,-,C,C,168,4564,488
26351,-,-,C,T,168,4591,488
26450,-,-,A,A,168,4597,488
26671,T,T,C,C,169,4614,488
26748,A,A,G,G,170,4620,488
26843,T,T,C,C,171,4688,488
26857,T,T,C,C,172,4688,488
26909,A,A,T,T,173,4846,488
26945,G,G,C,A,174,4846,488
26968,-,-,T,T,174,4853,488
26968,-,-,C,C,174,4854,488
26984,T,T,G,G,175,4854,488
27232,-,-,C,C,175,4902,488
27232,-,-,T,T,175,4903,488
27234,A,A,T,T,176,4903,488
27597,A,A,T,T,177,4990,488
27723,C,C,-,*,177,5002,489
27724,T,T,-,*,177,5002,490
27725,T,T,-,*,177,5002,491
27726,T,C,-,*,177,5002,492
27727,C,T,-,*,177,5002,493
27831,C,C,-,*,177,5008,494
27832,T,T,-,*,177,5008,495
27833,C,C,-,*,177,5008,496
28104,C,C,T,G,178,5012,496
28110,A,A,G,G,179,5012,496
28132,A,A,G,G,180,5012,496
28233,T,T,C,C,181,5017,496
28239,T,T,C,C,182,5017,496
28280,C,C,T,T,183,5017,496
28307,C,C,T,T,184,5017,496
28343,G,G,A,A,185,5018,496
28361,C,C,A,A,186,5042,496
28366,C,C,A,A,187,5042,496
28372,C,C,*,-,187,5055,497
28373,A,A,*,*,187,5055,498
28413,A,A,-,-,187,5055,499
28414,A,A,-,-,187,5055,500
28415,T,T,-,-,187,5055,501
28416,T,T,-,-,187,5055,502
28417,T,T,-,-,187,5055,503
28418,C,C,-,-,187,5055,504
28648,G,G,A,A,188,5087,504
28694,T,T,C,C,189,5091,504
28940,G,G,C,C,190,5124,504
28991,G,G,C,C,191,5164,504
29371,A,A,T,G,192,5185,504
29473,A,A,-,-,192,5268,505
29536,T,T,C,C,193,5284,505
29766,C,C,T,T,194,5339,505
29805,C,C,T,G,195,5344,505
29984,C,C,G,G,196,5372,505
30164,T,T,-,*,196,5374,506
30165,T,T,-,*,196,5374,507
30462,-,-,A,A,196,5391,507
30462,-,-,C,C,196,5392,507
30479,A,A,G,G,197,5395,507
30512,A,A,G,G,198,5428,507
30520,A,A,G,G,199,5429,507
30892,T,T,C,C,200,5434,507
31097,C,C,T,T,201,5441,507
31158,A,A,C,C,202,5460,507
31259,A,A,C,C,203,5566,507
31333,C,C,G,G,204,5588,507
31392,C,C,T,T,205,5650,507
31407,T,T,C,C,206,5663,507
31437,T,T,C,A,207,5688,507
31454,A,A,G,G,208,5688,507
31737,A,A,G,G,209,5716,507
31839,G,G,T,T,210,5723,507
31992,T,T,C,C,211,5784,507
32044,A,A,G,T,212,5784,507
32103,A,A,G,G,213,5792,507
32293,G,G,T,T,214,5798,507
32397,C,C,G,G,215,5816,507
32490,A,A,T,T,216,5843,507
32504,T,T,G,G,217,5843,507
32667,C,C,A,A,218,5864,507
32677,-,-,C,C,218,5866,507
32815,C,C,*,-,218,5866,508
32816,G,A,*,-,218,5866,509
32817,G,G,*,-,218,5866,510
32818,G,G,*,-,218,5866,511
32820,C,C,*,-,218,5866,512
32821,T,T,*,-,218,5866,513
32822,G,G,*,-,218,5866,514
32823,T,T,*,-,218,5866,515
32824,C,C,*,-,218,5866,516
32825,T,T,*,-,218,5866,517
32826,C,C,*,-,218,5866,518
32831,A,A,*,-,218,5873,519
32832,A,A,*,-,218,5873,520
32833,A,A,*,-,218,5873,521
32834,A,A,*,-,218,5873,522
32835,G,G,*,-,218,5873,523
32837,G,G,*,-,218,5882,524
32838,T,T,*,-,218,5882,525
32839,T,T,*,-,218,5882,526
32840,C,C,*,-,218,5882,527
32841,A,A,*,-,218,5882,528
32842,G,G,*,-,218,5882,529
32843,A,A,*,-,218,5882,530
32844,A,A,*,-,218,5882,531
32873,A,A,*,-,218,5887,532
32874,A,A,*,-,218,5887,533
32875,A,A,*,-,218,5887,534
32942,G,G,*,-,218,5890,535
32943,G,G,*,-,218,5890,536
33682,A,A,*,-,218,5925,537
33683,G,G,*,-,218,5925,538
33684,G,G,*,-,218,5925,539
33685,C,C,*,-,218,5925,540
33686,T,T,*,-,218,5925,541
33687,G,G,*,-,218,5925,542
33688,T,T,*,-,218,5925,543
33689,A,A,*,-,218,5925,544
33690,T,T,*,-,218,5925,545
33691,G,G,*,-,218,5925,546
33692,T,T,*,-,218,5925,547
33693,G,G,*,-,218,5927,548
33694,A,A,*,-,218,5927,549
33695,G,G,*,-,218,5927,550
33696,A,A,*,-,218,5927,551
33697,C,C,*,-,218,5927,552
33698,A,A,*,-,218,5927,553
33699,G,G,*,-,218,5927,554
33700,A,A,*,-,218,5927,555
33701,A,A,*,-,218,5927,556
33702,G,G,*,-,218,5927,557
33703,T,T,*,-,218,5927,558
33704,A,A,*,-,218,5927,559
33705,G,G,*,-,218,5927,560
33706,A,A,*,-,218,5927,561
33707,A,A,*,-,218,5927,562
33708,A,A,*,-,218,5927,563
33709,A,A,*,-,218,5927,564
33713,A,A,*,-,218,5944,565
33714,G,G,*,-,218,5944,566
33715,A,A,*,-,218,5944,567
33716,A,A,*,-,218,5944,568
33717,G,G,*,-,218,5944,569
33718,T,T,*,-,218,5944,570
33719,G,G,*,-,218,5944,571
33720,T,T,*,-,218,5944,572
33721,T,T,*,-,218,5944,573
33722,G,G,*,-,218,5944,574
33723,A,A,*,-,218,5944,575
33724,T,T,*,-,218,5944,576
33725,G,G,*,-,218,5944,577
33726,A,A,*,-,218,5944,578
33727,G,G,*,-,218,5945,579
33728,G,G,*,-,218,5945,580
33842,G,G,*,-,218,5972,581
33843,G,G,*,-,218,5972,582
33961,C,C,*,-,218,5974,583
34009,T,T,*,-,218,5974,584
34010,T,T,*,-,218,5974,585
34067,C,C,*,-,218,6003,586
34068,T,T,*,-,218,6003,587
34069,C,C,*,-,218,6003,588
34079,A,A,*,-,218,6003,589
34080,G,G,*,-,218,6003,590
34143,C,C,*,-,218,6022,591
34144,C,C,*,-,218,6022,592
34145,C,C,*,-,218,6022,593
34146,A,A,*,-,218,6022,594
34147,A,A,*,-,218,6022,595
34148,G,G,*,-,218,6022,596
34162,G,G,*,*,218,6022,597
34163,C,C,*,*,218,6022,598
34164,T,T,*,*,218,6022,599
34165,C,C,*,*,218,6022,600
34166,A,A,*,*,218,6022,601
34167,A,A,*,*,218,6022,602
34168,A,A,*,*,218,6022,603
34169,A,A,*,*,218,6022,604
34170,A,A,*,*,218,6022,605
34171,A,A,*,*,218,6022,606
34172,A,A,*,*,218,6022,607
34173,G,G,*,*,218,6022,608
34174,T,T,*,*,218,6022,609
34175,C,C,*,*,218,6022,610
34176,T,T,*,*,218,6022,611
34177,T,T,*,*,218,6022,612
34183,T,T,*,-,218,6022,613
34184,T,T,*,-,218,6022,614
34185,T,T,*,-,218,6022,615
34186,G,G,*,-,218,6022,616
34187,C,C,*,-,218,6022,617
34188,T,T,*,-,218,6022,618
34189,T,T,*,-,218,6022,619
34190,T,T,*,-,218,6022,620
34191,G,G,*,-,218,6022,621
34192,A,A,*,-,218,6022,622
34193,A,A,*,-,218,6022,623
34194,A,A,*,-,218,6022,624
34195,A,A,*,*,218,6022,625
34196,A,A,*,*,218,6022,626
34197,C,C,*,-,218,6022,627
34198,A,A,*,-,218,6022,628
34199,A,A,*,-,218,6022,629
34200,T,T,*,-,218,6029,630
34201,T,T,*,-,218,6029,631
34202,T,T,*,-,218,6029,632
35048,C,C,T,G,219,6232,632
35076,A,A,G,G,220,6232,632
35087,T,T,C,C,221,6232,632
35088,G,G,A,A,222,6232,632
35211,A,A,G,G,223,6232,632
35280,G,G,A,A,224,6233,632
35305,A,A,G,G,225,6233,632
36357,A,A,*,*,225,6255,633
36358,A,A,*,*,225,6255,634
36359,A,A,*,*,225,6255,635
36360,A,A,*,*,225,6255,636
36361,A,G,*,*,225,6255,637
36364,A,A,*,*,225,6255,638
36365,G,A,*,*,225,6256,639
36366,A,A,*,*,225,6256,640
36367,A,C,*,*,225,6256,641
36368,C,A,*,*,225,6256,642
36369,A,A,*,*,225,6258,643
36370,A,A,*,*,225,6258,644
36371,A,A,*,*,225,6312,645
36372,A,A,*,*,225,6312,646
36373,C,C,*,*,225,6312,647
36374,T,T,*,*,225,6312,648
36375,G,G,*,*,225,6312,649
36376,T,T,*,*,225,6312,650
36377,G,G,*,*,225,6312,651
36378,T,T,*,*,225,6312,652
36379,G,G,*,*,225,6312,653
36380,G,A,*,*,225,6312,654
36381,C,C,*,*,225,6312,655
36382,T,T,*,*,225,6312,656
36383,T,T,*,*,225,6312,657
36384,A,A,*,*,225,6312,658
36385,T,T,*,*,225,6312,659
36386,G,G,*,*,225,6312,660
36387,C,C,*,*,225,6312,661
36388,A,A,*,*,225,6312,662
36389,A,A,*,*,225,6312,663
36390,G,G,*,*,225,6312,664
36391,T,T,*,*,225,6312,665
36392,C,C,*,*,225,6312,666
36393,A,A,*,*,225,6312,667
36394,C,C,*,*,225,6312,668
36395,T,T,*,*,225,6312,669
36396,A,A,*,*,225,6312,670
36397,G,G,*,*,225,6312,671
36398,A,A,*,*,225,6312,672
36399,A,A,*,*,225,6312,673
36400,C,C,*,*,225,6312,674
36401,T,T,*,*,225,6312,675
36402,C,C,*,*,225,6312,676
36403,T,T,*,*,225,6312,677
36404,C,C,*,*,225,6312,678
36405,T,T,*,*,225,6312,679
36406,G,G,*,*,225,6312,680
36407,A,A,*,*,225,6312,681
36408,G,G,*,*,225,6312,682
36409,C,C,*,*,225,6312,683
36410,T,T,*,*,225,6312,684
36411,T,T,*,*,225,6312,685
36412,G,G,*,*,225,6312,686
36413,T,T,*,*,225,6312,687
36414,T,T,*,*,225,6312,688
36415,T,T,*,*,225,6312,689
36416,T,T,*,*,225,6312,690
36417,T,T,*,*,225,6312,691
36418,C,C,*,*,225,6312,692
36419,C,C,*,*,225,6312,693
36420,A,A,*,*,225,6312,694
36421,C,C,*,*,225,6312,695
36422,C,C,*,*,225,6312,696
36423,T,T,*,*,225,6312,697
36424,G,G,*,*,225,6312,698
36425,T,T,*,*,225,6312,699
36426,A,C,*,*,225,6312,700
36427,A,A,*,*,225,6312,701
36428,A,A,*,*,225,6312,702
36429,A,A,*,*,225,6312,703
36430,T,T,*,*,225,6312,704
36431,G,G,*,*,225,6312,705
36432,A,A,*,*,225,6312,706
36433,A,A,*,*,225,6312,707
36434,G,G,*,*,225,6312,708
36435,A,A,*,*,225,6312,709
36436,T,T,*,*,225,6312,710
36437,A,A,*,*,225,6312,711
36438,A,A,*,*,225,6312,712
36439,T,T,*,*,225,6312,713
36440,A,A,*,*,225,6312,714
36441,C,C,*,*,225,6312,715
36442,T,T,*,*,225,6312,716
36443,A,A,*,*,225,6312,717
36444,T,T,*,*,225,6312,718
36445,T,T,*,*,225,6312,719
36446,T,T,*,*,225,6312,720
36447,A,A,*,*,225,6312,721
36448,C,C,*,*,225,6312,722
36449,T,T,*,*,225,6312,723
36450,T,T,*,*,225,6312,724
36451,T,T,*,*,225,6312,725
36452,A,A,*,*,225,6312,726
36453,C,T,*,*,225,6312,727
36454,A,A,*,*,225,6312,728
36455,G,G,*,*,225,6312,729
36456,A,A,*,*,225,6312,730
36457,C,C,*,*,225,6312,731
36458,T,T,*,*,225,6312,732
36459,T,T,*,*,225,6312,733
36460,G,G,*,*,225,6312,734
36461,T,T,*,*,225,6312,735
36462,A,A,*,*,225,6312,736
36463,T,T,*,*,225,6312,737
36464,G,G,*,*,225,6312,738
36465,A,A,*,*,225,6312,739
36466,T,T,*,*,225,6312,740
36467,A,A,*,*,225,6312,741
36468,A,A,*,*,225,6312,742
36469,G,G,*,*,225,6312,743
36470,A,A,*,*,225,6312,744
36471,T,T,*,*,225,6312,745
36472,G,G,*,*,225,6312,746
36473,A,A,*,*,225,6312,747
36474,A,A,*,*,225,6312,748
36475,G,G,*,*,225,6312,749
36476,T,T,*,*,225,6312,750
36477,A,A,*,*,225,6312,751
36478,T,T,*,*,225,6312,752
36636,T,T,G,G,226,6312,752
36637,T,T,C,C,227,6312,752
36653,A,A,C,C,228,6312,752
36723,A,A,G,G,229,6349,752
36778,C,C,A,T,230,6350,752
36806,G,G,A,A,231,6350,752
36819,C,C,T,T,232,6350,752
36848,T,T,C,A,233,6370,752
36882,T,T,C,A,234,6370,752
36902,G,G,A,A,235,6370,752
36990,A,A,-,-,235,6399,753
36991,A,A,-,-,235,6399,754
36992,A,A,-,-,235,6401,755
36993,G,G,-,-,235,6401,756
36994,A,A,-,-,235,6401,757
36995,A,A,-,-,235,6401,758
36996,A,A,-,-,235,6401,759
37012,A,A,C,C,236,6407,759
37169,A,A,-,-,236,6480,760
37556,G,G,A,A,237,6499,760
37644,T,T,A,A,238,6500,760
37710,T,T,C,A,239,6501,760
37715,C,C,T,T,240,6501,760
37719,T,T,C,C,241,6501,760
38021,T,T,C,C,242,6523,760
38128,A,A,G,G,243,6578,760
38147,A,A,G,G,244,6605,760
38163,C,C,T,T,245,6613,760
38169,A,A,G,G,246,6613,760
38173,-,-,G,G,246,6628,760
38260,C,C,T,T,247,6634,760
38304,G,G,A,A,248,6637,760
38363,T,T,A,C,249,6671,760
38459,T,T,A,A,250,6671,760
38629,A,A,G,G,251,6689,760
38679,G,G,C,C,252,6689,760
38714,G,G,A,C,253,6689,760
38721,C,C,T,T,254,6689,760
38824,A,A,G,G,255,6707,760
38856,G,G,C,A,256,6708,760
38871,A,A,G,T,257,6708,760
