136,A,A,T,T,1,54,0
222,G,G,C,C,2,66,0
301,T,T,C,C,3,67,0
553,T,T,C,C,4,230,0
560,T,T,C,C,5,232,0
640,A,A,G,G,6,232,0
642,T,T,C,C,7,232,0
762,T,T,C,C,8,258,0
834,C,C,T,T,9,265,0
948,A,A,-,-,9,291,1
949,T,C,-,-,9,291,2
969,A,A,G,G,10,292,2
983,C,C,T,T,11,292,2
1579,C,C,T,T,12,439,2
1580,A,A,G,G,13,439,2
1594,G,G,A,A,14,440,2
1690,A,A,G,G,15,450,2
2086,C,C,T,G,16,567,2
2221,C,C,T,T,17,605,2
2320,A,A,C,C,18,613,2
2506,T,T,A,C,19,613,2
2507,-,-,C,C,19,614,2
2528,A,A,G,G,20,614,2
2566,G,G,A,A,21,614,2
2619,G,G,A,A,22,633,2
2654,-,-,A,A,22,662,2
2656,C,C,A,G,23,667,2
2694,T,T,C,C,24,667,2
2736,A,A,G,G,25,668,2
2955,T,T,G,C,26,691,2
3001,G,G,A,A,27,693,2
3075,A,A,G,G,28,693,2
3169,T,T,C,C,29,704,2
3175,C,C,A,A,30,704,2
3195,G,G,A,A,31,704,2
3344,C,C,A,T,32,715,2
3359,G,G,A,A,33,715,2
3435,A,A,G,G,34,717,2
3568,T,T,G,G,35,723,2
3643,C,C,T,T,36,748,2
3804,G,G,A,A,37,782,2
4061,C,C,T,A,38,807,2
4657,G,G,T,T,39,867,2
4705,T,T,C,C,40,871,2
4730,G,G,A,A,41,871,2
4735,A,A,G,G,42,871,2
4799,A,A,G,C,43,872,2
4880,C,C,T,G,44,873,2
4972,C,C,A,T,45,873,2
5375,T,T,G,G,46,909,2
5422,A,A,G,G,47,910,2
5445,C,C,T,T,48,910,2
5502,C,C,G,A,49,914,2
5743,T,T,C,C,50,959,2
5902,A,A,G,G,51,962,2
5982,G,G,A,A,52,975,2
6042,G,G,T,T,53,978,2
6111,C,C,G,G,54,978,2
6189,C,C,T,T,55,982,2
6422,T,T,C,C,56,987,2
6446,T,T,C,G,57,987,2
6508,C,C,T,T,58,991,2
6517,T,T,C,C,59,991,2
6634,C,C,T,T,60,1034,2
6664,G,G,A,C,61,1034,2
6711,C,C,T,T,62,1035,2
6756,T,T,A,C,63,1035,2
6763,T,T,C,C,64,1035,2
6993,A,A,G,G,65,1090,2
7038,G,G,C,T,66,1097,2
7094,G,G,C,A,67,1103,2
7339,C,C,T,T,68,1135,2
7345,T,T,C,C,69,1135,2
7359,G,G,A,A,70,1135,2
8164,A,A,G,G,71,1192,2
8382,G,G,C,A,72,1214,2
8448,T,T,G,G,73,1218,2
8503,A,A,C,C,74,1222,2
8695,G,G,A,C,75,1311,2
8883,C,C,A,A,76,1321,2
9176,T,T,A,A,77,1344,2
9191,T,T,C,C,78,1345,2
9264,G,G,A,A,79,1358,2
9307,C,C,T,T,80,1359,2
9365,T,T,C,C,81,1367,2
9369,G,G,A,A,82,1367,2
9489,G,G,A,A,83,1413,2
9565,T,T,G,C,84,1424,2
9663,C,C,T,G,85,1448,2
9668,G,G,A,A,86,1448,2
10088,C,C,T,T,87,1461,2
10124,C,C,T,G,88,1461,2
10187,C,C,A,T,89,1461,2
10365,A,A,G,G,90,1461,2
10541,T,T,G,G,91,1471,2
10728,C,C,T,T,92,1482,2
10970,T,T,C,C,93,1510,2
11176,G,G,C,C,94,1589,2
11271,T,T,C,C,95,1605,2
11277,A,A,G,G,96,1605,2
11367,A,A,G,G,97,1697,2
11410,T,T,C,C,98,1699,2
11456,C,C,T,T,99,1704,2
11475,C,C,T,T,100,1704,2
11476,A,A,G,G,101,1704,2
11483,-,-,A,A,101,1711,2
11527,C,C,G,G,102,1730,2
11598,C,C,G,T,103,1758,2
12181,C,C,A,A,104,1890,2
12182,A,A,G,G,105,1890,2
12287,G,G,T,T,106,1891,2
12293,-,-,T,T,106,1893,2
12293,-,-,A,T,106,1894,2
12563,A,A,G,G,107,1918,2
12680,C,C,T,G,108,1935,2
12803,T,T,C,C,109,1958,2
13534,T,T,C,C,110,2047,2
13607,A,A,G,G,111,2047,2
13632,A,A,G,G,112,2050,2
13663,C,C,G,A,113,2050,2
13689,C,C,A,T,114,2050,2
14175,G,G,A,A,115,2294,2
14575,G,G,A,A,116,2422,2
14634,C,C,T,T,117,2432,2
14949,A,A,G,G,118,2468,2
15040,C,C,A,A,119,2487,2
15141,T,T,C,C,120,2489,2
15163,T,T,C,C,121,2491,2
15205,A,A,C,C,122,2491,2
15404,C,C,T,T,123,2574,2
15474,G,G,A,A,124,2574,2
15578,A,A,-,-,124,2595,3
15636,C,C,T,T,125,2628,3
15672,G,G,A,A,126,2673,3
15815,C,C,T,G,127,2701,3
15822,C,C,T,T,128,2701,3
15823,A,A,C,G,129,2701,3
15903,G,G,T,T,130,2720,3
16114,C,C,T,T,131,2863,3
16366,A,A,-,-,131,2909,4
16367,A,A,-,-,131,2909,5
16368,A,A,-,-,131,2909,6
16369,A,A,-,-,131,2909,7
16370,A,A,-,-,131,2909,8
16371,A,A,-,-,131,2909,9
16372,A,A,-,-,131,2909,10
16377,T,T,C,C,132,2909,10
16378,T,T,-,-,132,2909,11
16379,A,A,-,-,132,2909,12
16380,T,T,C,G,133,2915,12
16381,G,G,T,T,134,2915,12
16451,-,-,T,T,134,2943,12
16451,-,-,T,T,134,2944,12
16451,-,-,T,T,134,2945,12
16451,-,-,T,T,134,2946,12
16451,-,-,T,T,134,2947,12
16451,-,-,T,T,134,2948,12
16451,-,-,G,T,134,2949,12
16643,C,C,T,A,135,2965,12
16672,-,-,A,A,135,2966,12
16672,-,-,A,A,135,2967,12
16672,-,-,C,C,135,2968,12
16672,-,-,A,A,135,2969,12
16672,-,-,A,A,135,2970,12
16793,C,C,A,A,136,2992,12
16874,G,G,A,A,137,2998,12
16876,G,G,A,A,138,2998,12
17074,A,A,T,T,139,3013,12
17101,G,G,A,C,140,3013,12
17194,C,C,T,T,141,3013,12
17314,C,C,T,T,142,3013,12
17360,A,A,G,G,143,3027,12
17377,T,T,C,C,144,3027,12
17428,C,C,T,T,145,3028,12
17492,T,T,C,C,146,3028,12
17510,C,C,*,*,146,3028,13
17511,T,T,*,*,146,3028,14
17512,C,T,*,*,146,3028,15
17513,C,G,*,*,146,3028,16
17514,A,A,*,*,146,3028,17
17515,G,G,*,*,146,3028,18
17516,T,T,*,*,146,3028,19
17517,G,G,*,*,146,3028,20
17518,T,T,*,*,146,3028,21
17519,T,T,*,*,146,3028,22
17520,T,T,*,*,146,3028,23
17521,T,T,*,*,146,3028,24
17522,T,T,*,*,146,3028,25
17523,T,T,*,*,146,3028,26
17524,T,T,*,*,146,3043,27
17525,T,T,*,*,146,3043,28
17526,T,T,*,*,146,3043,29
17527,T,T,*,*,146,3043,30
17528,T,T,*,*,146,3043,31
17529,T,T,*,*,146,3043,32
17530,T,T,*,*,146,3043,33
17531,T,T,*,*,146,3043,34
17532,T,T,*,*,146,3043,35
17533,T,T,*,*,146,3043,36
17534,T,T,*,*,146,3043,37
17535,C,C,*,*,146,3043,38
17536,T,T,*,*,146,3043,39
17537,G,G,*,*,146,3043,40
17538,A,A,*,*,146,3043,41
17539,G,G,*,*,146,3043,42
17540,A,A,*,*,146,3056,43
17541,C,C,*,*,146,3056,44
17542,A,A,*,*,146,3056,45
17543,G,G,*,*,146,3056,46
17544,A,A,*,*,146,3056,47
17545,G,G,*,*,146,3056,48
17546,G,T,*,*,146,3056,49
17547,C,C,*,*,146,3056,50
17548,T,T,*,*,146,3056,51
17549,T,T,*,*,146,3056,52
17550,G,G,*,*,146,3056,53
17551,C,C,*,*,146,3056,54
17552,T,T,*,*,146,3056,55
17553,C,C,*,*,146,3056,56
17554,T,T,*,*,146,3056,57
17555,G,G,*,*,146,3056,58
17556,T,T,*,*,146,3056,59
17557,C,T,*,*,146,3056,60
17558,A,A,*,*,146,3056,61
17559,C,C,*,*,146,3056,62
17560,C,C,*,*,146,3056,63
17561,C,T,*,*,146,3056,64
17562,A,A,*,*,146,3056,65
17563,G,G,*,*,146,3056,66
17564,G,G,*,*,146,3056,67
17565,C,G,*,*,146,3056,68
17566,T,T,*,*,146,3056,69
17567,G,G,*,*,146,3056,70
17568,G,G,*,*,146,3056,71
17569,A,A,*,*,146,3056,72
17570,G,G,*,*,146,3056,73
17571,T,T,*,*,146,3056,74
17572,T,G,*,*,146,3056,75
17573,C,C,*,*,146,3056,76
17574,A,A,*,*,146,3056,77
17575,G,G,*,*,146,3056,78
17576,T,T,*,*,146,3056,79
17577,G,G,*,*,146,3056,80
17578,G,G,*,*,146,3056,81
17579,C,T,*,*,146,3056,82
17580,G,G,*,*,146,3056,83
17581,C,C,*,*,146,3056,84
17582,G,G,*,*,146,3056,85
17583,A,A,*,*,146,3056,86
17584,T,T,*,*,146,3056,87
17585,C,C,*,*,146,3056,88
17586,T,T,*,*,146,3056,89
17587,C,C,*,*,146,3056,90
17588,A,G,*,*,146,3056,91
17589,G,G,*,*,146,3056,92
17590,C,C,*,*,146,3056,93
17591,T,T,*,*,146,3056,94
17592,C,C,*,*,146,3056,95
17593,A,A,*,*,146,3056,96
17594,C,C,*,*,146,3056,97
17595,T,T,*,*,146,3056,98
17596,G,T,*,*,146,3056,99
17597,C,C,*,*,146,3056,100
17598,A,A,*,*,146,3056,101
17599,A,A,*,*,146,3056,102
17600,G,G,*,*,146,3056,103
17601,C,C,*,*,146,3056,104
17602,T,T,*,*,146,3056,105
17603,C,C,*,*,146,3056,106
17604,T,C,*,*,146,3056,107
17605,G,G,*,*,146,3056,108
17606,C,C,*,*,146,3056,109
17607,C,C,*,*,146,3056,110
17608,T,T,*,*,146,3056,111
17609,C,C,*,*,146,3056,112
17610,C,C,*,*,146,3056,113
17611,T,C,*,*,146,3056,114
17612,G,G,*,*,146,3056,115
17613,G,G,*,*,146,3056,116
17614,G,G,*,*,146,3056,117
17615,T,T,*,*,146,3056,118
17616,T,T,*,*,146,3056,119
17617,C,C,*,*,146,3056,120
17618,A,A,*,*,146,3056,121
17619,C,C,*,*,146,3056,122
17620,G,G,*,*,146,3056,123
17621,C,C,*,*,146,3056,124
17622,C,C,*,*,146,3056,125
17623,A,A,*,*,146,3056,126
17624,T,T,*,*,146,3056,127
17625,T,T,*,*,146,3056,128
17626,C,C,*,*,146,3056,129
17627,T,T,*,*,146,3056,130
17628,C,C,*,*,146,3056,131
17629,C,C,*,*,146,3056,132
17630,T,T,*,*,146,3056,133
17631,G,G,*,*,146,3056,134
17632,C,C,*,*,146,3056,135
17633,C,C,*,*,146,3056,136
17634,T,T,*,*,146,3056,137
17635,C,C,*,*,146,3056,138
17636,A,A,*,*,146,3056,139
17637,G,G,*,*,146,3056,140
17638,C,C,*,*,146,3056,141
17639,C,C,*,*,146,3056,142
17640,T,T,*,*,146,3056,143
17641,C,C,*,*,146,3056,144
17642,C,C,*,*,146,3056,145
17643,T,C,*,*,146,3056,146
17644,G,G,*,*,146,3056,147
17645,A,A,*,*,146,3056,148
17646,G,G,*,*,146,3056,149
17647,C,C,*,*,146,3056,150
17648,A,A,*,*,146,3056,151
17649,G,G,*,*,146,3056,152
17650,C,C,*,*,146,3056,153
17651,T,T,*,*,146,3056,154
17652,G,G,*,*,146,3056,155
17653,G,G,*,*,146,3056,156
17654,G,G,*,*,146,3056,157
17655,A,A,*,*,146,3056,158
17656,C,C,*,*,146,3056,159
17657,T,T,*,*,146,3056,160
17658,A,A,*,*,146,3056,161
17659,A,C,*,*,146,3056,162
17660,A,A,*,*,146,3056,163
17661,G,G,*,*,146,3056,164
17662,G,G,*,*,146,3056,165
17663,C,T,*,*,146,3056,166
17664,G,G,*,*,146,3056,167
17665,C,C,*,*,146,3056,168
17666,C,C,*,*,146,3056,169
17667,T,T,*,*,146,3056,170
17668,G,G,*,*,146,3056,171
17669,C,C,*,*,146,3056,172
17670,C,C,*,*,146,3056,173
17671,A,A,*,*,146,3056,174
17672,C,T,*,*,146,3056,175
17673,C,C,*,*,146,3056,176
17674,A,A,*,*,146,3056,177
17675,T,C,*,*,146,3056,178
17676,G,A,*,*,146,3056,179
17677,C,C,*,*,146,3056,180
17678,C,C,*,*,146,3056,181
17679,T,C,*,*,146,3056,182
17680,G,A,*,*,146,3056,183
17681,G,G,*,*,146,3056,184
17682,C,C,*,*,146,3056,185
17683,T,T,*,*,146,3056,186
17684,A,A,*,*,146,3056,187
17685,A,A,*,*,146,3056,188
17686,T,T,*,*,146,3056,189
17687,T,T,*,*,146,3056,190
17688,T,T,*,*,146,3056,191
17689,T,T,*,*,146,3056,192
17690,T,T,*,*,146,3056,193
17691,T,T,*,*,146,3056,194
17692,G,G,*,*,146,3056,195
17693,T,T,*,*,146,3056,196
17694,A,A,*,*,146,3056,197
17695,T,T,*,*,146,3056,198
17696,T,T,*,*,146,3056,199
17697,T,T,*,*,146,3056,200
17698,T,T,*,*,146,3056,201
17699,T,T,*,*,146,3056,202
17700,T,T,*,*,146,3056,203
17701,A,A,*,*,146,3056,204
17702,G,G,*,*,146,3056,205
17703,T,T,*,*,146,3056,206
17704,A,A,*,*,146,3056,207
17705,G,G,*,*,146,3056,208
17706,A,A,*,*,146,3056,209
17707,A,A,*,*,146,3056,210
17708,A,A,*,*,146,3056,211
17709,T,C,*,*,146,3056,212
17710,G,G,*,*,146,3056,213
17711,G,G,*,*,146,3056,214
17712,G,G,*,*,146,3056,215
17713,G,G,*,*,146,3056,216
17714,T,T,*,*,146,3056,217
17715,T,T,*,*,146,3056,218
17716,T,T,*,*,146,3056,219
17717,C,C,*,*,146,3056,220
17718,A,A,*,*,146,3056,221
17719,C,C,*,*,146,3056,222
17720,C,T,*,*,146,3056,223
17721,T,G,*,*,146,3056,224
17722,T,T,*,*,146,3056,225
17723,G,G,*,*,146,3056,226
17724,T,T,*,*,146,3056,227
17725,T,T,*,*,146,3056,228
17726,A,A,*,*,146,3056,229
17727,G,G,*,*,146,3056,230
17728,C,C,*,*,146,3056,231
17729,C,C,*,*,146,3056,232
17730,A,A,*,*,146,3056,233
17731,G,G,*,*,146,3056,234
17732,G,G,*,*,146,3056,235
17733,A,A,*,*,146,3056,236
17734,T,T,*,*,146,3056,237
17735,A,G,*,*,146,3056,238
17736,G,G,*,*,146,3056,239
17737,T,T,*,*,146,3056,240
17738,C,C,*,*,146,3056,241
17739,T,T,*,*,146,3056,242
17740,C,T,*,*,146,3056,243
17741,G,G,*,*,146,3056,244
17742,A,A,*,*,146,3056,245
17743,T,T,*,*,146,3056,246
17744,C,C,*,*,146,3056,247
17745,T,T,*,*,146,3056,248
17746,C,C,*,*,146,3056,249
17747,C,C,*,*,146,3056,250
17748,T,T,*,*,146,3056,251
17749,G,G,*,*,146,3056,252
17750,A,A,*,*,146,3056,253
17751,C,C,*,*,146,3056,254
17752,C,C,*,*,146,3056,255
17753,T,T,*,*,146,3056,256
17754,C,C,*,*,146,3056,257
17755,G,G,*,*,146,3056,258
17756,T,T,*,*,146,3056,259
17757,G,G,*,*,146,3056,260
17758,A,A,*,*,146,3056,261
17759,T,T,*,*,146,3056,262
17760,C,C,*,*,146,3056,263
17761,C,C,*,*,146,3056,264
17762,G,T,*,*,146,3056,265
17763,C,C,*,*,146,3056,266
17764,C,C,*,*,146,3056,267
17765,C,C,*,*,146,3056,268
17766,A,G,*,*,146,3056,269
17767,C,C,*,*,146,3056,270
17768,C,C,*,*,146,3056,271
17769,T,T,*,*,146,3056,272
17770,T,C,*,*,146,3056,273
17771,G,G,*,*,146,3056,274
17772,G,G,*,*,146,3056,275
17773,C,C,*,*,146,3056,276
17774,C,C,*,*,146,3056,277
17775,T,T,*,*,146,3056,278
17776,C,C,*,*,146,3056,279
17777,C,C,*,*,146,3056,280
17778,C,C,*,*,146,3056,281
17779,A,A,*,*,146,3056,282
17780,A,A,*,*,146,3056,283
17781,A,A,*,*,146,3056,284
17782,G,G,*,*,146,3056,285
17783,T,T,*,*,146,3056,286
17784,G,T,*,*,146,3056,287
17785,C,C,*,*,146,3056,288
17786,T,T,*,*,146,3056,289
17787,G,G,*,*,146,3056,290
17788,G,G,*,*,146,3056,291
17789,G,G,*,*,146,3056,292
17790,A,A,*,*,146,3056,293
17791,T,T,*,*,146,3056,294
17792,T,T,*,*,146,3056,295
17793,A,A,*,*,146,3056,296
17794,C,C,*,*,146,3056,297
17795,A,A,*,*,146,3056,298
17796,G,G,*,*,146,3056,299
17797,G,G,*,*,146,3056,300
17798,C,C,*,*,146,3056,301
17799,G,A,*,*,146,3056,302
17800,T,T,*,*,146,3056,303
17801,G,G,*,*,146,3056,304
17802,A,A,*,*,146,3056,305
17803,G,A,*,*,146,3056,306
17804,C,C,*,*,146,3056,307
17805,C,C,*,*,146,3056,308
17806,A,A,*,*,146,3056,309
17807,C,C,*,*,146,3056,310
17808,T,C,*,*,146,3056,311
17809,G,G,*,*,146,3056,312
17810,C,C,*,*,146,3056,313
17811,G,A,*,*,146,3056,314
17812,C,C,*,*,146,3056,315
17897,T,T,C,G,147,3058,315
17947,C,C,-,-,147,3058,316
17948,C,C,-,-,147,3058,317
17949,A,A,-,-,147,3058,318
17986,C,C,T,A,148,3058,318
18025,T,T,A,A,149,3059,318
18033,C,T,-,-,149,3059,319
18034,T,T,-,-,149,3059,320
18142,G,G,A,A,150,3060,320
18179,T,T,C,C,151,3061,320
18284,C,C,T,T,152,3067,320
18398,A,A,-,-,152,3068,321
18399,A,A,-,-,152,3068,322
18400,C,C,-,-,152,3068,323
18421,A,A,-,-,152,3068,324
18423,G,G,A,A,153,3068,324
18469,C,C,T,T,154,3068,324
18545,T,T,C,C,155,3074,324
18862,T,T,C,C,156,3084,324
18918,A,A,T,T,157,3084,324
18941,A,A,T,T,158,3084,324
19165,G,G,A,A,159,3111,324
19177,A,A,G,G,160,3131,324
19291,A,A,C,C,161,3132,324
19333,A,A,T,G,162,3137,324
19370,G,G,C,C,163,3137,324
19460,A,A,C,T,164,3138,324
19487,C,C,G,G,165,3140,324
19541,A,A,G,G,166,3140,324
19725,G,G,C,A,167,3149,324
19867,A,A,G,G,168,3157,324
19924,C,C,A,A,169,3161,324
19946,A,A,G,G,170,3161,324
19955,G,G,A,A,171,3161,324
19958,G,G,A,A,172,3161,324
20001,A,A,G,G,173,3164,324
20121,A,A,G,G,174,3175,324
20170,C,C,T,T,175,3175,324
20174,C,C,T,T,176,3175,324
20241,G,G,A,A,177,3182,324
20313,T,T,C,C,178,3186,324
20463,A,A,G,G,179,3191,324
20802,-,*,C,C,179,3200,324
20802,-,*,T,T,179,3201,324
20802,-,*,C,C,179,3202,324
20802,-,*,T,T,179,3203,324
20802,-,*,T,T,179,3204,324
20802,-,*,A,A,179,3205,324
20802,-,*,A,A,179,3206,324
20802,-,*,C,T,179,3207,324
20802,-,*,A,A,179,3208,324
