85,T,T,*,-,0,1,1
605,T,T,*,-,0,41,2
837,A,A,T,T,1,50,2
910,G,G,A,T,2,50,2
942,A,A,G,G,3,51,2
946,A,A,G,G,4,51,2
1279,A,A,C,T,5,100,2
1285,G,G,T,T,6,100,2
1850,T,T,A,A,7,355,2
1852,T,T,-,-,7,355,3
2062,T,T,C,C,8,357,3
2088,C,C,T,T,9,368,3
2100,G,G,A,A,10,368,3
2118,-,-,G,G,10,369,3
2118,-,-,A,A,10,370,3
2126,T,T,C,C,11,370,3
2142,-,-,A,A,11,371,3
2255,G,G,C,T,12,380,3
2601,T,T,A,A,13,417,3
2723,T,T,C,C,14,427,3
2751,C,C,A,A,15,427,3
2812,-,-,C,C,15,428,3
2812,-,-,T,T,15,429,3
2812,-,-,T,T,15,430,3
3061,G,G,A,A,16,507,3
3340,-,-,A,A,16,521,3
3466,A,A,G,T,17,531,3
3510,A,A,-,-,17,532,4
3537,A,A,G,G,18,533,4
3539,T,T,C,G,19,533,4
3577,C,C,T,T,20,547,4
3578,A,A,G,G,21,547,4
3820,G,G,A,A,22,584,4
3835,G,G,A,A,23,598,4
3839,C,C,T,T,24,598,4
3914,C,C,T,T,25,600,4
3966,A,A,G,G,26,606,4
3999,T,T,A,A,27,611,4
4164,T,T,C,C,28,718,4
4191,G,G,A,A,29,718,4
4231,C,C,T,T,30,720,4
4364,G,G,A,A,31,736,4
4441,G,G,A,A,32,749,4
4513,G,G,A,C,33,749,4
4538,-,-,G,G,33,750,4
4538,-,-,G,G,33,751,4
4538,-,-,T,T,33,752,4
4538,-,-,T,T,33,753,4
4538,-,-,T,T,33,754,4
4538,-,-,G,G,33,755,4
4538,-,-,G,G,33,756,4
4538,-,-,T,T,33,757,4
4538,-,-,C,C,33,758,4
4538,-,-,A,A,33,759,4
4616,C,C,T,T,34,764,4
4748,C,C,T,T,35,815,4
4763,G,G,A,A,36,815,4
4785,C,C,T,T,37,815,4
4891,T,T,C,C,38,816,4
5000,A,A,G,G,39,853,4
5001,A,A,T,T,40,853,4
5011,G,G,C,C,41,853,4
5028,T,T,C,C,42,853,4
5177,C,C,T,A,43,906,4
5258,T,T,A,A,44,912,4
5407,T,T,C,C,45,934,4
5560,T,T,C,A,46,963,4
5605,A,A,G,G,47,971,4
5747,-,-,C,C,47,989,4
5747,-,-,A,A,47,990,4
5747,-,-,A,A,47,991,4
5747,-,-,A,T,47,992,4
5747,-,-,C,C,47,993,4
5747,-,-,A,A,47,994,4
5747,-,-,T,T,47,995,4
5747,-,-,C,C,47,996,4
5747,-,-,T,T,47,997,4
5747,-,-,G,G,47,998,4
5747,-,-,T,T,47,999,4
5747,-,-,C,C,47,1000,4
5747,-,-,T,T,47,1001,4
5747,-,-,G,G,47,1003,4
5747,-,-,T,T,47,1004,4
6102,C,C,*,*,47,1015,5
6103,T,T,*,*,47,1015,6
6104,T,T,*,*,47,1015,7
6105,T,T,*,*,47,1015,8
6106,T,T,*,*,47,1015,9
6107,C,C,*,*,47,1015,10
6108,T,T,*,*,47,1015,11
6109,T,T,*,*,47,1015,12
6110,A,A,*,*,47,1015,13
6112,T,T,*,*,47,1015,14
6113,T,T,*,*,47,1018,15
6114,T,T,*,*,47,1018,16
6115,T,T,*,*,47,1018,17
6116,T,T,*,*,47,1018,18
6117,T,T,*,*,47,1018,19
6118,T,T,*,*,47,1018,20
6119,A,A,*,*,47,1018,21
6120,T,T,*,*,47,1018,22
6121,T,T,*,*,47,1018,23
6122,T,T,*,*,47,1018,24
6123,T,T,*,*,47,1018,25
6124,T,A,*,*,47,1018,26
6129,T,T,*,*,47,1028,27
6130,A,A,*,*,47,1028,28
6131,T,T,*,*,47,1028,29
6132,T,T,*,*,47,1028,30
6133,T,T,*,*,47,1029,31
6134,A,A,*,*,47,1029,32
6135,T,T,*,*,47,1029,33
6136,T,T,*,*,47,1029,34
6137,T,T,*,*,47,1029,35
6138,A,A,*,*,47,1029,36
6139,T,T,*,*,47,1031,37
6140,T,T,*,*,47,1031,38
6141,T,T,*,*,47,1031,39
6142,A,A,*,*,47,1031,40
6143,T,T,*,*,47,1031,41
6144,T,T,*,*,47,1031,42
6145,T,T,*,*,47,1031,43
6146,A,A,*,*,47,1031,44
6147,T,T,*,*,47,1035,45
6148,T,T,*,*,47,1035,46
6149,T,T,*,*,47,1035,47
6150,A,T,*,*,47,1035,48
6151,T,T,*,*,47,1035,49
6152,T,T,*,*,47,1035,50
6153,T,T,*,*,47,1035,51
6154,T,T,*,*,47,1035,52
6155,T,T,*,*,47,1035,53
6156,G,G,*,*,47,1035,54
6157,A,A,*,*,47,1035,55
6158,G,G,*,*,47,1035,56
6159,A,A,*,*,47,1035,57
6160,C,T,*,*,47,1035,58
6161,A,G,*,*,47,1035,59
6162,G,G,*,*,47,1035,60
6163,A,A,*,*,47,1035,61
6164,G,G,*,*,47,1035,62
6165,T,T,*,*,47,1035,63
6166,C,C,*,*,47,1035,64
6167,T,T,*,*,47,1035,65
6168,T,T,*,*,47,1035,66
6169,G,G,*,*,47,1035,67
6170,C,C,*,*,47,1035,68
6171,T,T,*,*,47,1035,69
6172,C,C,*,*,47,1035,70
6173,T,T,*,*,47,1035,71
6174,G,G,*,*,47,1035,72
6175,T,T,*,*,47,1035,73
6176,G,G,*,*,47,1035,74
6177,G,G,*,*,47,1035,75
6178,C,C,*,*,47,1035,76
6179,C,C,*,*,47,1035,77
6180,C,C,*,*,47,1035,78
6181,A,A,*,*,47,1035,79
6182,G,G,*,*,47,1035,80
6183,G,G,*,*,47,1035,81
6184,C,C,*,*,47,1035,82
6185,T,T,*,*,47,1035,83
6186,G,G,*,*,47,1035,84
6187,G,G,*,*,47,1035,85
6188,A,A,*,*,47,1035,86
6189,G,G,*,*,47,1035,87
6190,T,T,*,*,47,1035,88
6191,G,G,*,*,47,1035,89
6192,C,C,*,*,47,1035,90
6193,A,A,*,*,47,1035,91
6194,G,G,*,*,47,1035,92
6195,T,T,*,*,47,1035,93
6196,G,G,*,*,47,1035,94
6197,G,G,*,*,47,1035,95
6198,C,T,*,*,47,1035,96
6199,G,G,*,*,47,1035,97
6200,C,C,*,*,47,1035,98
6201,A,A,*,*,47,1035,99
6202,A,A,*,*,47,1035,100
6203,T,T,*,*,47,1035,101
6204,C,C,*,*,47,1035,102
6205,T,T,*,*,47,1035,103
6206,C,C,*,*,47,1035,104
6207,G,A,*,*,47,1035,105
6208,G,G,*,*,47,1035,106
6209,C,C,*,*,47,1035,107
6210,T,T,*,*,47,1035,108
6211,C,C,*,*,47,1035,109
6212,A,A,*,*,47,1035,110
6213,C,C,*,*,47,1035,111
6214,T,T,*,*,47,1035,112
6215,G,G,*,*,47,1035,113
6216,C,C,*,*,47,1035,114
6217,A,A,*,*,47,1035,115
6218,A,A,*,*,47,1035,116
6219,G,G,*,*,47,1035,117
6220,C,C,*,*,47,1035,118
6221,T,T,*,*,47,1035,119
6222,C,C,*,*,47,1035,120
6223,C,T,*,*,47,1035,121
6224,A,G,*,*,47,1035,122
6225,C,C,*,*,47,1035,123
6226,C,C,*,*,47,1035,124
6227,T,T,*,*,47,1035,125
6228,C,C,*,*,47,1035,126
6229,C,C,*,*,47,1035,127
6230,C,C,*,*,47,1035,128
6231,G,G,*,*,47,1035,129
6232,G,G,*,*,47,1035,130
6233,G,G,*,*,47,1035,131
6234,T,T,*,*,47,1035,132
6235,T,T,*,*,47,1035,133
6236,C,C,*,*,47,1035,134
6237,A,A,*,*,47,1035,135
6238,C,G,*,*,47,1035,136
6239,G,G,*,*,47,1035,137
6240,C,C,*,*,47,1035,138
6241,C,C,*,*,47,1035,139
6242,A,A,*,*,47,1035,140
6243,T,T,*,*,47,1035,141
6244,T,T,*,*,47,1035,142
6245,C,C,*,*,47,1035,143
6246,T,T,*,*,47,1035,144
6247,C,C,*,*,47,1035,145
6248,C,C,*,*,47,1035,146
6249,T,T,*,*,47,1035,147
6250,G,G,*,*,47,1035,148
6251,C,C,*,*,47,1035,149
6252,C,C,*,*,47,1035,150
6253,T,T,*,*,47,1035,151
6254,C,C,*,*,47,1035,152
6255,A,A,*,*,47,1035,153
6256,G,G,*,*,47,1035,154
6257,C,C,*,*,47,1035,155
6258,C,C,*,*,47,1035,156
6259,T,T,*,*,47,1035,157
6260,C,C,*,*,47,1035,158
6261,C,C,*,*,47,1035,159
6263,C,C,*,*,47,1035,160
6264,A,A,*,*,47,1035,161
6265,G,G,*,*,47,1035,162
6266,T,T,*,*,47,1035,163
6267,A,A,*,*,47,1035,164
6268,G,G,*,*,47,1035,165
6269,C,C,*,*,47,1035,166
6270,T,T,*,*,47,1035,167
6271,G,G,*,*,47,1035,168
6272,G,G,*,*,47,1035,169
6273,G,G,*,*,47,1035,170
6274,A,A,*,*,47,1035,171
6275,C,T,*,*,47,1035,172
6276,T,T,*,*,47,1035,173
6277,A,A,*,*,47,1035,174
6278,C,C,*,*,47,1035,175
6279,A,A,*,*,47,1035,176
6280,G,G,*,*,47,1035,177
6281,G,G,*,*,47,1035,178
6282,C,C,*,*,47,1035,179
6283,G,G,*,*,47,1035,180
6284,C,C,*,*,47,1035,181
6285,C,C,*,*,47,1035,182
6286,C,C,*,*,47,1035,183
6287,G,A,*,*,47,1035,184
6288,C,C,*,*,47,1035,185
6289,C,C,*,*,47,1035,186
6290,A,A,*,*,47,1035,187
6291,C,C,*,*,47,1035,188
6292,C,C,*,*,47,1035,189
6293,A,A,*,*,47,1035,190
6294,C,C,*,*,47,1035,191
6295,G,G,*,*,47,1035,192
6296,C,C,*,*,47,1035,193
6297,C,C,*,*,47,1035,194
6298,T,C,*,*,47,1035,195
6299,G,G,*,*,47,1035,196
6300,G,G,*,*,47,1035,197
6301,C,C,*,*,47,1035,198
6302,T,T,*,*,47,1035,199
6303,A,A,*,*,47,1035,200
6304,A,A,*,*,47,1035,201
6306,T,T,*,*,47,1035,202
6307,T,T,*,*,47,1035,203
6308,T,T,*,*,47,1035,204
6309,T,T,*,*,47,1035,205
6310,T,T,*,*,47,1035,206
6311,T,T,*,*,47,1035,207
6312,G,G,*,*,47,1035,208
6313,T,T,*,*,47,1035,209
6314,A,A,*,*,47,1035,210
6315,T,T,*,*,47,1035,211
6316,T,T,*,*,47,1035,212
6317,T,T,*,*,47,1035,213
6318,T,T,*,*,47,1035,214
6319,T,T,*,*,47,1035,215
6320,T,T,*,*,47,1035,216
6321,A,A,*,*,47,1035,217
6322,G,G,*,*,47,1035,218
6323,T,T,*,*,47,1035,219
6324,A,A,*,*,47,1035,220
6325,G,G,*,*,47,1035,221
6326,A,A,*,*,47,1035,222
6327,G,A,*,*,47,1035,223
6328,A,A,*,*,47,1035,224
6329,C,T,*,*,47,1035,225
6332,T,G,*,*,47,1035,226
6333,G,G,*,*,47,1035,227
6334,T,T,*,*,47,1035,228
6335,T,T,*,*,47,1035,229
6336,T,T,*,*,47,1035,230
6337,C,C,*,*,47,1035,231
6338,A,A,*,*,47,1035,232
6339,C,C,*,*,47,1035,233
6340,T,T,*,*,47,1035,234
6341,G,G,*,*,47,1035,235
6342,T,T,*,*,47,1035,236
6343,G,G,*,*,47,1035,237
6344,T,T,*,*,47,1035,238
6345,T,T,*,*,47,1035,239
6346,A,A,*,*,47,1035,240
6347,G,G,*,*,47,1035,241
6348,T,T,*,*,47,1035,242
6349,C,C,*,*,47,1035,243
6350,A,A,*,*,47,1035,244
6351,G,G,*,*,47,1035,245
6352,G,G,*,*,47,1035,246
6353,A,A,*,*,47,1035,247
6354,T,T,*,*,47,1035,248
6355,G,G,*,*,47,1035,249
6356,G,G,*,*,47,1035,250
6357,T,T,*,*,47,1035,251
6358,C,C,*,*,47,1035,252
6359,T,T,*,*,47,1035,253
6360,T,C,*,*,47,1035,254
6361,G,G,*,*,47,1035,255
6362,A,A,*,*,47,1035,256
6363,T,T,*,*,47,1035,257
6364,C,C,*,*,47,1035,258
6365,T,T,*,*,47,1035,259
6366,C,C,*,*,47,1035,260
6367,C,C,*,*,47,1035,261
6368,T,T,*,*,47,1035,262
6369,G,G,*,*,47,1035,263
6370,A,A,*,*,47,1035,264
6371,C,C,*,*,47,1035,265
6372,C,C,*,*,47,1035,266
6373,T,T,*,*,47,1035,267
6374,C,C,*,*,47,1035,268
6375,G,G,*,*,47,1035,269
6376,T,T,*,*,47,1035,270
6377,G,G,*,*,47,1035,271
6378,A,A,*,*,47,1035,272
6379,T,T,*,*,47,1035,273
6380,C,C,*,*,47,1035,274
6381,C,C,*,*,47,1035,275
6382,G,G,*,*,47,1035,276
6383,C,C,*,*,47,1035,277
6384,C,C,*,*,47,1035,278
6385,C,T,*,*,47,1035,279
6386,G,G,*,*,47,1035,280
6387,C,C,*,*,47,1035,281
6388,C,C,*,*,47,1035,282
6389,T,T,*,*,47,1035,283
6390,C,C,*,*,47,1035,284
6391,A,A,*,*,47,1035,285
6392,G,G,*,*,47,1035,286
6393,C,C,*,*,47,1035,287
6394,C,C,*,*,47,1035,288
6395,T,T,*,*,47,1035,289
6396,C,C,*,*,47,1035,290
6397,C,C,*,*,47,1035,291
6398,C,C,*,*,47,1035,292
6400,A,A,*,*,47,1035,293
6401,T,C,*,*,47,1035,294
6402,G,G,*,*,47,1035,295
6403,T,T,*,*,47,1035,296
6404,G,G,*,*,47,1035,297
6405,C,C,*,*,47,1035,298
6406,T,T,*,*,47,1035,299
6407,G,G,*,*,47,1035,300
6408,G,G,*,*,47,1035,301
6409,G,G,*,*,47,1035,302
6410,A,A,*,*,47,1035,303
6411,T,T,*,*,47,1035,304
6412,T,T,*,*,47,1035,305
6413,A,A,*,*,47,1035,306
6414,C,T,*,*,47,1035,307
6415,A,A,*,*,47,1035,308
6416,G,G,*,*,47,1035,309
6417,G,G,*,*,47,1035,310
6418,C,C,*,*,47,1035,311
6419,G,G,*,*,47,1035,312
6420,T,T,*,*,47,1035,313
6421,G,G,*,*,47,1035,314
6422,A,A,*,*,47,1035,315
6423,T,T,*,*,47,1035,316
6424,C,C,*,*,47,1035,317
6425,T,T,*,*,47,1035,318
6426,A,G,*,*,47,1035,319
6754,A,A,C,C,48,1057,319
7004,G,G,A,T,49,1095,319
7023,T,T,C,C,50,1128,319
7053,T,T,G,G,51,1128,319
7156,C,C,T,T,52,1131,319
7260,G,G,T,A,53,1149,319
7553,-,-,T,T,53,1180,319
7553,-,-,G,G,53,1181,319
7553,-,-,T,T,53,1182,319
7553,-,-,C,C,53,1183,319
7553,-,-,A,A,53,1184,319
7553,-,-,G,T,53,1185,319
7553,-,-,A,A,53,1208,319
7553,-,-,T,T,53,1209,319
7553,-,-,A,A,53,1210,319
7553,-,-,A,A,53,1211,319
7553,-,-,A,A,53,1212,319
7553,-,-,T,T,53,1241,319
7597,C,C,T,T,54,1252,319
7652,A,A,T,T,55,1254,319
8055,T,T,-,-,55,1298,320
8056,A,A,-,-,55,1298,321
8057,T,T,-,-,55,1298,322
8150,C,C,A,A,56,1367,322
8161,A,A,G,T,57,1375,322
8521,C,C,T,T,58,1419,322
8522,A,A,*,*,58,1419,323
8523,A,A,*,*,58,1419,324
8524,A,A,*,*,58,1419,325
8525,A,A,*,*,58,1419,326
8526,A,A,*,*,58,1419,327
8527,C,C,*,*,58,1419,328
8528,A,A,*,*,58,1419,329
8529,A,A,*,*,58,1419,330
8530,G,G,*,*,58,1419,331
8531,A,A,*,*,58,1419,332
8532,A,A,*,*,58,1419,333
8533,A,A,*,*,58,1419,334
8534,T,T,*,*,58,1419,335
8535,A,A,*,*,58,1419,336
8536,G,G,*,*,58,1419,337
8537,G,G,*,*,58,1419,338
8538,G,G,*,*,58,1419,339
8539,A,A,*,*,58,1419,340
8540,A,A,*,*,58,1419,341
8541,A,A,*,*,58,1419,342
8542,G,A,*,*,58,1419,343
8543,G,G,*,*,58,1419,344
8544,A,A,*,*,58,1419,345
8545,T,T,*,*,58,1419,346
8546,T,T,*,*,58,1419,347
8547,C,C,*,*,58,1419,348
8548,C,C,*,*,58,1419,349
8549,C,C,*,*,58,1419,350
8550,T,T,*,*,58,1419,351
8551,A,A,*,*,58,1419,352
8552,T,T,*,*,58,1419,353
8553,T,T,*,*,58,1419,354
8554,T,T,*,*,58,1419,355
8555,A,A,*,*,58,1419,356
8556,A,A,*,*,58,1419,357
8557,T,T,*,*,58,1419,358
8558,A,A,*,*,58,1419,359
8559,A,A,*,*,58,1419,360
8560,A,A,*,*,58,1419,361
8561,T,T,*,*,58,1419,362
8562,G,G,*,*,58,1419,363
8563,G,G,*,*,58,1419,364
8564,T,T,*,*,58,1419,365
8565,G,G,*,*,58,1419,366
8566,C,C,*,*,58,1419,367
8567,T,T,*,*,58,1419,368
8568,G,G,*,*,58,1419,369
8569,G,G,*,*,58,1419,370
8570,G,G,*,*,58,1419,371
8571,A,A,*,*,58,1419,372
8572,A,A,*,*,58,1419,373
8573,A,A,*,*,58,1419,374
8574,A,A,*,*,58,1419,375
8575,C,C,*,*,58,1419,376
8576,T,T,*,*,58,1419,377
8577,G,G,*,*,58,1419,378
8578,G,G,*,*,58,1419,379
8579,C,C,*,*,58,1419,380
8580,T,T,*,*,58,1419,381
8581,A,A,*,*,58,1419,382
8582,G,G,*,*,58,1419,383
8583,C,C,*,*,58,1419,384
8584,C,C,*,*,58,1419,385
8585,A,A,*,*,58,1419,386
8586,T,T,*,*,58,1419,387
8587,A,A,*,*,58,1419,388
8588,T,T,*,*,58,1419,389
8589,G,G,*,*,58,1419,390
8590,T,T,*,*,58,1419,391
8591,A,A,*,*,58,1419,392
8592,G,G,*,*,58,1419,393
8593,A,A,*,*,58,1419,394
8594,A,A,*,*,58,1419,395
8595,A,A,*,*,58,1419,396
8596,G,G,*,*,58,1419,397
8597,C,C,*,*,58,1419,398
8598,T,T,*,*,58,1419,399
8599,G,G,*,*,58,1419,400
8600,A,A,*,*,58,1419,401
8601,A,A,*,*,58,1419,402
8602,A,A,*,*,58,1419,403
8603,C,C,*,*,58,1419,404
8604,T,T,*,*,58,1419,405
8605,G,G,*,*,58,1419,406
8606,G,G,*,*,58,1419,407
8607,A,A,*,*,58,1419,408
8608,T,T,*,*,58,1419,409
8609,C,C,*,*,58,1419,410
8610,C,C,*,*,58,1419,411
8611,C,C,*,*,58,1419,412
8612,T,T,*,*,58,1419,413
8613,T,T,*,*,58,1419,414
8614,C,C,*,*,58,1419,415
8615,C,C,*,*,58,1419,416
8616,T,T,*,*,58,1419,417
8617,T,T,*,*,58,1419,418
8618,A,A,*,*,58,1419,419
8619,C,C,*,*,58,1419,420
8620,A,A,*,*,58,1419,421
8621,C,C,*,*,58,1419,422
8622,C,C,*,*,58,1419,423
8623,T,T,*,*,58,1419,424
8624,T,T,*,*,58,1419,425
8625,A,A,*,*,58,1419,426
8626,T,T,*,*,58,1419,427
8627,A,A,*,*,58,1419,428
8628,C,C,*,*,58,1419,429
8629,A,A,*,*,58,1419,430
8630,A,A,*,*,58,1419,431
8631,A,A,*,*,58,1419,432
8632,A,A,*,*,58,1419,433
8633,A,A,*,*,58,1419,434
8634,T,T,*,*,58,1419,435
8635,T,T,*,*,58,1419,436
8636,A,A,*,*,58,1419,437
8637,A,A,*,*,58,1419,438
8638,T,T,*,*,58,1419,439
8639,T,T,*,*,58,1419,440
8640,C,C,*,*,58,1419,441
8641,A,A,*,*,58,1419,442
8642,A,A,*,*,58,1419,443
8643,G,G,*,*,58,1419,444
8644,A,A,*,*,58,1419,445
8645,T,T,*,*,58,1419,446
8646,G,G,*,*,58,1419,447
8647,G,G,*,*,58,1419,448
8648,A,A,*,*,58,1419,449
8649,T,T,*,*,58,1419,450
8650,T,T,*,*,58,1419,451
8651,A,A,*,*,58,1419,452
8652,A,A,*,*,58,1419,453
8653,A,A,*,*,58,1419,454
8654,G,G,*,*,58,1419,455
8655,A,A,*,*,58,1419,456
8656,C,C,*,*,58,1419,457
8657,T,T,*,*,58,1419,458
8658,T,T,*,*,58,1419,459
8659,A,A,*,*,58,1419,460
8660,A,A,*,*,58,1419,461
8661,A,A,*,*,58,1419,462
8662,T,T,*,*,58,1419,463
8663,G,G,*,*,58,1419,464
8664,T,T,*,*,58,1419,465
8665,T,T,*,*,58,1419,466
8666,A,A,*,*,58,1419,467
8667,G,G,*,*,58,1419,468
8668,A,G,*,*,58,1419,469
8669,C,C,*,*,58,1419,470
8670,C,C,*,*,58,1419,471
8671,T,T,*,*,58,1419,472
8672,A,A,*,*,58,1419,473
8673,A,A,*,*,58,1419,474
8674,A,A,*,*,58,1419,475
8675,A,A,*,*,58,1419,476
8676,C,C,*,*,58,1419,477
8677,C,C,*,*,58,1419,478
8678,A,A,*,*,58,1419,479
8679,T,T,*,*,58,1419,480
8680,A,A,*,*,58,1419,481
8681,A,A,*,*,58,1419,482
8682,A,A,*,*,58,1419,483
8683,A,A,*,*,58,1419,484
8684,A,A,*,*,58,1419,485
8685,C,C,*,*,58,1419,486
8686,C,C,*,*,58,1419,487
8687,C,C,*,*,58,1419,488
8688,T,T,*,*,58,1419,489
8689,A,A,*,*,58,1419,490
8690,G,G,*,*,58,1419,491
8691,A,A,*,*,58,1419,492
8692,A,A,*,*,58,1419,493
8693,G,G,*,*,58,1419,494
8694,A,A,*,*,58,1419,495
8695,A,A,*,*,58,1419,496
8696,A,A,*,*,58,1419,497
8697,A,A,*,*,58,1419,498
8698,T,C,*,*,58,1419,499
8699,C,G,*,*,58,1419,500
8700,T,T,*,*,58,1419,501
8701,A,A,*,*,58,1419,502
8702,G,G,*,*,58,1419,503
8703,G,G,*,*,58,1419,504
8704,C,C,*,*,58,1419,505
8705,A,A,*,*,58,1419,506
8706,A,A,*,*,58,1419,507
8707,T,T,*,*,58,1419,508
8708,A,A,*,*,58,1419,509
8709,T,C,*,*,58,1419,510
8710,C,C,*,*,58,1419,511
8711,A,A,*,*,58,1419,512
8712,T,T,*,*,58,1419,513
8713,T,T,*,*,58,1419,514
8714,C,C,*,*,58,1419,515
8715,A,A,*,*,58,1419,516
8716,G,G,*,*,58,1419,517
8717,G,A,*,*,58,1419,518
8718,A,A,*,*,58,1419,519
8719,C,C,*,*,58,1419,520
8720,A,A,*,*,58,1419,521
8721,T,T,*,*,58,1419,522
8722,A,A,*,*,58,1419,523
8723,G,G,*,*,58,1419,524
8724,G,G,*,*,58,1419,525
8725,C,C,*,*,58,1419,526
8726,A,A,*,*,58,1419,527
8727,T,T,*,*,58,1419,528
8728,A,G,*,*,58,1419,529
8729,G,G,*,*,58,1419,530
8730,G,G,*,*,58,1419,531
8731,C,C,*,*,58,1419,532
8732,A,A,*,*,58,1419,533
8733,A,A,*,*,58,1419,534
8734,G,G,*,*,58,1419,535
8735,G,G,*,*,58,1419,536
8736,A,A,*,*,58,1419,537
8737,C,C,*,*,58,1419,538
8738,T,T,*,*,58,1419,539
8739,T,T,*,*,58,1419,540
8740,C,C,*,*,58,1419,541
8741,A,A,*,*,58,1419,542
8742,T,T,*,*,58,1419,543
8743,G,G,*,*,58,1419,544
8744,T,T,*,*,58,1419,545
8745,C,C,*,*,58,1419,546
8746,T,T,*,*,58,1419,547
8747,A,A,*,*,58,1419,548
8748,A,A,*,*,58,1419,549
8749,A,G,*,*,58,1419,550
8750,A,A,*,*,58,1419,551
8751,C,C,*,*,58,1419,552
8752,A,A,*,*,58,1419,553
8753,C,C,*,*,58,1419,554
8754,C,C,*,*,58,1419,555
8755,A,A,*,*,58,1419,556
8756,A,A,*,*,58,1419,557
8757,A,A,*,*,58,1419,558
8758,A,A,*,*,58,1419,559
8759,G,G,*,*,58,1419,560
8760,C,C,*,*,58,1419,561
8761,A,A,*,*,58,1419,562
8762,A,A,*,*,58,1419,563
8763,T,T,*,*,58,1419,564
8764,G,G,*,*,58,1419,565
8765,G,G,*,*,58,1419,566
8766,C,C,*,*,58,1419,567
8767,A,A,*,*,58,1419,568
8768,A,A,*,*,58,1419,569
8769,C,C,*,*,58,1419,570
8770,A,A,*,*,58,1419,571
8771,A,A,*,*,58,1419,572
8772,A,A,*,*,58,1419,573
8773,A,A,*,*,58,1419,574
8774,G,G,*,*,58,1419,575
8775,C,C,*,*,58,1419,576
8776,C,C,*,*,58,1419,577
8777,A,A,*,*,58,1419,578
8778,A,A,*,*,58,1419,579
8779,A,A,*,*,58,1419,580
8780,A,A,*,*,58,1419,581
8781,T,T,*,*,58,1419,582
8782,T,T,*,*,58,1419,583
8783,G,G,*,*,58,1419,584
8784,A,A,*,*,58,1419,585
8785,C,C,*,*,58,1419,586
8786,A,A,*,*,58,1419,587
8787,A,A,*,*,58,1419,588
8788,A,A,*,*,58,1419,589
8789,T,T,*,*,58,1419,590
8790,G,G,*,*,58,1419,591
8791,G,G,*,*,58,1419,592
8792,A,G,*,*,58,1419,593
8793,A,A,*,*,58,1419,594
8794,T,T,*,*,58,1419,595
8795,C,C,*,*,58,1419,596
8796,T,T,*,*,58,1419,597
8797,A,A,*,*,58,1419,598
8798,A,A,*,*,58,1419,599
8799,T,T,*,*,58,1419,600
8800,T,T,*,*,58,1424,601
8801,A,A,*,*,58,1424,602
8802,A,A,*,*,58,1424,603
8803,A,A,*,*,58,1424,604
8804,G,G,*,*,58,1424,605
8805,A,A,*,*,58,1424,606
8806,G,G,*,*,58,1424,607
8807,C,C,*,*,58,1424,608
8808,T,T,*,*,58,1424,609
8809,T,T,*,*,58,1424,610
8810,C,C,*,*,58,1424,611
8811,T,T,*,*,58,1424,612
8812,G,G,*,*,58,1424,613
8813,C,C,*,*,58,1424,614
8814,A,G,*,*,58,1424,615
8815,C,C,*,*,58,1424,616
8816,A,A,*,*,58,1424,617
8817,G,G,*,*,58,1424,618
8818,C,C,*,*,58,1424,619
8819,A,A,*,*,58,1424,620
8820,A,A,*,*,58,1424,621
8821,A,A,*,*,58,1424,622
8822,A,A,*,*,58,1424,623
8823,G,G,*,*,58,1424,624
8824,A,A,*,*,58,1424,625
8825,A,A,*,*,58,1424,626
8826,A,A,*,*,58,1424,627
8827,C,C,*,*,58,1424,628
8828,T,T,*,*,58,1424,629
8829,A,A,*,*,58,1424,630
8830,C,C,*,*,58,1424,631
8831,C,C,*,*,58,1424,632
8832,A,A,*,*,58,1424,633
8833,T,T,*,*,58,1424,634
8834,C,C,*,*,58,1424,635
8835,A,A,*,*,58,1424,636
8836,G,G,*,*,58,1424,637
8837,A,A,*,*,58,1424,638
8838,G,G,*,*,58,1424,639
8839,T,T,*,*,58,1424,640
8840,G,G,*,*,58,1424,641
8841,A,A,*,*,58,1424,642
8842,C,A,*,*,58,1424,643
8843,C,C,*,*,58,1424,644
8844,A,A,*,*,58,1424,645
8845,G,G,*,*,58,1424,646
8846,G,G,*,*,58,1424,647
8847,C,C,*,*,58,1424,648
8848,A,A,*,*,58,1424,649
8849,A,A,*,*,58,1424,650
8850,C,C,*,*,58,1424,651
8851,C,C,*,*,58,1424,652
8852,T,T,*,*,58,1424,653
8853,A,A,*,*,58,1424,654
8854,C,C,*,*,58,1424,655
8855,A,A,*,*,58,1424,656
8856,G,G,*,*,58,1424,657
8857,A,A,*,*,58,1424,658
8858,A,A,*,*,58,1424,659
8859,T,T,*,*,58,1424,660
8860,G,G,*,*,58,1424,661
8861,G,G,*,*,58,1424,662
8862,G,G,*,*,58,1424,663
8863,A,A,*,*,58,1424,664
8864,G,G,*,*,58,1424,665
8865,A,A,*,*,58,1424,666
8866,A,A,*,*,58,1424,667
8867,A,A,*,*,58,1424,668
8868,A,A,*,*,58,1424,669
8869,T,T,*,*,58,1424,670
8870,T,T,*,*,58,1424,671
8871,T,T,*,*,58,1424,672
8872,T,T,*,*,58,1424,673
8873,T,T,*,*,58,1424,674
8874,G,G,*,*,58,1424,675
8875,C,C,*,*,58,1424,676
8876,A,A,*,*,58,1424,677
8877,A,A,*,*,58,1424,678
8878,C,T,*,*,58,1424,679
8879,C,C,*,*,58,1424,680
8880,T,T,*,*,58,1424,681
8881,A,A,*,*,58,1424,682
8882,C,C,*,*,58,1424,683
8883,T,T,*,*,58,1424,684
8884,C,C,*,*,58,1424,685
8885,A,A,*,*,58,1424,686
8886,T,T,*,*,58,1424,687
8887,C,C,*,*,58,1424,688
8888,T,T,*,*,58,1424,689
8889,G,G,*,*,58,1424,690
8890,A,A,*,*,58,1424,691
8891,C,C,*,*,58,1424,692
8892,A,A,*,*,58,1424,693
8893,A,A,*,*,58,1424,694
8894,A,A,*,*,58,1424,695
8895,G,G,*,*,58,1424,696
8896,G,G,*,*,58,1424,697
8897,G,G,*,*,58,1424,698
8898,C,C,*,*,58,1424,699
8899,T,T,*,*,58,1424,700
8900,A,A,*,*,58,1424,701
8901,A,A,*,*,58,1424,702
8902,T,T,*,*,58,1424,703
8903,A,A,*,*,58,1424,704
8904,T,T,*,*,58,1424,705
8905,C,C,*,*,58,1424,706
8906,C,C,*,*,58,1424,707
8907,A,A,*,*,58,1424,708
8908,G,G,*,*,58,1424,709
8909,A,A,*,*,58,1424,710
8910,A,A,*,*,58,1424,711
8911,T,T,*,*,58,1424,712
8912,C,C,*,*,58,1424,713
8913,T,T,*,*,58,1424,714
8914,A,A,*,*,58,1424,715
8915,C,C,*,*,58,1424,716
8916,A,A,*,*,58,1424,717
8917,A,A,*,*,58,1424,718
8918,T,T,*,*,58,1424,719
8919,G,G,*,*,58,1424,720
8920,A,A,*,*,58,1424,721
8921,A,A,*,*,58,1424,722
8922,C,C,*,*,58,1424,723
8923,T,T,*,*,58,1424,724
8924,C,C,*,*,58,1424,725
8925,C,C,*,*,58,1424,726
8926,A,A,*,*,58,1424,727
8927,A,A,*,*,58,1424,728
8928,C,C,*,*,58,1424,729
8929,A,A,*,*,58,1424,730
8930,A,A,*,*,58,1424,731
8931,A,A,*,*,58,1424,732
8932,T,T,*,*,58,1424,733
8933,T,T,*,*,58,1424,734
8934,T,T,*,*,58,1424,735
8935,A,A,*,*,58,1424,736
8936,C,C,*,*,58,1424,737
8937,A,A,*,*,58,1424,738
8938,A,A,*,*,58,1424,739
8939,G,G,*,*,58,1424,740
8940,A,G,*,*,58,1424,741
8941,A,A,*,*,58,1424,742
8942,T,A,*,*,58,1424,743
8943,A,A,*,*,58,1424,744
8944,A,A,*,*,58,1424,745
8945,A,A,*,*,58,1424,746
8946,A,A,*,*,58,1424,747
8947,C,C,*,*,58,1424,748
8948,C,A,*,*,58,1424,749
8949,C,C,*,*,58,1428,750
8950,A,A,*,*,58,1428,751
8951,T,T,*,*,58,1428,752
8952,C,C,*,*,58,1428,753
8953,A,G,*,*,58,1428,754
8954,A,A,*,*,58,1428,755
8955,A,A,*,*,58,1428,756
8956,A,A,*,*,58,1428,757
8957,A,A,*,*,58,1428,758
8958,G,G,*,*,58,1428,759
8959,T,T,*,*,58,1428,760
8960,G,G,*,*,58,1428,761
8961,G,G,*,*,58,1428,762
8962,G,G,*,*,58,1428,763
8963,T,T,*,*,58,1428,764
8964,G,G,*,*,58,1428,765
8965,A,A,*,*,58,1428,766
8966,A,A,*,*,58,1428,767
8967,G,G,*,*,58,1428,768
8968,G,G,*,*,58,1428,769
8969,A,A,*,*,58,1428,770
8970,T,T,*,*,58,1428,771
8971,A,A,*,*,58,1428,772
8972,T,T,*,*,58,1428,773
8973,G,G,*,*,58,1428,774
8974,A,A,*,*,58,1428,775
8975,A,A,*,*,58,1428,776
8976,C,C,*,*,58,1428,777
8977,A,A,*,*,58,1428,778
8978,G,G,*,*,58,1428,779
8979,A,A,*,*,58,1428,780
8980,C,C,*,*,58,1428,781
8981,A,A,*,*,58,1428,782
8982,C,C,*,*,58,1428,783
8983,T,T,*,*,58,1428,784
8984,T,T,*,*,58,1428,785
8985,C,C,*,*,58,1428,786
8986,T,T,*,*,58,1428,787
8987,C,C,*,*,58,1428,788
8988,A,A,*,*,58,1428,789
8989,A,A,*,*,58,1428,790
8990,A,A,*,*,58,1428,791
8991,A,A,*,*,58,1428,792
8992,G,G,*,*,58,1428,793
8993,A,A,*,*,58,1428,794
8994,A,A,*,*,58,1428,795
8995,G,G,*,*,58,1428,796
8996,A,A,*,*,58,1428,797
8997,C,C,*,*,58,1428,798
8998,A,A,*,*,58,1428,799
8999,T,T,*,*,58,1428,800
9000,T,T,*,*,58,1428,801
9001,T,T,*,*,58,1428,802
9002,A,A,*,*,58,1428,803
9003,T,T,*,*,58,1428,804
9004,G,G,*,*,58,1428,805
9005,C,C,*,*,58,1428,806
9006,A,A,*,*,58,1428,807
9007,G,G,*,*,58,1428,808
9008,C,C,*,*,58,1428,809
9009,C,C,*,*,58,1428,810
9010,A,A,*,*,58,1428,811
9011,A,A,*,*,58,1428,812
9012,A,A,*,*,58,1428,813
9013,A,A,*,*,58,1428,814
9014,G,G,*,*,58,1428,815
9015,A,A,*,*,58,1428,816
9016,C,C,*,*,58,1428,817
9017,A,A,*,*,58,1428,818
9018,C,C,*,*,58,1428,819
9019,A,A,*,*,58,1428,820
9020,T,T,*,*,58,1428,821
9021,G,G,*,*,58,1428,822
9022,A,A,*,*,58,1428,823
9023,A,A,*,*,58,1428,824
9024,A,A,*,*,58,1428,825
9025,A,A,*,*,58,1428,826
9026,A,A,*,*,58,1428,827
9027,A,A,*,*,58,1428,828
9028,T,T,*,*,58,1428,829
9029,G,G,*,*,58,1428,830
9030,C,C,*,*,58,1428,831
9031,T,T,*,*,58,1428,832
9032,C,C,*,*,58,1428,833
9033,A,A,*,*,58,1428,834
9034,T,T,*,*,58,1428,835
9035,C,C,*,*,58,1428,836
9036,A,A,*,*,58,1428,837
9037,T,T,*,*,58,1428,838
9038,C,C,*,*,58,1428,839
9039,A,A,*,*,58,1428,840
9040,C,C,*,*,58,1428,841
9041,T,T,*,*,58,1428,842
9042,G,G,*,*,58,1428,843
9043,G,G,*,*,58,1428,844
9044,C,C,*,*,58,1428,845
9045,C,C,*,*,58,1428,846
9046,A,A,*,*,58,1428,847
9047,T,T,*,*,58,1428,848
9048,C,C,*,*,58,1428,849
9049,A,A,*,*,58,1428,850
9050,G,G,*,*,58,1428,851
9051,A,A,*,*,58,1428,852
9052,G,G,*,*,58,1428,853
9053,A,A,*,*,58,1428,854
9054,A,A,*,*,58,1428,855
9055,A,A,*,*,58,1428,856
9056,T,T,*,*,58,1428,857
9057,G,G,*,*,58,1428,858
9058,C,C,*,*,58,1428,859
9059,A,A,*,*,58,1428,860
9060,A,A,*,*,58,1428,861
9061,A,A,*,*,58,1428,862
9062,T,T,*,*,58,1428,863
9063,C,C,*,*,58,1428,864
9064,A,A,*,*,58,1428,865
9065,A,A,*,*,58,1428,866
9066,A,A,*,*,58,1428,867
9067,A,A,*,*,58,1428,868
9068,C,C,*,*,58,1428,869
9069,C,C,*,*,58,1428,870
9070,A,A,*,*,58,1428,871
9071,C,C,*,*,58,1428,872
9072,A,A,*,*,58,1428,873
9073,A,A,*,*,58,1428,874
9074,T,T,*,*,58,1428,875
9075,G,G,*,*,58,1428,876
9076,A,A,*,*,58,1428,877
9077,G,G,*,*,58,1428,878
9078,A,A,*,*,58,1428,879
9079,T,T,*,*,58,1428,880
9080,A,A,*,*,58,1428,881
9081,C,C,*,*,58,1428,882
9082,C,C,*,*,58,1428,883
9083,A,A,*,*,58,1428,884
9084,T,T,*,*,58,1428,885
9085,C,C,*,*,58,1428,886
9086,T,T,*,*,58,1428,887
9087,C,C,*,*,58,1428,888
9088,A,A,*,*,58,1428,889
9089,C,C,*,*,58,1428,890
9090,A,A,*,*,58,1428,891
9091,C,C,*,*,58,1428,892
9092,C,C,*,*,58,1428,893
9093,A,A,*,*,58,1428,894
9094,G,G,*,*,58,1428,895
9095,C,T,*,*,58,1428,896
9096,T,T,*,*,58,1428,897
9097,A,A,*,*,58,1428,898
9098,G,G,*,*,58,1428,899
9099,A,A,*,*,58,1428,900
9100,A,A,*,*,58,1428,901
9101,T,T,*,*,58,1428,902
9102,G,G,*,*,58,1428,903
9103,G,G,*,*,58,1428,904
9104,A,C,*,*,58,1428,905
9105,G,G,*,*,58,1428,906
9106,A,A,*,*,58,1428,907
9107,T,T,*,*,58,1428,908
9108,C,C,*,*,58,1428,909
9109,A,A,*,*,58,1428,910
9110,T,T,*,*,58,1428,911
9111,T,T,*,*,58,1428,912
9112,A,A,*,*,58,1428,913
9113,A,A,*,*,58,1428,914
9114,A,A,*,*,58,1428,915
9115,A,A,*,*,58,1428,916
9116,A,A,*,*,58,1428,917
9117,G,G,*,*,58,1428,918
9118,T,T,*,*,58,1428,919
9119,C,C,*,*,58,1428,920
9120,A,A,*,*,58,1428,921
9121,G,G,*,*,58,1428,922
9122,G,G,*,*,58,1428,923
9123,A,A,*,*,58,1428,924
9124,A,A,*,*,58,1428,925
9125,A,A,*,*,58,1428,926
9126,C,C,*,*,58,1428,927
9127,A,A,*,*,58,1428,928
9128,A,A,*,*,58,1428,929
9129,C,C,*,*,58,1428,930
9130,A,A,*,*,58,1428,931
9131,G,G,*,*,58,1428,932
9132,G,G,*,*,58,1428,933
9133,T,T,*,*,58,1428,934
9134,G,G,*,*,58,1428,935
9135,C,C,*,*,58,1428,936
9136,T,T,*,*,58,1428,937
9137,G,G,*,*,58,1428,938
9138,G,G,*,*,58,1428,939
9139,A,A,*,*,58,1428,940
9140,G,G,*,*,58,1428,941
9141,A,A,*,*,58,1428,942
9142,G,G,*,*,58,1428,943
9143,G,G,*,*,58,1428,944
9144,A,A,*,*,58,1428,945
9145,T,T,*,*,58,1428,946
9146,G,G,*,*,58,1428,947
9147,T,T,*,*,58,1428,948
9148,G,G,*,*,58,1428,949
9149,G,G,*,*,58,1428,950
9150,A,A,*,*,58,1428,951
9151,G,G,*,*,58,1428,952
9152,A,A,*,*,58,1428,953
9153,A,A,*,*,58,1428,954
9154,A,A,*,*,58,1428,955
9155,T,T,*,*,58,1428,956
9156,A,A,*,*,58,1428,957
9157,G,G,*,*,58,1428,958
9158,G,G,*,*,58,1428,959
9159,A,A,*,*,58,1428,960
9160,A,A,*,*,58,1428,961
9161,C,C,*,*,58,1428,962
9162,A,A,*,*,58,1428,963
9163,A,C,*,*,58,1428,964
9164,T,T,*,*,58,1428,965
9165,T,T,*,*,58,1428,966
9166,T,T,*,*,58,1428,967
9167,T,T,*,*,58,1428,968
9168,A,A,*,*,58,1428,969
9169,C,T,*,*,58,1428,970
9170,A,A,*,*,58,1428,971
9179,G,G,*,*,58,1428,972
9180,G,G,*,*,58,1428,973
9181,A,A,*,*,58,1428,974
9182,A,A,*,*,58,1428,975
9183,C,C,*,*,58,1428,976
9198,A,A,*,*,58,1428,977
9199,C,C,*,*,58,1428,978
9200,C,C,*,*,58,1428,979
9201,A,A,*,*,58,1428,980
9202,T,T,*,*,58,1428,981
9203,T,T,*,*,58,1428,982
9204,G,G,*,*,58,1428,983
9205,T,T,*,*,58,1428,984
9206,G,G,*,*,58,1428,985
9207,G,G,*,*,58,1428,986
9208,A,A,*,*,58,1428,987
9209,A,A,*,*,58,1428,988
9210,G,G,*,*,58,1428,989
9211,T,T,*,*,58,1428,990
9212,C,C,*,*,58,1428,991
9213,A,A,*,*,58,1428,992
9214,G,G,*,*,58,1428,993
9215,T,T,*,*,58,1428,994
9216,G,G,*,*,58,1428,995
9217,T,T,*,*,58,1428,996
9218,G,G,*,*,58,1428,997
9219,G,G,*,*,58,1428,998
9220,C,C,*,*,58,1428,999
9221,A,G,*,*,58,1428,1000
9222,A,A,*,*,58,1428,1001
9223,T,T,*,*,58,1428,1002
9224,T,T,*,*,58,1428,1003
9225,C,C,*,*,58,1428,1004
9226,C,C,*,*,58,1428,1005
9227,T,T,*,*,58,1428,1006
9228,C,C,*,*,58,1428,1007
9229,A,A,*,*,58,1428,1008
9230,G,A,*,*,58,1428,1009
9231,G,G,*,*,58,1428,1010
9232,G,G,*,*,58,1428,1011
9233,A,A,*,*,58,1428,1012
9234,T,T,*,*,58,1428,1013
9235,C,C,*,*,58,1428,1014
9236,T,T,*,*,58,1428,1015
9237,A,A,*,*,58,1428,1016
9238,G,G,*,*,58,1428,1017
9239,A,A,*,*,58,1428,1018
9240,A,A,*,*,58,1428,1019
9241,C,C,*,*,58,1428,1020
9242,T,T,*,*,58,1428,1021
9243,A,A,*,*,58,1428,1022
9244,G,C,*,*,58,1428,1023
9245,A,A,*,*,58,1428,1024
9246,A,A,*,*,58,1428,1025
9247,A,A,*,*,58,1428,1026
9248,T,T,*,*,58,1428,1027
9249,A,A,*,*,58,1428,1028
9250,C,C,*,*,58,1428,1029
9251,C,C,*,*,58,1428,1030
9252,A,A,*,*,58,1428,1031
9253,T,T,*,*,58,1428,1032
9254,T,T,*,*,58,1428,1033
9255,T,T,*,*,58,1428,1034
9256,G,G,*,*,58,1428,1035
9257,A,A,*,*,58,1428,1036
9258,T,T,*,*,58,1428,1037
9259,C,C,*,*,58,1428,1038
9260,C,C,*,*,58,1428,1039
9261,A,A,*,*,58,1428,1040
9262,G,G,*,*,58,1428,1041
9263,C,C,*,*,58,1428,1042
9264,A,A,*,*,58,1428,1043
9265,A,A,*,*,58,1428,1044
9266,T,T,*,*,58,1428,1045
9267,C,C,*,*,58,1428,1046
9268,C,C,*,*,58,1428,1047
9269,C,C,*,*,58,1428,1048
9270,A,A,*,*,58,1428,1049
9271,T,T,*,*,58,1428,1050
9272,T,T,*,*,58,1428,1051
9273,A,A,*,*,58,1428,1052
9274,C,C,*,*,58,1428,1053
9275,T,T,*,*,58,1428,1054
9276,G,G,*,*,58,1428,1055
9277,G,G,*,*,58,1428,1056
9278,G,G,*,*,58,1428,1057
9279,T,T,*,*,58,1428,1058
9280,G,A,*,*,58,1428,1059
9281,T,T,*,*,58,1428,1060
9282,G,A,*,*,58,1428,1061
9283,T,T,*,*,58,1428,1062
9284,A,A,*,*,58,1428,1063
9285,C,C,*,*,58,1428,1064
9286,C,C,*,*,58,1428,1065
9287,C,C,*,*,58,1428,1066
9288,A,A,*,*,58,1428,1067
9289,A,A,*,*,58,1428,1068
9290,A,A,*,*,58,1428,1069
9291,G,G,*,*,58,1428,1070
9292,G,G,*,*,58,1428,1071
9293,A,A,*,*,58,1428,1072
9294,C,T,*,*,58,1428,1073
9295,T,T,*,*,58,1428,1074
9296,A,A,*,*,58,1428,1075
9297,T,T,*,*,58,1428,1076
9298,A,A,*,*,58,1428,1077
9299,A,A,*,*,58,1428,1078
9300,A,A,*,*,58,1428,1079
9301,T,T,*,*,58,1428,1080
9302,C,C,*,*,58,1428,1081
9303,A,A,*,*,58,1428,1082
9305,G,G,*,*,58,1428,1083
9306,C,C,*,*,58,1428,1084
9307,T,T,*,*,58,1428,1085
9308,G,G,*,*,58,1428,1086
9309,C,C,*,*,58,1428,1087
9310,T,T,*,*,58,1428,1088
9311,A,A,*,*,58,1428,1089
9312,T,T,*,*,58,1428,1090
9313,A,A,*,*,58,1428,1091
9314,A,A,*,*,58,1428,1092
9315,A,A,*,*,58,1428,1093
9316,G,G,*,*,58,1428,1094
9317,A,A,*,*,58,1428,1095
9318,C,C,*,*,58,1428,1096
9319,A,A,*,*,58,1428,1097
9320,C,C,*,*,58,1428,1098
9321,A,A,*,*,58,1428,1099
9322,T,T,*,*,58,1428,1100
9323,G,G,*,*,58,1428,1101
9324,C,C,*,*,58,1428,1102
9325,A,A,*,*,58,1428,1103
9326,C,C,*,*,58,1428,1104
9327,A,A,*,*,58,1428,1105
9328,C,C,*,*,58,1428,1106
9329,A,A,*,*,58,1428,1107
9330,T,T,*,*,58,1428,1108
9331,A,A,*,*,58,1428,1109
9332,T,T,*,*,58,1428,1110
9333,G,G,*,*,58,1428,1111
9334,T,T,*,*,58,1428,1112
9335,T,T,*,*,58,1428,1113
9336,T,T,*,*,58,1428,1114
9337,A,A,*,*,58,1428,1115
9338,T,T,*,*,58,1428,1116
9339,T,T,*,*,58,1428,1117
9340,G,G,*,*,58,1428,1118
9341,C,C,*,*,58,1428,1119
9342,A,A,*,*,58,1428,1120
9343,G,G,*,*,58,1428,1121
9344,C,C,*,*,58,1428,1122
9345,A,A,*,*,58,1428,1123
9346,C,C,*,*,58,1428,1124
9347,T,T,*,*,58,1428,1125
9348,A,A,*,*,58,1428,1126
9349,T,T,*,*,58,1428,1127
9350,T,T,*,*,58,1428,1128
9351,C,C,*,*,58,1428,1129
9352,A,A,*,*,58,1428,1130
9353,C,C,*,*,58,1428,1131
9354,A,A,*,*,58,1428,1132
9355,A,A,*,*,58,1428,1133
9356,T,T,*,*,58,1428,1134
9357,A,A,*,*,58,1428,1135
9358,G,G,*,*,58,1428,1136
9359,C,C,*,*,58,1428,1137
9360,A,A,*,*,58,1428,1138
9361,A,A,*,*,58,1428,1139
9362,A,A,*,*,58,1428,1140
9363,G,G,*,*,58,1428,1141
9364,A,A,*,*,58,1428,1142
9365,C,C,*,*,58,1428,1143
9366,T,T,*,*,58,1428,1144
9367,T,T,*,*,58,1428,1145
9368,G,G,*,*,58,1428,1146
9369,G,G,*,*,58,1428,1147
9370,A,A,*,*,58,1428,1148
9371,A,A,*,*,58,1428,1149
9372,C,C,*,*,58,1428,1150
9373,C,C,*,*,58,1428,1151
9374,A,A,*,*,58,1428,1152
9375,A,A,*,*,58,1428,1153
9376,G,G,*,*,58,1428,1154
9377,C,C,*,*,58,1428,1155
9378,C,C,*,*,58,1428,1156
9379,A,A,*,*,58,1428,1157
9380,A,A,*,*,58,1428,1158
9381,A,A,*,*,58,1428,1159
9382,T,T,*,*,58,1428,1160
9383,G,A,*,*,58,1428,1161
9384,T,T,*,*,58,1428,1162
9385,C,C,*,*,58,1428,1163
9386,C,C,*,*,58,1428,1164
9387,A,A,*,*,58,1428,1165
9388,A,A,*,*,58,1428,1166
9389,C,C,*,*,58,1428,1167
9390,A,A,*,*,58,1428,1168
9391,A,A,*,*,58,1428,1169
9392,T,T,*,*,58,1428,1170
9393,G,G,*,*,58,1428,1171
9394,A,A,*,*,58,1428,1172
9395,T,T,*,*,58,1428,1173
9396,A,A,*,*,58,1428,1174
9397,G,G,*,*,58,1428,1175
9398,A,A,*,*,58,1428,1176
9399,C,C,*,*,58,1428,1177
9400,T,T,*,*,58,1428,1178
9401,G,G,*,*,58,1428,1179
9402,G,G,*,*,58,1428,1180
9403,A,A,*,*,58,1428,1181
9404,T,T,*,*,58,1428,1182
9405,T,T,*,*,58,1428,1183
9406,A,A,*,*,58,1428,1184
9407,A,A,*,*,58,1428,1185
9408,G,G,*,*,58,1428,1186
9409,A,A,*,*,58,1428,1187
9410,A,A,*,*,58,1428,1188
9411,A,A,*,*,58,1428,1189
9412,A,G,*,*,58,1428,1190
9413,T,T,*,*,58,1428,1191
9414,G,G,*,*,58,1428,1192
9415,T,T,*,*,58,1428,1193
9416,G,G,*,*,58,1428,1194
9417,G,G,*,*,58,1428,1195
9418,C,C,*,*,58,1428,1196
9419,A,A,*,*,58,1428,1197
9420,C,C,*,*,58,1428,1198
9421,A,A,*,*,58,1428,1199
9422,T,T,*,*,58,1428,1200
9423,A,A,*,*,58,1428,1201
9424,T,T,*,*,58,1428,1202
9425,A,A,*,*,58,1428,1203
9426,C,C,*,*,58,1428,1204
9427,A,A,*,*,58,1428,1205
9428,C,C,*,*,58,1428,1206
9429,C,C,*,*,58,1428,1207
9430,A,A,*,*,58,1428,1208
9431,T,T,*,*,58,1428,1209
9432,G,G,*,*,58,1428,1210
9433,G,G,*,*,58,1428,1211
9434,A,A,*,*,58,1428,1212
9435,A,A,*,*,58,1428,1213
9436,T,T,*,*,58,1428,1214
9437,A,A,*,*,58,1428,1215
9438,C,C,*,*,58,1428,1216
9439,T,T,*,*,58,1428,1217
9440,A,A,*,*,58,1428,1218
9441,T,T,*,*,58,1428,1219
9442,G,G,*,*,58,1428,1220
9443,C,C,*,*,58,1428,1221
9444,A,A,*,*,58,1428,1222
9445,G,G,*,*,58,1428,1223
9446,C,A,*,*,58,1428,1224
9447,C,C,*,*,58,1428,1225
9448,A,A,*,*,58,1428,1226
9449,T,T,*,*,58,1428,1227
9450,A,A,*,*,58,1428,1228
9451,C,A,*,*,58,1428,1229
9452,A,A,*,*,58,1428,1230
9453,A,A,*,*,58,1428,1231
9454,A,A,*,*,58,1428,1232
9455,A,A,*,*,58,1428,1233
9456,T,T,*,*,58,1428,1234
9457,G,G,*,*,58,1428,1235
9458,A,A,*,*,58,1428,1236
9459,T,T,*,*,58,1428,1237
9460,G,G,*,*,58,1428,1238
9461,A,A,*,*,58,1428,1239
9462,G,A,*,*,58,1428,1240
9463,T,T,*,*,58,1428,1241
9464,T,T,*,*,58,1428,1242
9465,C,C,*,*,58,1428,1243
9466,A,A,*,*,58,1428,1244
9467,T,T,*,*,58,1428,1245
9468,G,G,*,*,58,1428,1246
9469,T,T,*,*,58,1428,1247
9470,C,C,*,*,58,1428,1248
9471,C,C,*,*,58,1428,1249
9472,T,T,*,*,58,1428,1250
9473,T,T,*,*,58,1428,1251
9474,T,T,*,*,58,1428,1252
9475,G,G,*,*,58,1428,1253
9476,T,T,*,*,58,1428,1254
9477,A,A,*,*,58,1428,1255
9478,G,G,*,*,58,1428,1256
9479,G,G,*,*,58,1428,1257
9480,G,G,*,*,58,1428,1258
9481,A,A,*,*,58,1428,1259
9482,C,C,*,*,58,1428,1260
9483,A,A,*,*,58,1428,1261
9484,T,T,*,*,58,1428,1262
9485,G,G,*,*,58,1428,1263
9486,G,G,*,*,58,1428,1264
9487,A,A,*,*,58,1428,1265
9488,T,T,*,*,58,1428,1266
9489,G,G,*,*,58,1428,1267
9490,A,A,*,*,58,1428,1268
9491,A,A,*,*,58,1428,1269
9492,G,G,*,*,58,1428,1270
9493,C,C,*,*,58,1428,1271
9494,T,T,*,*,58,1428,1272
9495,G,G,*,*,58,1428,1273
9496,G,G,*,*,58,1428,1274
9497,A,A,*,*,58,1428,1275
9498,A,A,*,*,58,1428,1276
9499,A,A,*,*,58,1428,1277
9500,C,C,*,*,58,1428,1278
9501,C,C,*,*,58,1428,1279
9502,A,A,*,*,58,1428,1280
9503,T,T,*,*,58,1428,1281
9504,C,C,*,*,58,1428,1282
9505,A,A,*,*,58,1428,1283
9506,T,T,*,*,58,1428,1284
9507,T,T,*,*,58,1428,1285
9508,C,C,*,*,58,1428,1286
9509,T,T,*,*,58,1428,1287
9510,C,C,*,*,58,1428,1288
9511,A,A,*,*,58,1428,1289
9512,G,G,*,*,58,1428,1290
9513,C,C,*,*,58,1428,1291
9514,A,A,*,*,58,1428,1292
9515,A,A,*,*,58,1428,1293
9516,A,A,*,*,58,1428,1294
9517,C,C,*,*,58,1428,1295
9518,T,T,*,*,58,1428,1296
9519,A,A,*,*,58,1428,1297
9520,T,T,*,*,58,1428,1298
9521,C,C,*,*,58,1428,1299
9522,A,G,*,*,58,1428,1300
9523,C,C,*,*,58,1428,1301
9524,A,A,*,*,58,1428,1302
9525,A,A,*,*,58,1428,1303
9526,G,G,*,*,58,1428,1304
9527,G,G,*,*,58,1428,1305
9528,A,A,*,*,58,1428,1306
9529,C,C,*,*,58,1428,1307
9530,A,A,*,*,58,1428,1308
9531,A,A,*,*,58,1428,1309
9532,A,A,*,*,58,1428,1310
9533,A,A,*,*,58,1428,1311
9534,A,A,*,*,58,1428,1312
9535,A,A,*,*,58,1428,1313
9537,C,C,*,*,58,1428,1314
9538,C,C,*,*,58,1428,1315
9539,A,A,*,*,58,1428,1316
9540,A,A,*,*,58,1428,1317
9541,A,A,*,*,58,1428,1318
9542,C,C,*,*,58,1428,1319
9543,A,A,*,*,58,1428,1320
9544,C,C,*,*,58,1428,1321
9545,C,C,*,*,58,1428,1322
9546,A,G,*,*,58,1428,1323
9547,C,C,*,*,58,1428,1324
9548,A,A,*,*,58,1428,1325
9549,T,T,*,*,58,1428,1326
9550,A,G,*,*,58,1428,1327
9551,T,T,*,*,58,1428,1328
9552,T,T,*,*,58,1428,1329
9553,C,C,*,*,58,1428,1330
9554,T,T,*,*,58,1428,1331
9555,C,C,*,*,58,1428,1332
9556,A,A,*,*,58,1428,1333
9557,C,C,*,*,58,1428,1334
9558,T,T,*,*,58,1428,1335
9559,C,C,*,*,58,1428,1336
9560,A,A,*,*,58,1428,1337
9561,T,T,*,*,58,1428,1338
9562,A,A,*,*,58,1428,1339
9563,G,G,*,*,58,1428,1340
9564,G,G,*,*,58,1428,1341
9565,T,T,*,*,58,1428,1342
9566,G,G,*,*,58,1428,1343
9567,G,G,*,*,58,1428,1344
9568,G,G,*,*,58,1428,1345
9569,A,A,*,*,58,1428,1346
9570,A,A,*,*,58,1428,1347
9571,T,T,*,*,58,1428,1348
9572,T,T,*,*,58,1428,1349
9573,G,G,*,*,58,1428,1350
9574,A,C,*,*,58,1428,1351
9575,A,A,*,*,58,1428,1352
9576,C,C,*,*,58,1428,1353
9577,A,A,*,*,58,1428,1354
9578,A,G,*,*,58,1428,1355
9579,T,T,*,*,58,1428,1356
9580,G,G,*,*,58,1428,1357
9581,A,A,*,*,58,1428,1358
9582,G,G,*,*,58,1428,1359
9583,A,A,*,*,58,1428,1360
9584,A,A,*,*,58,1428,1361
9585,C,C,*,*,58,1428,1362
9586,A,A,*,*,58,1428,1363
9587,C,C,*,*,58,1428,1364
9588,A,A,*,*,58,1428,1365
9589,T,T,*,*,58,1428,1366
9591,G,G,*,*,58,1428,1367
9592,A,A,*,*,58,1428,1368
9593,C,C,*,*,58,1428,1369
9594,A,A,*,*,58,1428,1370
9595,C,C,*,*,58,1428,1371
9596,A,A,*,*,58,1428,1372
9597,G,G,*,*,58,1428,1373
9598,G,G,*,*,58,1428,1374
9599,A,A,*,*,58,1428,1375
9600,A,A,*,*,58,1428,1376
9601,G,G,*,*,58,1428,1377
9602,G,G,*,*,58,1428,1378
9603,G,G,*,*,58,1428,1379
9604,G,G,*,*,58,1428,1380
9605,A,A,*,*,58,1428,1381
9606,A,A,*,*,58,1428,1382
9607,C,C,*,*,58,1428,1383
9608,A,A,*,*,58,1428,1384
9609,T,T,*,*,58,1428,1385
9610,C,C,*,*,58,1428,1386
9611,A,A,*,*,58,1428,1387
9612,C,C,*,*,58,1428,1388
9613,A,A,*,*,58,1428,1389
9614,C,C,*,*,58,1428,1390
9615,A,A,*,*,58,1428,1391
9616,C,C,*,*,58,1428,1392
9617,C,C,*,*,58,1428,1393
9618,G,A,*,*,58,1428,1394
9619,G,G,*,*,58,1428,1395
9621,G,G,*,*,58,1428,1396
9622,C,C,*,*,58,1428,1397
9623,C,C,*,*,58,1428,1398
9624,T,T,*,*,58,1428,1399
9625,G,G,*,*,58,1428,1400
9626,T,T,*,*,58,1428,1401
9627,T,T,*,*,58,1428,1402
9628,G,G,*,*,58,1428,1403
9629,T,T,*,*,58,1428,1404
9630,G,G,*,*,58,1428,1405
9631,G,G,*,*,58,1428,1406
9632,G,G,*,*,58,1428,1407
9633,G,G,*,*,58,1428,1408
9634,T,T,*,*,58,1428,1409
9635,G,G,*,*,58,1428,1410
9636,G,G,*,*,58,1428,1411
9637,G,G,*,*,58,1428,1412
9638,G,G,*,*,58,1428,1413
9639,G,G,*,*,58,1428,1414
9640,G,A,*,*,58,1428,1415
9641,A,A,*,*,58,1428,1416
9642,G,G,*,*,58,1428,1417
9643,G,A,*,*,58,1428,1418
9644,G,G,*,*,58,1428,1419
9645,G,G,*,*,58,1428,1420
9646,G,G,*,*,58,1428,1421
9647,G,G,*,*,58,1428,1422
9648,A,A,*,*,58,1428,1423
9649,G,G,*,*,58,1428,1424
9650,G,G,*,*,58,1428,1425
9651,G,G,*,*,58,1428,1426
9652,A,A,*,*,58,1428,1427
9653,T,T,*,*,58,1428,1428
9654,A,A,*,*,58,1428,1429
9655,G,G,*,*,58,1428,1430
9656,C,C,*,*,58,1428,1431
9657,A,A,*,*,58,1428,1432
9658,T,T,*,*,58,1428,1433
9659,T,T,*,*,58,1428,1434
9660,T,T,*,*,58,1428,1435
9661,G,G,*,*,58,1428,1436
9662,G,G,*,*,58,1428,1437
9663,A,A,*,*,58,1428,1438
9664,G,G,*,*,58,1428,1439
9665,A,A,*,*,58,1428,1440
9666,C,T,*,*,58,1428,1441
9667,A,A,*,*,58,1428,1442
9668,T,T,*,*,58,1428,1443
9669,A,A,*,*,58,1428,1444
9670,C,C,*,*,58,1428,1445
9671,C,C,*,*,58,1428,1446
9672,T,T,*,*,58,1428,1447
9673,A,A,*,*,58,1428,1448
9674,A,A,*,*,58,1428,1449
9675,T,C,*,*,58,1428,1450
9676,G,A,*,*,58,1428,1451
9677,T,A,*,*,58,1428,1452
9678,T,T,*,*,58,1428,1453
9679,A,A,*,*,58,1428,1454
9680,A,A,*,*,58,1428,1455
9681,A,A,*,*,58,1428,1456
9682,T,T,*,*,58,1428,1457
9683,G,G,*,*,58,1428,1458
9684,A,A,*,*,58,1428,1459
9685,C,C,*,*,58,1428,1460
9686,A,A,*,*,58,1428,1461
9687,A,A,*,*,58,1428,1462
9688,G,G,*,*,58,1428,1463
9689,T,T,*,*,58,1428,1464
9690,T,T,*,*,58,1428,1465
9691,A,A,*,*,58,1428,1466
9692,C,C,*,*,58,1428,1467
9693,T,T,*,*,58,1428,1468
9694,C,G,*,*,58,1428,1469
9695,G,G,*,*,58,1428,1470
9696,G,G,*,*,58,1428,1471
9697,T,T,*,*,58,1428,1472
9698,G,G,*,*,58,1428,1473
9699,C,C,*,*,58,1428,1474
9700,A,A,*,*,58,1428,1475
9701,G,G,*,*,58,1428,1476
9702,C,C,*,*,58,1428,1477
9703,A,A,*,*,58,1428,1478
9704,C,C,*,*,58,1428,1479
9705,A,A,*,*,58,1428,1480
9706,C,C,*,*,58,1428,1481
9707,C,C,*,*,58,1428,1482
9708,A,A,*,*,58,1428,1483
9709,A,A,*,*,58,1428,1484
9710,C,C,*,*,58,1428,1485
9711,A,A,*,*,58,1428,1486
9712,T,T,*,*,58,1428,1487
9713,G,G,*,*,58,1428,1488
9714,G,G,*,*,58,1428,1489
9715,C,C,*,*,58,1428,1490
9716,A,A,*,*,58,1428,1491
9717,C,C,*,*,58,1428,1492
9718,A,A,*,*,58,1428,1493
9719,T,T,*,*,58,1428,1494
9720,G,G,*,*,58,1428,1495
9721,T,T,*,*,58,1428,1496
9722,A,A,*,*,58,1428,1497
9723,T,T,*,*,58,1428,1498
9724,A,A,*,*,58,1428,1499
9725,C,C,*,*,58,1428,1500
9726,A,A,*,*,58,1428,1501
9727,T,T,*,*,58,1428,1502
9728,A,A,*,*,58,1428,1503
9729,T,T,*,*,58,1428,1504
9730,G,G,*,*,58,1428,1505
9731,T,T,*,*,58,1428,1506
9732,A,A,*,*,58,1428,1507
9733,A,A,*,*,58,1428,1508
9734,C,C,*,*,58,1428,1509
9735,A,T,*,*,58,1428,1510
9736,A,A,*,*,58,1428,1511
9737,A,A,*,*,58,1428,1512
9738,C,C,*,*,58,1428,1513
9739,C,C,*,*,58,1428,1514
9740,T,T,*,*,58,1428,1515
9741,G,G,*,*,58,1428,1516
9742,C,C,*,*,58,1428,1517
9743,A,A,*,*,58,1428,1518
9744,C,C,*,*,58,1428,1519
9745,G,G,*,*,58,1428,1520
9746,T,T,*,*,58,1428,1521
9747,T,T,*,*,58,1428,1522
9748,G,G,*,*,58,1428,1523
9749,T,T,*,*,58,1428,1524
9750,G,G,*,*,58,1428,1525
9751,C,C,*,*,58,1428,1526
9752,A,A,*,*,58,1428,1527
9753,C,C,*,*,58,1428,1528
9754,A,G,*,*,58,1428,1529
9755,T,T,*,*,58,1428,1530
9756,G,G,*,*,58,1428,1531
9757,T,T,*,*,58,1428,1532
9758,A,A,*,*,58,1428,1533
9759,C,C,*,*,58,1428,1534
9760,C,C,*,*,58,1428,1535
9761,C,C,*,*,58,1428,1536
9762,T,T,*,*,58,1428,1537
9763,A,A,*,*,58,1428,1538
9764,A,A,*,*,58,1428,1539
9765,A,A,*,*,58,1428,1540
9766,A,A,*,*,58,1428,1541
9767,C,C,*,*,58,1428,1542
9768,T,T,*,*,58,1428,1543
9769,T,T,*,*,58,1428,1544
9770,A,A,*,*,58,1428,1545
9771,A,A,*,*,58,1428,1546
9772,A,A,*,*,58,1428,1547
9773,G,G,*,*,58,1428,1548
9774,T,T,*,*,58,1428,1549
9775,A,A,*,*,58,1428,1550
9776,T,T,*,*,58,1428,1551
9777,A,A,*,*,58,1428,1552
9778,A,A,*,*,58,1428,1553
9779,T,T,*,*,58,1428,1554
9780,A,T,*,*,58,1428,1555
9781,A,T,*,*,58,1428,1556
9782,A,A,*,*,58,1428,1557
9783,A,A,*,*,58,1428,1558
9784,A,A,*,*,58,1428,1559
9785,A,A,*,*,58,1428,1560
9786,A,A,*,*,58,1428,1561
9788,A,C,*,*,58,1429,1562
9789,A,A,*,*,58,1429,1563
9790,A,A,*,*,58,1429,1564
9791,A,A,*,*,58,1429,1565
9792,A,A,*,*,58,1436,1566
9831,G,G,A,A,59,1436,1566
10008,A,A,-,-,59,1460,1567
10971,A,A,T,T,60,1536,1567
11059,C,C,T,T,61,1540,1567
11097,A,A,G,G,62,1540,1567
11255,C,C,T,T,63,1554,1567
11361,C,C,A,A,64,1568,1567
12263,A,A,C,G,65,1601,1567
12264,G,G,-,-,65,1601,1568
12265,A,A,-,-,65,1601,1569
12266,A,A,-,-,65,1601,1570
12267,A,A,-,-,65,1608,1571
12269,G,G,A,A,66,1608,1571
12382,T,T,G,A,67,1617,1571
12422,G,G,A,A,68,1641,1571
12626,A,A,T,T,69,1888,1571
12872,T,T,C,C,70,1911,1571
12907,G,G,C,A,71,1911,1571
12919,G,G,A,A,72,1911,1571
13098,C,C,T,T,73,1963,1571
13127,C,C,T,T,74,1963,1571
13142,-,-,T,T,74,1965,1571
13142,-,-,G,G,74,1966,1571
13142,-,-,G,G,74,1967,1571
13142,-,-,G,A,74,1968,1571
13142,-,-,G,A,74,1969,1571
13142,-,-,A,A,74,1970,1571
13142,-,-,G,G,74,1971,1571
13142,-,-,G,G,74,1972,1571
13142,-,-,T,G,74,1973,1571
13212,C,C,T,T,75,1976,1571
13305,A,A,T,T,76,1977,1571
13308,A,A,G,G,77,1977,1571
13337,-,-,A,A,77,2001,1571
13345,-,-,A,A,77,2005,1571
13345,-,-,A,A,77,2006,1571
13345,-,-,A,A,77,2007,1571
13345,-,-,A,A,77,2008,1571
13345,-,-,A,A,77,2009,1571
13345,-,-,A,A,77,2010,1571
13345,-,-,T,T,77,2011,1571
13385,G,G,A,A,78,2017,1571
13493,A,A,G,G,79,2022,1571
13615,G,G,A,A,80,2044,1571
13716,-,-,G,A,80,2218,1571
13716,-,-,G,A,80,2240,1571
13716,-,-,C,A,80,2241,1571
13716,-,-,A,G,80,2242,1571
13716,-,-,G,G,80,2243,1571
13716,-,-,A,A,80,2244,1571
13716,-,-,A,A,80,2245,1571
13716,-,-,A,G,80,2246,1571
13716,-,-,T,C,80,2247,1571
13716,-,-,A,C,80,2248,1571
13738,A,A,C,C,81,2257,1571
13858,G,G,A,A,82,2268,1571
13987,T,T,A,A,83,2310,1571
13989,A,A,-,-,83,2321,1572
13995,G,G,T,T,84,2321,1572
14014,G,G,A,C,85,2321,1572
14107,G,G,A,A,86,2330,1572
14156,G,G,C,C,87,2340,1572
14258,A,A,G,G,88,2359,1572
14816,T,T,A,A,89,2386,1572
14817,T,T,A,A,90,2386,1572
14885,-,-,G,G,90,2402,1572
14935,C,C,T,T,91,2409,1572
15584,G,G,A,A,92,2438,1572
15708,G,G,A,A,93,2504,1572
15919,T,T,G,C,94,2514,1572
16182,C,C,T,A,95,2590,1572
16377,C,C,A,A,96,2646,1572
16933,G,G,A,A,97,2666,1572
17317,C,C,T,T,98,2668,1572
17440,G,A,-,-,98,2680,1573
17583,C,C,G,T,99,2735,1573
17621,A,A,G,G,100,2743,1573
17755,-,-,C,C,100,2768,1573
18251,C,C,T,A,101,2819,1573
18949,T,T,C,C,102,2867,1573
19074,G,G,A,C,103,2872,1573
19075,C,C,T,A,104,2872,1573
19181,A,A,T,T,105,2888,1573
19194,T,T,C,C,106,2888,1573
19283,G,G,A,A,107,2894,1573
19411,C,C,G,A,108,2900,1573
19466,C,C,G,G,109,2951,1573
19546,G,G,A,A,110,2968,1573
19593,A,A,G,G,111,2980,1573
19802,G,G,A,A,112,3067,1573
19914,T,T,G,G,113,3095,1573
20153,G,G,A,A,114,3107,1573
20197,G,G,A,A,115,3107,1573
20234,A,A,C,C,116,3108,1573
20284,C,C,T,T,117,3113,1573
20340,C,C,G,T,118,3117,1573
20347,A,A,G,G,119,3121,1573
20518,C,C,G,T,120,3157,1573
20694,A,A,G,G,121,3169,1573
20780,A,A,G,G,122,3181,1573
20838,T,T,C,C,123,3195,1573
20890,T,T,A,A,124,3202,1573
20902,G,G,T,A,125,3202,1573
20947,T,T,C,C,126,3205,1573
20948,G,G,T,A,127,3205,1573
21137,G,G,A,A,128,3244,1573
21898,T,T,C,C,129,3408,1573
21967,A,A,T,T,130,3416,1573
22013,T,T,G,C,131,3442,1573
22053,A,A,G,G,132,3444,1573
22054,G,G,A,A,133,3444,1573
22066,T,T,C,C,134,3444,1573
22135,T,T,C,C,135,3480,1573
22183,G,G,A,A,136,3486,1573
22249,A,A,C,C,137,3497,1573
22399,-,-,C,A,137,3524,1573
22399,-,-,A,A,137,3525,1573
22399,-,-,A,A,137,3526,1573
22399,-,-,C,A,137,3527,1573
22399,-,-,A,G,137,3528,1573
22399,-,-,A,A,137,3529,1573
22399,-,-,C,A,137,3530,1573
22637,C,C,G,G,138,3563,1573
22679,C,C,G,G,139,3567,1573
22692,G,G,C,C,140,3567,1573
22722,C,C,T,T,141,3567,1573
22775,G,G,A,A,142,3567,1573
22929,C,C,T,T,143,3569,1573
22950,A,A,G,G,144,3569,1573
23015,C,C,T,T,145,3569,1573
23155,G,G,T,A,146,3575,1573
23164,A,A,G,G,147,3575,1573
23256,T,T,A,A,148,3582,1573
23258,T,T,C,C,149,3583,1573
23288,A,A,G,G,150,3594,1573
23394,G,G,T,T,151,3617,1573
23429,C,T,*,*,151,3651,1574
23430,A,G,*,*,151,3651,1575
23734,A,A,-,-,151,3720,1576
23749,A,A,G,T,152,3720,1576
23813,G,G,A,A,153,3795,1576
23895,T,T,-,-,153,3823,1577
24012,T,T,A,A,154,3825,1577
24059,C,C,A,A,155,3834,1577
24233,A,A,G,G,156,3852,1577
24847,A,A,-,-,156,3907,1578
24848,G,G,-,-,156,3907,1579
24912,T,T,-,-,156,3912,1580
24913,C,C,-,-,156,3912,1581
24918,C,T,-,-,156,3912,1582
24919,C,C,-,-,156,3912,1583
24920,C,T,-,-,156,3912,1584
25191,T,T,A,A,157,3997,1584
25266,C,C,T,T,158,3998,1584
25267,A,A,G,G,159,3998,1584
25324,C,C,T,T,160,3998,1584
25328,A,A,C,C,161,3998,1584
25427,-,-,A,A,161,4006,1584
25427,-,-,T,A,161,4007,1584
25427,-,-,T,T,161,4008,1584
25427,-,-,A,A,161,4010,1584
25427,-,-,A,A,161,4011,1584
25427,-,-,A,A,161,4012,1584
25427,-,-,A,A,161,4013,1584
25427,-,-,A,A,161,4014,1584
25427,-,-,T,A,161,4015,1584
25431,-,-,A,T,161,4016,1584
25431,-,-,A,A,161,4017,1584
25431,-,-,A,A,161,4018,1584
25431,-,-,A,A,161,4019,1584
25431,-,-,T,T,161,4020,1584
25431,-,-,A,A,161,4021,1584
25431,-,-,G,G,161,4023,1584
25644,T,T,C,C,162,4041,1584
25647,G,G,A,A,163,4041,1584
25669,T,T,-,-,163,4044,1585
25691,A,A,G,G,164,4044,1585
25741,T,T,C,C,165,4048,1585
25751,C,C,T,T,166,4048,1585
25767,T,T,A,A,167,4048,1585
25833,G,G,A,A,168,4050,1585
25906,C,C,T,T,169,4055,1585
26047,A,A,G,G,170,4101,1585
26299,-,-,T,T,170,4169,1585
26299,-,-,C,C,170,4170,1585
26299,-,-,A,A,170,4171,1585
26314,A,A,T,G,171,4171,1585
26389,C,C,T,T,172,4171,1585
26574,G,G,A,A,173,4172,1585
26580,A,A,G,G,174,4172,1585
26637,C,C,G,T,175,4174,1585
26862,G,G,C,T,176,4186,1585
26928,G,G,T,T,177,4210,1585
