9,A,A,G,C,1,0,0
49,A,A,-,-,1,13,1
50,C,C,-,-,1,13,2
51,A,A,-,-,1,13,3
52,C,C,-,-,1,13,4
146,G,G,A,A,2,56,4
167,A,A,T,T,3,58,4
277,T,T,G,C,4,76,4
449,G,G,A,A,5,81,4
456,G,G,T,A,6,81,4
541,G,G,C,C,7,82,4
555,A,A,C,C,8,87,4
558,A,A,G,G,9,87,4
738,T,T,C,A,10,135,4
817,C,C,A,G,11,142,4
866,A,A,C,C,12,247,4
897,C,C,G,G,13,247,4
929,A,A,G,G,14,252,4
1002,T,T,A,A,15,279,4
1015,G,G,C,C,16,279,4
1070,T,T,C,C,17,279,4
1107,C,C,T,T,18,279,4
1129,G,G,C,A,19,280,4
1235,G,G,A,A,20,280,4
1270,-,-,T,T,20,297,4
1270,-,-,T,T,20,298,4
1270,-,-,G,G,20,299,4
1270,-,-,C,C,20,300,4
1270,-,-,T,T,20,303,4
1270,-,-,T,T,20,304,4
1270,-,-,G,G,20,305,4
1270,-,-,C,T,20,306,4
1270,-,-,T,T,20,307,4
1308,C,C,T,T,21,322,4
1309,A,A,G,G,22,322,4
1315,A,A,G,G,23,322,4
1348,A,A,T,T,24,322,4
1363,T,T,C,C,25,322,4
1370,-,-,C,C,25,323,4
1409,A,A,C,C,26,323,4
1506,G,G,A,A,27,340,4
1544,A,A,C,G,28,340,4
1549,C,C,T,A,29,340,4
1684,T,T,C,C,30,356,4
1718,A,A,G,G,31,356,4
1719,C,C,A,A,32,356,4
1762,T,T,C,C,33,357,4
1778,C,C,T,T,34,358,4
1817,T,T,C,C,35,358,4
2099,T,T,C,C,36,406,4
2144,T,T,A,C,37,406,4
2169,G,G,A,A,38,437,4
2170,C,C,A,A,39,437,4
2207,C,C,G,G,40,437,4
2214,-,-,G,G,40,438,4
2214,-,-,T,T,40,439,4
2214,-,-,A,G,40,440,4
2214,-,-,C,C,40,441,4
2214,-,-,T,T,40,442,4
2214,-,-,A,A,40,443,4
2214,-,-,C,C,40,444,4
2214,-,-,C,C,40,445,4
2214,-,-,C,C,40,446,4
2214,-,-,T,T,40,447,4
2256,G,G,T,T,41,447,4
2258,G,G,T,T,42,447,4
2301,A,A,T,T,43,447,4
2388,C,C,T,T,44,448,4
2393,C,C,T,T,45,448,4
2418,G,G,T,A,46,452,4
2596,T,T,C,C,47,488,4
2648,A,A,G,G,48,488,4
2691,A,A,G,G,49,488,4
2708,G,G,A,A,50,573,4
2714,C,C,A,A,51,573,4
2982,A,A,G,G,52,595,4
3026,T,T,C,A,53,598,4
3089,C,C,T,T,54,620,4
3189,A,A,G,G,55,620,4
3228,T,T,C,C,56,620,4
3298,-,-,G,G,56,632,4
3298,-,-,G,G,56,633,4
3329,T,T,C,C,57,639,4
3330,G,G,A,A,58,639,4
3712,G,G,A,A,59,667,4
3755,T,T,C,C,60,667,4
3812,T,T,C,C,61,667,4
3827,T,T,C,C,62,668,4
4194,C,C,T,T,63,746,4
4195,A,A,G,G,64,746,4
4259,C,C,G,G,65,749,4
4304,G,G,A,A,66,759,4
4403,A,A,G,G,67,770,4
4422,T,T,C,C,68,772,4
4685,G,G,A,A,69,782,4
4730,A,A,G,G,70,786,4
4871,-,-,T,T,70,807,4
4887,A,A,G,G,71,807,4
4939,G,G,C,C,72,919,4
5215,T,T,C,C,73,1020,4
5408,G,G,A,A,74,1068,4
5429,C,C,T,T,75,1071,4
5527,A,A,C,C,76,1072,4
5564,-,-,G,G,76,1082,4
5566,T,T,A,C,77,1082,4
5916,-,*,T,G,77,1105,4
5916,-,*,T,T,77,1106,4
5916,-,*,C,C,77,1107,4
6163,-,*,A,A,77,1175,4
6420,-,*,T,T,77,1182,4
7029,C,C,T,T,78,1241,4
7170,G,G,A,A,79,1292,4
7281,T,T,C,C,80,1322,4
7357,C,C,T,T,81,1334,4
7607,T,T,G,G,82,1350,4
7641,T,T,C,C,83,1373,4
7677,G,G,A,A,84,1400,4
7948,T,T,C,C,85,1421,4
7959,T,T,A,C,86,1421,4
8020,T,T,C,C,87,1422,4
8064,A,A,G,G,88,1429,4
8066,G,G,A,A,89,1429,4
8097,C,C,T,T,90,1431,4
8183,-,-,T,G,90,1436,4
8183,-,-,A,A,90,1437,4
8183,-,-,A,A,90,1438,4
8268,T,T,G,G,91,1446,4
8344,T,T,A,G,92,1461,4
8351,T,T,C,A,93,1461,4
8423,G,G,A,A,94,1475,4
8612,T,T,C,C,95,1486,4
8669,C,C,T,T,96,1488,4
8772,A,A,C,C,97,1528,4
8936,C,C,A,T,98,1539,4
8953,A,A,G,G,99,1541,4
9112,A,A,G,G,100,1591,4
9162,G,G,C,C,101,1597,4
9189,C,C,T,T,102,1597,4
9192,A,A,G,G,103,1604,4
9210,C,C,T,T,104,1608,4
9229,G,G,A,A,105,1611,4
9326,C,C,T,G,106,1640,4
9406,A,A,G,G,107,1669,4
9422,G,G,A,A,108,1669,4
9577,A,A,C,C,109,1710,4
9602,C,C,T,A,110,1738,4
9634,C,C,G,G,111,1742,4
9647,T,T,G,G,112,1742,4
9675,G,G,A,A,113,1743,4
9973,A,A,G,G,114,1858,4
9980,T,T,A,A,115,1865,4
10050,G,G,A,A,116,1867,4
10139,C,C,T,G,117,1891,4
10271,T,T,G,G,118,1903,4
10344,A,A,G,G,119,1911,4
10385,A,A,C,C,120,1913,4
10386,G,G,A,C,121,1913,4
10475,C,C,G,G,122,1939,4
10502,A,A,-,-,122,1941,5
10503,C,C,-,-,122,1941,6
10504,C,T,-,-,122,1941,7
10601,G,G,A,A,123,2027,7
10631,T,T,G,C,124,2031,7
10681,C,C,A,A,125,2032,7
10850,T,T,G,G,126,2050,7
11045,G,G,T,T,127,2110,7
11126,T,T,C,C,128,2131,7
11147,A,A,C,C,129,2132,7
11155,A,A,G,G,130,2132,7
11318,A,A,G,G,131,2157,7
11324,A,A,G,G,132,2159,7
11327,G,G,T,T,133,2159,7
11395,A,A,C,C,134,2167,7
11637,G,G,T,T,135,2210,7
11817,T,T,C,C,136,2268,7
11871,A,A,G,G,137,2291,7
12016,G,G,T,T,138,2315,7
12057,G,G,C,C,139,2331,7
12224,A,T,-,-,139,2353,8
12225,G,G,-,-,139,2353,9
12226,G,G,A,A,140,2356,9
12229,T,T,*,*,140,2357,10
12230,G,G,*,*,140,2357,11
12231,T,T,*,*,140,2357,12
12232,T,G,*,*,140,2357,13
12233,G,G,*,-,140,2357,14
12316,A,A,C,C,141,2366,14
12346,A,A,C,G,142,2404,14
12375,T,T,G,G,143,2413,14
12484,T,T,C,C,144,2475,14
12494,C,C,G,G,145,2477,14
12612,C,C,G,G,146,2480,14
12662,A,A,T,T,147,2497,14
12715,A,A,T,T,148,2547,14
12758,C,C,T,T,149,2549,14
12954,C,C,G,G,150,2567,14
13170,T,T,C,C,151,2582,14
13386,A,A,G,G,152,2582,14
13479,T,T,A,C,153,2582,14
13621,C,C,-,-,153,2593,15
13659,T,T,C,C,154,2599,15
13689,T,T,G,G,155,2603,15
13762,C,C,T,A,156,2607,15
13797,G,G,C,C,157,2617,15
13888,A,A,G,G,158,2626,15
13903,T,T,A,C,159,2626,15
13908,C,C,T,T,160,2642,15
13916,C,C,G,T,161,2646,15
14046,T,T,C,C,162,2718,15
14167,T,T,-,-,162,2780,16
14174,T,T,-,-,162,2780,17
14194,G,G,A,A,163,2784,17
14333,C,C,T,T,164,2818,17
14432,G,G,A,A,165,2822,17
14795,A,A,-,*,165,2852,18
14796,G,G,-,*,165,2852,19
14797,G,G,-,*,165,2852,20
14798,T,C,-,*,165,2852,21
14799,G,A,-,*,165,2852,22
14800,T,T,-,*,165,2852,23
14801,G,G,-,*,165,2852,24
15723,-,-,T,T,165,2947,24
15723,-,-,T,T,165,2948,24
15780,G,G,T,T,166,2956,24
16020,G,G,A,T,167,2976,24
16274,G,G,A,A,168,3097,24
16457,G,G,A,A,169,3151,24
16461,A,A,T,G,170,3152,24
16550,A,A,G,G,171,3169,24
16599,T,T,C,A,172,3170,24
16697,C,C,T,T,173,3237,24
16698,A,A,G,G,174,3237,24
16878,A,A,G,G,175,3262,24
16894,T,T,C,C,176,3265,24
17100,T,T,C,C,177,3296,24
17329,A,A,G,T,178,3343,24
17401,G,G,A,A,179,3354,24
17461,A,A,G,T,180,3370,24
17616,T,T,C,C,181,3396,24
17658,A,A,T,T,182,3410,24
17672,G,G,T,T,183,3410,24
18112,C,C,G,G,184,3439,24
18134,C,C,T,T,185,3440,24
18186,T,T,C,C,186,3446,24
18222,A,A,G,G,187,3449,24
18410,A,A,C,G,188,3463,24
18430,T,T,C,C,189,3463,24
18647,T,T,G,G,190,3533,24
18662,A,A,G,C,191,3533,24
18699,A,A,C,C,192,3542,24
18977,A,A,G,G,193,3558,24
19061,T,T,C,C,194,3589,24
19071,G,G,A,A,195,3589,24
19074,A,A,G,G,196,3589,24
19080,T,T,C,C,197,3590,24
19151,G,G,A,C,198,3596,24
19160,G,G,-,-,198,3596,25
19175,C,C,T,T,199,3597,25
19234,C,C,T,T,200,3599,25
19294,A,A,C,T,201,3608,25
19295,T,T,C,C,202,3608,25
19441,C,C,G,G,203,3613,25
19442,C,C,G,T,204,3613,25
19661,C,C,T,T,205,3647,25
19805,T,T,C,G,206,3654,25
19818,C,C,T,A,207,3682,25
20069,-,-,T,A,207,3808,25
20069,-,-,A,C,207,3809,25
20151,G,G,A,A,208,3816,25
20300,G,G,A,A,209,3824,25
20358,G,G,C,A,210,3825,25
20377,A,A,G,G,211,3826,25
20483,T,T,C,C,212,3865,25
20561,C,C,T,T,213,3870,25
20562,A,A,G,G,214,3870,25
20620,C,C,G,G,215,3879,25
20696,C,C,A,G,216,3879,25
20697,A,A,G,G,217,3879,25
20787,G,G,A,A,218,3893,25
20869,A,A,C,C,219,3893,25
20880,A,A,G,G,220,3893,25
21023,A,A,C,C,221,3946,25
21025,G,G,A,A,222,3946,25
21049,-,-,T,T,222,3947,25
21099,G,G,C,A,223,3961,25
21259,A,A,C,C,224,4070,25
21345,A,A,C,C,225,4079,25
21420,T,T,C,C,226,4099,25
21440,G,G,T,T,227,4162,25
21478,C,C,T,T,228,4165,25
21648,T,T,C,A,229,4172,25
21660,T,T,A,A,230,4172,25
21734,A,A,G,C,231,4178,25
22074,A,A,-,*,231,4209,26
22075,T,T,-,*,231,4209,27
22076,A,A,-,*,231,4209,28
22077,A,A,-,*,231,4209,29
22078,T,T,-,*,231,4209,30
22079,A,A,-,*,231,4209,31
22140,A,A,T,T,232,4213,31
22165,G,G,A,A,233,4216,31
22173,G,G,A,A,234,4216,31
22330,T,T,-,*,234,4233,32
22331,A,A,-,*,234,4233,33
22738,C,C,T,A,235,4301,33
22821,T,T,C,C,236,4352,33
22899,T,T,-,-,236,4356,34
22900,C,C,-,-,236,4356,35
22901,C,C,-,-,236,4356,36
22902,C,C,-,-,236,4356,37
22903,A,A,-,-,236,4356,38
22904,G,G,-,-,236,4356,39
22905,A,A,-,-,236,4356,40
22906,G,G,-,-,236,4356,41
22907,C,C,-,-,236,4356,42
22908,C,C,-,-,236,4356,43
22909,C,C,-,-,236,4356,44
22910,T,T,-,-,236,4356,45
22911,C,C,-,-,236,4356,46
22912,C,C,-,-,236,4356,47
23010,T,T,-,*,236,4370,48
23011,A,A,-,*,236,4370,49
23226,T,T,C,C,237,4391,49
23251,T,T,C,C,238,4395,49
23438,G,G,A,A,239,4445,49
23655,T,T,G,G,240,4488,49
23851,G,G,A,C,241,4534,49
23897,G,G,A,A,242,4535,49
23941,T,T,-,*,242,4535,50
24057,A,A,-,*,242,4540,51
24210,G,G,*,*,242,4549,52
24211,A,A,*,*,242,4549,53
24212,C,A,*,*,242,4549,54
24552,T,T,-,*,242,4591,55
24553,T,T,-,*,242,4591,56
24554,C,C,-,*,242,4591,57
24555,C,C,-,*,242,4591,58
25488,T,T,-,*,242,4753,59
25852,A,A,-,*,242,4786,60
25853,C,C,-,*,242,4786,61
26385,C,C,-,*,242,4962,62
26386,T,T,-,*,242,4962,63
26387,T,T,-,*,242,4962,64
26388,A,A,-,*,242,4962,65
26389,C,C,-,*,242,4962,66
26871,G,G,*,*,242,5003,67
26872,G,G,*,*,242,5003,68
26873,T,T,*,*,242,5003,69
26874,G,G,*,*,242,5003,70
26875,A,A,*,*,242,5003,71
26876,A,A,*,*,242,5003,72
26877,A,A,*,*,242,5003,73
26878,C,C,*,*,242,5003,74
26879,A,A,*,*,242,5003,75
26880,G,T,*,*,242,5003,76
26881,T,T,*,*,242,5003,77
26882,T,T,*,*,242,5003,78
26883,T,T,*,*,242,5003,79
26884,G,G,*,*,242,5003,80
26885,G,A,*,*,242,5003,81
26886,A,A,*,*,242,5003,82
26887,C,C,*,*,242,5003,83
26888,T,T,*,*,242,5003,84
26889,G,G,*,*,242,5003,85
26890,T,T,*,*,242,5003,86
26891,T,T,*,*,242,5003,87
26892,A,G,*,*,242,5003,88
26893,T,T,*,*,242,5003,89
26894,C,C,*,*,242,5003,90
26895,T,T,*,*,242,5003,91
26896,A,A,*,*,242,5003,92
26897,A,A,*,*,242,5003,93
26898,A,A,*,*,242,5003,94
26899,G,G,*,*,242,5003,95
26900,A,A,*,*,242,5003,96
26901,C,T,*,*,242,5003,97
26902,A,A,*,*,242,5003,98
26903,A,A,*,*,242,5003,99
26904,A,A,*,*,242,5003,100
26905,C,C,*,*,242,5003,101
26906,T,T,*,*,242,5003,102
26907,C,C,*,*,242,5003,103
26908,C,C,*,*,242,5003,104
26909,A,A,*,*,242,5003,105
26910,C,C,*,*,242,5003,106
26911,A,A,*,*,242,5003,107
26912,G,G,*,*,242,5003,108
26913,T,T,*,*,242,5003,109
26914,G,G,*,*,242,5003,110
26915,G,G,*,*,242,5003,111
26916,G,G,*,*,242,5003,112
26917,G,G,*,*,242,5003,113
26918,A,A,*,*,242,5003,114
26919,A,A,*,*,242,5003,115
26920,G,G,*,*,242,5003,116
26921,G,G,*,*,242,5003,117
26922,T,T,*,*,242,5003,118
26923,C,C,*,*,242,5003,119
26924,A,A,*,*,242,5003,120
26925,C,C,*,*,242,5003,121
26926,A,A,*,*,242,5003,122
26927,T,T,*,*,242,5003,123
26928,T,T,*,*,242,5003,124
26929,G,G,*,*,242,5003,125
26930,A,A,*,*,242,5006,126
26931,T,T,*,*,242,5006,127
26932,C,C,*,*,242,5006,128
26933,C,C,*,*,242,5006,129
26934,C,C,*,*,242,5006,130
26935,A,A,*,*,242,5006,131
26936,C,C,*,*,242,5006,132
26937,C,C,*,*,242,5006,133
26938,A,A,*,*,242,5006,134
26939,G,G,*,*,242,5006,135
26940,G,G,*,*,242,5006,136
26941,G,G,*,*,242,5006,137
26942,C,C,*,*,242,5006,138
26943,T,T,*,*,242,5006,139
26944,A,A,*,*,242,5006,140
26945,T,T,*,*,242,5006,141
26946,C,C,*,*,242,5006,142
26947,T,T,*,*,242,5006,143
26948,G,G,*,*,242,5006,144
26949,G,G,*,*,242,5006,145
26950,G,G,*,*,242,5006,146
26951,T,T,*,*,242,5006,147
26952,C,C,*,*,242,5006,148
26953,C,C,*,*,242,5006,149
26954,T,T,*,*,242,5006,150
26955,G,G,*,*,242,5006,151
26956,T,T,*,*,242,5006,152
26957,G,G,*,*,242,5006,153
26958,G,G,*,*,242,5006,154
26959,T,T,*,*,242,5006,155
26960,C,C,*,*,242,5006,156
26961,A,A,*,*,242,5019,157
26962,A,A,*,*,242,5019,158
26963,G,G,*,*,242,5019,159
26964,G,G,*,*,242,5019,160
26965,T,T,*,*,242,5019,161
26966,G,G,*,*,242,5019,162
26967,G,G,*,*,242,5019,163
26968,C,C,*,*,242,5019,164
26969,A,A,*,*,242,5019,165
26970,C,C,*,*,242,5019,166
26971,C,C,*,*,242,5019,167
26972,A,A,*,*,242,5019,168
26973,T,T,*,*,242,5019,169
26974,C,C,*,*,242,5019,170
26975,C,C,*,*,242,5019,171
26976,T,T,*,*,242,5032,172
26977,C,C,*,*,242,5032,173
26978,A,A,*,*,242,5032,174
26979,T,T,*,*,242,5032,175
26980,G,G,*,*,242,5032,176
26981,G,G,*,*,242,5032,177
26982,T,T,*,*,242,5032,178
26983,C,T,*,*,242,5032,179
27357,C,C,*,-,242,5076,180
27358,A,A,*,-,242,5076,181
27359,G,G,*,-,242,5076,182
27360,A,A,*,-,242,5076,183
27361,G,G,*,-,242,5076,184
27362,T,A,*,-,242,5076,185
