92,C,C,T,T,1,9,0
219,G,G,A,A,2,29,0
316,T,T,C,C,3,72,0
362,C,C,A,A,4,127,0
390,C,C,T,T,5,157,0
443,A,A,C,C,6,157,0
491,G,G,A,A,7,158,0
594,A,A,G,G,8,178,0
828,T,T,C,C,9,378,0
1060,G,G,*,-,9,469,1
1131,C,C,*,-,9,474,2
1132,A,A,*,-,9,474,3
1133,A,A,*,-,9,474,4
1134,C,C,*,-,9,474,5
1135,A,A,*,-,9,474,6
1136,A,A,*,-,9,474,7
1960,G,G,*,-,9,836,8
1961,G,G,*,-,9,836,9
1962,G,G,*,-,9,836,10
1963,C,C,*,-,9,836,11
1964,A,A,*,-,9,836,12
1965,A,A,*,-,9,836,13
1966,G,G,*,-,9,836,14
1967,G,A,*,-,9,836,15
1968,G,C,*,-,9,836,16
1969,G,A,*,-,9,836,17
1970,C,G,*,-,9,836,18
1971,A,A,*,-,9,836,19
1972,G,G,*,-,9,836,20
1973,G,G,*,-,9,836,21
2020,G,C,*,-,9,877,22
2028,A,G,*,-,9,880,23
2105,T,T,*,*,9,963,24
2106,T,T,*,*,9,963,25
2107,T,T,*,*,9,963,26
2108,T,A,*,*,9,963,27
2109,T,A,*,*,9,963,28
2110,T,A,*,*,9,963,29
2111,T,A,*,-,9,969,30
2112,A,A,*,-,9,969,31
2130,T,T,*,-,9,975,32
2164,A,C,*,-,9,975,33
2165,G,G,*,-,9,975,34
2166,T,T,*,-,9,975,35
2167,G,G,*,-,9,975,36
2168,C,C,*,-,9,975,37
2169,A,A,*,-,9,975,38
2170,G,G,*,-,9,975,39
2171,T,T,*,-,9,975,40
2172,G,G,*,-,9,975,41
2173,G,G,*,-,9,975,42
2174,T,T,*,-,9,975,43
2175,G,G,*,-,9,975,44
2176,C,T,*,-,9,975,45
2177,A,A,*,-,9,975,46
2178,A,A,*,-,9,975,47
2185,C,C,*,-,9,975,48
2186,T,T,*,-,9,975,49
2187,C,C,*,-,9,975,50
2188,A,A,*,-,9,975,51
2189,T,T,*,-,9,975,52
2190,T,T,*,-,9,975,53
2191,G,G,*,-,9,975,54
2192,C,C,*,-,9,975,55
2193,A,A,*,-,9,975,56
2194,A,A,*,-,9,975,57
2195,C,C,*,-,9,975,58
2196,C,C,*,-,9,975,59
2197,T,T,*,-,9,975,60
2198,C,C,*,-,9,975,61
2199,C,C,*,-,9,975,62
2200,A,A,*,-,9,975,63
2328,A,A,G,G,10,976,63
2366,G,G,A,A,11,976,63
2512,C,C,A,T,12,981,63
2529,C,C,T,T,13,1031,63
2634,G,G,*,*,13,1072,64
2635,A,A,*,*,13,1072,65
2636,G,A,*,*,13,1072,66
2637,C,C,*,*,13,1072,67
2737,T,T,*,*,13,1080,68
2738,T,T,*,*,13,1080,69
2739,T,T,*,*,13,1080,70
2740,T,T,*,*,13,1080,71
2741,T,T,*,*,13,1080,72
2742,T,T,*,*,13,1080,73
2743,T,T,*,*,13,1080,74
2744,T,T,*,*,13,1080,75
2745,T,T,*,*,13,1080,76
2983,C,C,-,*,13,1131,77
3594,G,G,A,A,14,1151,77
3626,T,T,C,C,15,1157,77
3990,G,G,*,-,15,1181,78
4003,T,T,*,-,15,1185,79
4004,T,T,*,-,15,1185,80
4005,A,A,*,-,15,1185,81
4006,A,T,*,-,15,1185,82
4007,T,T,*,-,15,1185,83
4008,T,T,*,-,15,1185,84
4009,T,T,*,-,15,1185,85
4010,T,T,*,-,15,1185,86
4011,A,A,*,-,15,1185,87
4012,A,A,*,-,15,1185,88
4021,T,T,*,-,15,1189,89
4022,T,T,*,-,15,1189,90
4023,A,T,*,-,15,1189,91
4027,T,T,*,-,15,1189,92
4028,A,A,*,-,15,1189,93
4029,T,T,*,-,15,1189,94
4030,T,T,*,-,15,1189,95
4031,T,T,*,-,15,1189,96
4032,A,A,*,-,15,1189,97
4033,T,T,*,-,15,1189,98
4034,T,T,*,-,15,1189,99
4050,G,G,*,-,15,1189,100
4051,A,A,*,-,15,1189,101
4105,C,C,*,-,15,1189,102
4106,T,T,*,-,15,1189,103
4107,T,T,*,-,15,1189,104
4172,A,A,*,-,15,1189,105
4242,C,C,*,-,15,1189,106
4243,G,G,*,-,15,1189,107
4244,A,A,*,-,15,1189,108
4245,A,A,*,-,15,1189,109
4246,C,C,*,-,15,1189,110
4247,T,T,*,-,15,1189,111
4248,G,G,*,-,15,1189,112
4249,A,A,*,-,15,1189,113
4250,C,C,*,-,15,1189,114
4251,C,C,*,-,15,1189,115
4252,T,T,*,-,15,1189,116
4253,C,C,*,-,15,1189,117
4254,A,A,*,-,15,1189,118
4255,G,G,*,-,15,1189,119
4256,G,G,*,-,15,1189,120
4345,G,G,*,*,15,1200,121
4346,C,C,*,*,15,1200,122
4347,A,A,*,*,15,1200,123
4348,G,G,*,*,15,1200,124
4349,A,A,*,*,15,1200,125
4350,C,C,*,*,15,1200,126
4351,A,A,*,*,15,1200,127
4352,C,C,*,*,15,1200,128
4353,T,C,*,*,15,1200,129
4354,G,G,*,*,15,1200,130
4355,T,T,*,*,15,1200,131
4356,A,A,*,*,15,1200,132
4357,A,A,*,*,15,1200,133
4358,T,T,*,*,15,1200,134
4359,C,C,*,*,15,1200,135
4360,A,A,*,*,15,1200,136
4361,G,G,*,*,15,1200,137
4362,G,G,*,*,15,1200,138
4363,T,T,*,*,15,1200,139
4364,G,G,*,*,15,1200,140
4365,T,T,*,*,15,1200,141
4366,C,C,*,*,15,1200,142
4367,T,T,*,*,15,1200,143
4368,A,A,*,*,15,1200,144
4369,T,T,*,*,15,1200,145
4370,A,A,*,*,15,1200,146
4371,G,G,*,*,15,1200,147
4372,A,A,*,*,15,1200,148
4373,A,A,*,*,15,1200,149
4374,G,G,*,*,15,1200,150
4375,T,T,*,*,15,1200,151
4376,C,C,*,*,15,1200,152
4377,A,A,*,*,15,1200,153
4378,A,A,*,*,15,1200,154
4379,A,A,*,*,15,1200,155
4380,T,C,*,*,15,1200,156
4381,C,C,*,*,15,1200,157
4382,T,T,*,*,15,1200,158
4383,T,T,*,*,15,1200,159
4384,T,T,*,*,15,1200,160
8893,G,G,A,A,16,1440,160
9056,G,G,A,A,17,1466,160
9131,A,A,T,T,18,1500,160
9292,A,A,G,G,19,1512,160
9295,T,T,C,C,20,1512,160
9392,C,C,-,-,20,1549,161
9393,A,A,-,-,20,1549,162
9394,C,C,-,-,20,1549,163
9468,T,T,C,C,21,1555,163
9473,-,-,C,T,21,1556,163
9499,G,G,A,A,22,1556,163
9512,A,A,G,G,23,1557,163
9570,A,A,-,-,23,1559,164
9571,A,A,-,-,23,1559,165
9572,A,A,-,-,23,1559,166
9573,C,C,-,-,23,1575,167
9574,A,A,-,-,23,1575,168
9575,A,A,-,-,23,1575,169
9582,C,C,T,T,24,1575,169
9648,A,A,G,G,25,1575,169
9736,A,A,G,G,26,1580,169
9806,A,A,G,C,27,1584,169
9927,A,A,G,G,28,1689,169
10024,G,G,A,A,29,1726,169
10070,T,T,C,C,30,1740,169
10077,G,G,C,C,31,1740,169
10083,C,C,G,G,32,1740,169
10098,T,T,C,C,33,1740,169
10141,T,T,G,A,34,1740,169
10191,T,T,C,C,35,1746,169
10242,G,G,T,C,36,1756,169
10273,T,T,C,C,37,1756,169
10313,T,T,C,C,38,1756,169
10351,A,A,G,G,39,1765,169
10354,G,G,C,C,40,1765,169
10355,G,G,C,A,41,1765,169
10378,A,A,G,G,42,1766,169
10413,T,T,C,C,43,1769,169
10457,T,T,G,G,44,1787,169
10484,T,T,G,G,45,1787,169
10498,C,C,T,T,46,1789,169
10501,G,G,A,A,47,1789,169
10547,C,T,-,-,47,1789,170
10548,C,C,-,-,47,1789,171
10550,C,C,A,A,48,1789,171
10551,A,A,G,G,49,1789,171
10619,T,T,G,G,50,1791,171
10657,T,T,C,C,51,1795,171
10660,A,A,G,G,52,1795,171
10665,A,A,C,C,53,1798,171
10667,C,C,T,T,54,1798,171
10686,C,C,A,T,55,1800,171
10690,C,C,A,T,56,1800,171
10843,A,A,G,G,57,1833,171
10902,A,T,-,*,57,1845,172
10903,C,G,-,*,57,1845,173
10904,G,G,-,*,57,1845,174
10905,G,G,-,*,57,1845,175
11716,C,C,-,*,57,1873,176
11717,A,A,-,*,57,1873,177
11718,A,A,-,*,57,1873,178
11719,C,C,-,*,57,1873,179
11720,A,A,-,*,57,1873,180
11721,A,A,-,*,57,1873,181
11722,A,A,-,*,57,1873,182
11723,A,A,-,*,57,1873,183
11872,A,A,T,C,58,1875,183
11911,G,G,A,A,59,1875,183
11912,T,T,G,G,60,1875,183
11920,A,A,G,G,61,1875,183
11926,A,A,G,G,62,1875,183
11967,T,T,C,C,63,1893,183
11975,G,G,C,C,64,1920,183
11986,T,T,C,C,65,1920,183
11995,T,T,C,C,66,1930,183
12115,A,A,*,*,66,1939,184
12116,G,G,*,*,66,1939,185
12117,T,T,*,*,66,1939,186
12118,T,T,*,*,66,1939,187
12119,G,T,*,-,66,1939,188
12254,T,T,C,C,67,1953,188
12255,G,G,A,A,68,1953,188
12275,-,-,G,G,68,1954,188
12280,G,G,C,C,69,1954,188
12286,T,T,C,C,70,1954,188
12329,G,G,A,A,71,1958,188
12348,T,T,C,C,72,1966,188
12349,T,T,C,C,73,1966,188
12401,G,G,C,A,74,1966,188
12409,C,C,T,T,75,1966,188
12410,C,C,G,T,76,1966,188
12432,G,G,A,A,77,1966,188
12471,T,T,C,C,78,1966,188
12722,C,C,G,G,79,2040,188
12888,A,A,C,C,80,2071,188
12903,A,A,G,G,81,2071,188
12916,A,A,C,C,82,2071,188
12971,T,T,C,A,83,2107,188
13064,C,C,T,T,84,2131,188
13070,-,-,G,G,84,2132,188
13070,-,-,T,T,84,2133,188
13070,-,-,T,T,84,2134,188
13070,-,-,G,C,84,2135,188
13110,T,T,G,G,85,2143,188
13339,A,A,T,T,86,2170,188
13350,A,A,G,G,87,2170,188
13410,G,G,A,T,88,2201,188
13466,C,C,G,T,89,2202,188
13467,A,A,G,G,90,2202,188
13608,G,G,A,A,91,2239,188
13859,A,A,G,G,92,2255,188
13893,C,C,T,T,93,2255,188
15228,C,C,A,A,94,2491,188
15472,T,T,A,G,95,2624,188
15720,C,C,T,T,96,2637,188
16059,A,A,G,G,97,2664,188
16134,G,G,A,A,98,2677,188
16206,A,A,-,-,98,2693,189
16458,A,A,-,*,98,2706,190
16742,C,C,G,G,99,2750,190
17284,C,C,T,T,100,2901,190
17339,T,T,C,C,101,2909,190
17577,T,T,C,C,102,2969,190
17677,C,C,T,G,103,2985,190
17811,A,A,G,G,104,2990,190
18078,A,A,G,G,105,3017,190
18158,A,A,C,C,106,3020,190
18441,G,G,A,A,107,3037,190
18632,T,T,C,C,108,3080,190
18685,A,A,G,G,109,3088,190
18752,T,T,C,A,110,3098,190
18753,T,T,G,G,111,3098,190
18840,C,C,T,T,112,3172,190
18912,T,T,A,A,113,3219,190
19120,G,G,C,C,114,3352,190
19299,T,T,-,*,114,3382,191
20253,C,C,T,T,115,3710,191
20451,C,C,T,T,116,3716,191
20484,A,A,G,G,117,3717,191
20840,T,T,C,C,118,3754,191
20890,T,T,C,C,119,3768,191
20942,A,A,G,G,120,3777,191
21308,A,A,-,-,120,3803,192
21309,A,A,-,-,120,3803,193
21310,T,T,-,-,120,3803,194
21311,G,C,-,-,120,3803,195
21411,C,C,-,-,120,3807,196
21412,C,C,-,-,120,3807,197
21414,C,C,A,A,121,3813,197
21558,A,A,C,G,122,3926,197
21625,A,A,G,G,123,3927,197
21836,T,T,C,C,124,3956,197
21871,C,C,T,T,125,3957,197
22179,A,A,G,G,126,4053,197
22653,G,G,C,C,127,4430,197
22830,C,C,T,T,128,4485,197
23301,-,-,T,T,128,4613,197
23352,G,G,T,T,129,4622,197
23369,C,C,T,T,130,4629,197
23377,C,C,T,T,131,4631,197
23631,G,G,A,A,132,4685,197
23734,G,G,A,A,133,4706,197
23787,T,T,C,C,134,4706,197
23842,C,C,T,T,135,4708,197
23995,C,C,T,T,136,4740,197
24028,C,C,T,T,137,4742,197
24142,T,T,C,C,138,4810,197
24168,-,-,T,T,138,4813,197
24168,-,-,T,C,138,4814,197
24168,-,-,T,T,138,4815,197
24168,-,-,T,T,138,4816,197
24737,-,-,T,T,138,4879,197
24737,-,-,G,G,138,4880,197
24737,-,-,A,A,138,4881,197
24737,-,-,G,G,138,4882,197
25169,G,G,A,A,139,5006,197
25217,A,A,G,G,140,5013,197
25231,G,G,A,A,141,5015,197
25480,G,G,T,T,142,5132,197
25556,G,G,A,C,143,5133,197
25569,C,C,A,A,144,5133,197
25592,A,A,G,G,145,5135,197
25642,C,C,T,T,146,5135,197
25933,C,C,T,T,147,5149,197
26086,A,A,G,G,148,5171,197
26112,T,T,C,C,149,5171,197
26421,-,-,G,G,149,5191,197
26421,-,-,G,G,149,5192,197
26421,-,-,C,C,149,5193,197
26421,-,-,T,T,149,5194,197
26421,-,-,G,G,149,5195,197
26421,-,-,C,C,149,5196,197
26421,-,-,T,T,149,5197,197
26421,-,-,G,G,149,5198,197
26634,G,G,A,A,150,5234,197
26642,T,T,C,C,151,5234,197
26717,C,C,T,G,152,5241,197
26857,A,A,G,G,153,5246,197
26932,C,C,T,A,154,5247,197
26981,C,C,T,T,155,5247,197
27006,A,A,C,C,156,5247,197
27016,T,T,C,C,157,5247,197
27105,A,A,G,G,158,5247,197
27375,T,T,C,C,159,5284,197
27648,G,G,A,A,160,5305,197
28071,C,C,G,T,161,5429,197
28284,G,G,A,A,162,5433,197
28317,T,T,C,C,163,5433,197
28348,A,A,C,C,164,5433,197
28552,G,G,-,*,164,5445,198
28553,A,A,-,*,164,5445,199
29096,A,A,G,G,165,5661,199
29164,T,T,C,C,166,5666,199
29185,C,C,T,T,167,5722,199
29206,G,G,A,A,168,5723,199
29278,A,A,G,G,169,5779,199
29363,A,A,C,C,170,5779,199
29450,G,G,C,C,171,5806,199
29582,C,C,T,T,172,5817,199
29691,T,T,C,C,173,5856,199
29802,C,C,A,A,174,5918,199
