24,T,T,C,C,1,0,0
28,C,C,T,T,2,82,0
107,T,T,G,A,3,131,0
182,-,-,C,C,3,135,0
434,-,-,G,G,3,205,0
493,C,C,T,T,4,206,0
897,A,A,-,*,4,406,1
898,A,A,-,*,4,406,2
899,T,T,-,*,4,406,3
900,A,A,-,*,4,406,4
901,A,A,-,*,4,406,5
902,C,C,-,*,4,406,6
1530,C,C,-,*,4,452,7
1896,C,C,T,T,5,489,7
1968,A,A,C,T,6,493,7
1974,A,A,T,T,7,493,7
2009,G,G,A,C,8,532,7
2026,C,C,T,T,9,532,7
2038,C,C,T,T,10,532,7
2091,A,A,G,G,11,547,7
2224,C,C,T,T,12,650,7
2229,G,G,A,A,13,651,7
2250,G,G,A,C,14,651,7
2528,T,T,C,A,15,679,7
2541,A,A,C,C,16,685,7
2711,G,G,*,-,16,710,8
2712,C,C,*,-,16,710,9
2713,C,C,*,-,16,712,10
2714,T,T,*,-,16,712,11
2857,G,G,*,-,16,831,12
3000,T,C,*,-,16,835,13
3129,C,C,T,G,17,835,13
3196,A,A,G,G,18,883,13
3220,C,C,T,T,19,953,13
3265,A,A,G,G,20,1034,13
3340,-,-,A,A,20,1151,13
3372,G,G,A,C,21,1174,13
3390,C,C,T,G,22,1174,13
3472,C,C,T,T,23,1195,13
3483,G,G,A,A,24,1195,13
3540,A,A,G,G,25,1226,13
3577,C,C,G,T,26,1228,13
3578,C,C,G,G,27,1228,13
3579,T,T,C,C,28,1228,13
3584,C,C,T,G,29,1228,13
3662,T,T,C,C,30,1342,13
3780,T,T,C,C,31,1460,13
3843,T,T,C,C,32,1460,13
3918,G,G,C,A,33,1460,13
4039,T,T,C,C,34,1466,13
4044,A,A,C,T,35,1466,13
4183,G,G,A,T,36,1476,13
4213,G,G,T,A,37,1487,13
4214,G,G,T,T,38,1487,13
4260,T,T,C,C,39,1487,13
4306,G,G,A,A,40,1497,13
4462,G,G,A,A,41,1520,13
4627,G,G,C,C,42,1522,13
4629,A,A,T,T,43,1522,13
4688,C,C,T,G,44,1525,13
4768,A,A,T,T,45,1525,13
4864,C,C,T,T,46,1528,13
4865,A,A,G,G,47,1528,13
5008,C,C,G,G,48,1652,13
5010,A,A,G,G,49,1652,13
5052,G,G,T,C,50,1653,13
5060,T,T,C,C,51,1653,13
5145,C,C,A,A,52,1654,13
5260,G,G,T,T,53,1771,13
5312,C,C,G,A,54,1795,13
5347,A,A,G,G,55,1795,13
5506,T,T,C,C,56,1826,13
5523,A,A,C,C,57,1826,13
5546,A,A,G,G,58,1826,13
5564,A,A,G,G,59,1826,13
5679,G,G,A,C,60,1829,13
5698,C,C,T,G,61,1830,13
5736,-,-,C,C,61,1833,13
5776,A,A,G,G,62,1833,13
5886,C,C,T,T,63,1879,13
5984,C,C,T,G,64,1904,13
6150,G,G,A,T,65,1911,13
6681,T,T,C,C,66,2185,13
6682,G,G,A,A,67,2185,13
6740,C,C,A,T,68,2195,13
6781,G,G,A,A,69,2196,13
6975,T,T,C,C,70,2224,13
7157,A,A,G,G,71,2249,13
7171,C,C,T,T,72,2249,13
7228,T,T,C,C,73,2250,13
7231,T,T,C,C,74,2250,13
7560,C,C,T,T,75,2274,13
7614,G,G,A,A,76,2275,13
7628,G,G,T,T,77,2275,13
7629,T,T,C,C,78,2275,13
7661,G,G,-,-,78,2279,14
8054,C,C,T,T,79,2324,14
8154,A,A,C,G,80,2327,14
8172,G,G,A,A,81,2331,14
8247,-,-,G,G,81,2337,14
8247,-,-,G,G,81,2338,14
8247,-,-,G,G,81,2339,14
8247,-,-,A,A,81,2340,14
8513,T,T,C,C,82,2408,14
8600,G,G,T,T,83,2414,14
8765,G,G,A,A,84,2418,14
8776,C,C,G,G,85,2420,14
8790,G,G,A,A,86,2420,14
9027,T,T,C,C,87,2461,14
9065,G,G,T,T,88,2461,14
9283,G,G,A,A,89,2632,14
9409,A,A,G,G,90,2691,14
9502,G,G,A,A,91,2704,14
9510,T,T,G,G,92,2704,14
9660,G,G,C,C,93,2818,14
9780,T,T,C,C,94,3073,14
9786,G,G,A,A,95,3075,14
9837,C,C,-,-,95,3116,15
9838,T,T,-,-,95,3116,16
9839,G,G,-,-,95,3116,17
9840,A,A,-,-,95,3147,18
9961,C,C,T,A,96,3187,18
10013,A,A,C,C,97,3190,18
10332,-,-,T,T,97,3246,18
10332,-,-,T,T,97,3247,18
10399,C,C,T,A,98,3272,18
10460,T,T,C,C,99,3294,18
10491,A,A,G,G,100,3295,18
10658,A,A,G,G,101,3321,18
10741,C,C,T,G,102,3350,18
10742,A,A,T,T,103,3350,18
10743,G,G,C,C,104,3350,18
10808,A,A,G,G,105,3359,18
10871,T,T,C,C,106,3385,18
10951,G,G,A,C,107,3400,18
11302,G,G,A,C,108,3475,18
11367,A,A,G,G,109,3519,18
11457,G,G,A,A,110,3559,18
11503,-,-,G,G,110,3641,18
11503,-,-,A,A,110,3642,18
11503,-,-,C,G,110,3643,18
11531,A,A,G,C,111,3643,18
11560,-,-,T,A,111,3656,18
11588,A,A,C,C,112,3695,18
11618,C,C,T,T,113,3695,18
11690,G,G,A,A,114,3706,18
11714,A,A,G,G,115,3711,18
11813,G,G,A,C,116,3766,18
11839,C,C,-,-,116,3782,19
11840,C,C,-,-,116,3782,20
11841,C,C,-,-,116,3782,21
11842,C,C,-,-,116,3782,22
11843,C,C,G,G,117,3782,22
11852,C,C,-,-,117,3792,23
11853,C,C,-,-,117,3792,24
11854,G,A,-,-,117,3792,25
11855,C,C,-,-,117,3792,26
11902,T,T,C,C,118,3792,26
12122,C,C,T,T,119,3793,26
12140,A,A,G,G,120,3821,26
12162,C,C,T,T,121,3821,26
12245,G,G,C,C,122,3898,26
12288,G,G,C,A,123,3900,26
12376,C,C,T,T,124,3961,26
12480,C,C,T,T,125,3972,26
12633,G,G,A,A,126,3991,26
12736,C,C,G,G,127,3993,26
12789,A,A,G,G,128,4004,26
12870,C,C,T,T,129,4007,26
12944,A,A,T,G,130,4008,26
12952,G,G,T,T,131,4008,26
12978,G,G,A,A,132,4008,26
12979,C,C,T,T,133,4008,26
13247,G,G,A,A,134,4027,26
13274,A,A,G,G,135,4027,26
13286,G,G,A,A,136,4027,26
13425,T,T,C,C,137,4065,26
13426,G,G,A,T,138,4065,26
13595,C,C,-,-,138,4134,27
13708,G,G,A,A,139,4194,27
13709,A,A,G,G,140,4194,27
13844,T,T,C,C,141,4209,27
13848,T,T,C,C,142,4209,27
13863,A,A,G,G,143,4224,27
13875,C,C,G,T,144,4224,27
13882,C,C,G,G,145,4228,27
13953,C,C,T,T,146,4233,27
13954,A,A,G,G,147,4233,27
13982,A,A,G,C,148,4239,27
14007,A,A,G,G,149,4240,27
14218,C,C,T,G,150,4267,27
14310,C,C,G,A,151,4285,27
14330,A,A,-,-,151,4289,28
14367,G,G,A,A,152,4299,28
14480,G,G,A,A,153,4317,28
14646,G,G,A,A,154,4317,28
14658,-,-,C,C,154,4319,28
14718,-,-,A,A,154,4320,28
14718,-,-,G,G,154,4343,28
14718,-,-,T,T,154,4344,28
14718,-,-,T,T,154,4345,28
14718,-,-,A,A,154,4346,28
14718,-,-,G,G,154,4347,28
14718,-,-,C,C,154,4348,28
14718,-,-,A,C,154,4349,28
14718,-,-,T,T,154,4350,28
14718,-,-,C,T,154,4351,28
14718,-,-,C,C,154,4352,28
14718,-,-,G,G,154,4353,28
14718,-,-,A,A,154,4354,28
14718,-,-,A,A,154,4355,28
14728,C,C,A,A,155,4355,28
14852,T,T,C,C,156,4367,28
14875,C,C,-,-,156,4371,29
14876,T,T,-,-,156,4371,30
15112,T,T,C,C,157,4426,30
15149,C,C,T,T,158,4426,30
15452,C,C,T,T,159,4474,30
15658,G,G,-,-,159,4699,31
15659,A,A,-,-,159,4699,32
15717,G,G,T,T,160,4705,32
15875,G,G,A,A,161,4716,32
15914,G,G,A,A,162,4724,32
15922,G,G,C,C,163,4725,32
15993,T,T,C,C,164,4729,32
16016,A,A,G,T,165,4730,32
16068,A,A,C,C,166,4730,32
16386,T,T,C,C,167,4768,32
16541,G,G,A,C,168,4768,32
16720,C,C,T,T,169,4780,32
16784,C,C,T,A,170,4783,32
16793,T,T,G,G,171,4783,32
16876,-,-,A,G,171,4788,32
16876,-,-,A,G,171,4789,32
16892,A,A,T,T,172,4789,32
17169,T,T,A,A,173,4800,32
17290,C,C,T,T,174,4802,32
17320,T,T,C,A,175,4821,32
17434,T,T,C,C,176,4832,32
17537,G,G,A,A,177,4848,32
17667,G,G,A,A,178,4853,32
17877,T,T,C,C,179,4881,32
18123,C,C,-,*,179,4931,33
18124,C,C,-,*,179,4946,34
18125,A,A,-,*,179,4946,35
18126,A,A,-,*,179,4946,36
18127,C,C,-,*,179,4946,37
18128,A,A,-,*,179,4946,38
18151,C,C,-,*,179,4951,39
19002,C,C,-,*,179,5039,40
19003,C,C,-,*,179,5039,41
19004,C,C,-,*,179,5039,42
19005,C,C,-,*,179,5039,43
19006,C,C,-,*,179,5039,44
19007,A,A,-,*,179,5039,45
19008,G,G,-,*,179,5039,46
19009,G,G,-,*,179,5039,47
19010,C,C,-,*,179,5039,48
19011,T,T,-,*,179,5039,49
19012,A,A,-,*,179,5039,50
19013,C,C,-,*,179,5039,51
19014,T,T,-,*,179,5039,52
19015,T,T,-,*,179,5039,53
19016,G,G,-,*,179,5039,54
19017,G,G,-,*,179,5039,55
19619,C,C,*,*,179,5155,56
19982,G,G,-,*,179,5279,57
20486,G,G,-,*,179,5394,58
21200,C,C,-,*,179,5528,59
21201,T,T,-,*,179,5528,60
21202,C,C,-,*,179,5528,61
21203,C,C,-,*,179,5528,62
21204,C,C,-,*,179,5528,63
21205,A,A,-,*,179,5528,64
21206,A,A,-,*,179,5528,65
21246,A,A,-,*,179,5532,66
21247,G,G,-,*,179,5533,67
21248,G,G,-,*,179,5533,68
21249,G,G,-,*,179,5533,69
21250,G,G,-,*,179,5533,70
21251,A,A,-,*,179,5533,71
21252,C,C,-,*,179,5533,72
21253,C,C,-,*,179,5533,73
21254,C,C,-,*,179,5533,74
21494,G,G,-,*,179,5570,75
24458,C,C,-,*,179,6197,76
26765,T,T,-,*,179,6673,77
26766,T,T,-,*,179,6673,78
26767,C,C,-,*,179,6673,79
26768,T,T,-,*,179,6673,80
26769,G,G,-,*,179,6673,81
26770,C,C,-,*,179,6673,82
26771,C,C,-,*,179,6673,83
26772,C,C,-,*,179,6739,84
26773,A,T,-,*,179,6739,85
26774,G,G,-,*,179,6739,86
26919,C,C,-,*,179,6841,87
26920,C,C,-,*,179,6841,88
26921,T,T,-,*,179,6841,89
26922,A,A,-,*,179,6841,90
26923,G,G,-,*,179,6841,91
26924,C,T,-,*,179,6842,92
27917,G,G,-,*,179,7128,93
28316,G,G,-,*,179,7228,94
28317,A,A,-,*,179,7228,95
28318,G,G,-,*,179,7228,96
28627,T,T,-,*,179,7280,97
28628,G,G,-,*,179,7280,98
28629,C,C,-,*,179,7280,99
28630,A,A,-,*,179,7280,100
28631,G,G,-,*,179,7280,101
28632,A,A,-,*,179,7280,102
28633,C,C,-,*,179,7280,103
28634,C,C,-,*,179,7280,104
28635,C,C,-,*,179,7280,105
28636,A,A,-,*,179,7280,106
28637,C,C,-,*,179,7280,107
29461,T,T,-,*,179,7555,108
29686,T,T,C,C,180,7634,108
29702,A,A,G,G,181,7635,108
29710,T,T,G,G,182,7635,108
29744,A,A,G,G,183,7637,108
29881,G,G,A,T,184,7655,108
29922,G,G,T,T,185,7673,108
29930,A,A,T,C,186,7683,108
30022,C,C,T,T,187,7827,108
30030,G,G,A,C,188,7833,108
30066,C,C,T,T,189,7887,108
30216,G,G,-,-,189,7941,109
30217,A,A,-,-,189,7941,110
30218,G,G,-,-,189,7941,111
30219,G,G,-,-,189,7941,112
30220,C,C,-,-,189,7941,113
30221,C,C,-,-,189,7943,114
30222,C,C,-,-,189,7943,115
30223,C,C,-,-,189,7943,116
30361,A,A,G,G,190,7960,116
30387,A,A,G,G,191,7960,116
30510,C,C,T,T,192,8001,116
30733,C,C,T,T,193,8027,116
30764,G,G,A,T,194,8031,116
30772,A,A,C,C,195,8031,116
30773,T,T,C,C,196,8031,116
30814,G,G,A,A,197,8031,116
31030,G,G,A,A,198,8137,116
31045,A,A,G,G,199,8142,116
31068,T,T,C,C,200,8145,116
31091,C,C,G,G,201,8146,116
31260,A,A,G,G,202,8157,116
31304,T,T,C,C,203,8165,116
31329,C,C,T,T,204,8170,116
31556,A,A,G,G,205,8223,116
31928,T,T,G,G,206,8334,116
32202,C,C,T,G,207,8411,116
32347,A,A,C,C,208,8416,116
32362,T,T,C,C,209,8416,116
32576,A,A,G,G,210,8445,116
32678,A,A,G,G,211,8459,116
32793,-,-,G,G,211,8495,116
32793,-,-,G,G,211,8496,116
32793,-,-,C,C,211,8497,116
32793,-,-,A,C,211,8498,116
32793,-,-,C,C,211,8499,116
32793,-,-,A,A,211,8500,116
32793,-,-,A,A,211,8501,116
32793,-,-,C,C,211,8502,116
32793,-,-,A,A,211,8503,116
32793,-,-,C,T,211,8504,116
32793,-,-,G,G,211,8511,116
32816,T,T,C,C,212,8529,116
32817,G,G,A,A,213,8529,116
33301,T,T,C,C,214,8781,116
33302,G,G,A,C,215,8781,116
33360,G,G,C,C,216,8852,116
33392,C,C,T,T,217,8874,116
33650,G,G,A,A,218,8939,116
33725,T,T,C,G,219,8942,116
33796,T,T,C,C,220,8991,116
33882,T,T,C,C,221,9006,116
33930,T,T,G,G,222,9017,116
33944,G,G,T,A,223,9026,116
33945,A,A,G,G,224,9026,116
33962,G,G,A,A,225,9066,116
34008,-,-,T,T,225,9127,116
34008,-,-,C,C,225,9128,116
34149,G,G,*,-,225,9132,117
34150,C,C,*,-,225,9132,118
34151,C,C,*,-,225,9132,119
34152,T,T,*,-,225,9132,120
34153,G,G,*,-,225,9132,121
34154,G,G,*,-,225,9132,122
34155,T,T,*,-,225,9133,123
34156,T,T,*,-,225,9133,124
34157,G,G,*,-,225,9133,125
34158,G,G,*,-,225,9133,126
34159,G,G,*,-,225,9133,127
34160,A,A,*,-,225,9133,128
34161,A,A,*,-,225,9133,129
34162,C,C,*,-,225,9133,130
34163,T,T,*,-,225,9133,131
34277,T,T,C,C,226,9134,131
34399,G,G,C,A,227,9138,131
34443,A,A,C,C,228,9144,131
34544,T,T,C,C,229,9149,131
34566,G,G,A,A,230,9152,131
34629,C,C,T,T,231,9168,131
34738,A,A,-,-,231,9182,132
34751,A,A,G,G,232,9182,132
34797,T,T,C,C,233,9198,132
34806,T,T,-,-,233,9198,133
34865,C,C,T,T,234,9199,133
34924,A,A,G,G,235,9199,133
35142,T,T,C,C,236,9293,133
35150,G,G,A,A,237,9293,133
35166,G,G,A,T,238,9293,133
35220,T,T,C,C,239,9306,133
35309,C,C,-,-,239,9315,134
35324,T,T,C,C,240,9316,134
35329,G,G,A,A,241,9317,134
35333,G,G,A,A,242,9317,134
35398,T,T,G,G,243,9340,134
35489,G,G,A,A,244,9347,134
35535,A,A,G,G,245,9351,134
35570,A,A,T,G,246,9354,134
35826,G,G,C,C,247,9531,134
35862,G,G,A,A,248,9532,134
35929,G,G,-,-,248,9632,135
35930,C,C,-,-,248,9632,136
35931,C,C,-,-,248,9633,137
36277,C,C,-,-,248,9720,138
36278,T,T,-,-,248,9720,139
36279,G,G,-,-,248,9720,140
36280,A,A,-,-,248,9720,141
36281,A,A,-,-,248,9720,142
36282,A,A,-,-,248,9720,143
36283,T,T,-,-,248,9720,144
36284,C,C,-,-,248,9720,145
36285,C,C,-,-,248,9720,146
36286,T,T,-,-,248,9720,147
36287,C,C,-,-,248,9720,148
36288,A,A,-,-,248,9720,149
36289,C,C,-,-,248,9720,150
36290,T,C,-,-,248,9720,151
36291,C,C,-,-,248,9720,152
36292,T,T,-,-,248,9720,153
36315,A,A,G,C,249,9722,153
36376,T,T,C,C,250,9758,153
36381,A,A,G,G,251,9758,153
36382,T,T,C,C,252,9758,153
36658,A,A,G,G,253,9825,153
36687,C,C,A,A,254,9829,153
36691,C,C,T,T,255,9829,153
36692,A,A,G,G,256,9830,153
36898,G,G,-,-,256,9840,154
36905,A,A,T,T,257,9876,154
36915,C,C,T,T,258,9930,154
37148,G,G,A,A,259,10038,154
37286,G,G,C,C,260,10044,154
37294,C,C,T,G,261,10044,154
37322,C,C,T,T,262,10047,154
37324,C,C,G,G,263,10063,154
37444,G,G,A,A,264,10105,154
37498,A,A,C,C,265,10105,154
37798,C,C,G,G,266,10213,154
37919,A,A,G,G,267,10221,154
38002,-,-,G,G,267,10253,154
38057,G,G,A,A,268,10263,154
38074,C,C,T,T,269,10263,154
38077,G,G,C,C,270,10264,154
38168,A,A,G,C,271,10297,154
38184,A,A,G,G,272,10297,154
38216,T,T,C,C,273,10297,154
38268,A,A,G,G,274,10312,154
38296,T,T,G,C,275,10328,154
38302,-,-,A,A,275,10333,154
38302,-,-,A,A,275,10334,154
38328,G,G,A,A,276,10335,154
38331,G,G,C,T,277,10337,154
38501,A,A,C,C,278,10347,154
38574,G,G,A,A,279,10363,154
38620,A,A,-,-,279,10367,155
38637,T,T,G,G,280,10367,155
38665,A,A,G,G,281,10379,155
38807,C,C,T,T,282,10395,155
38827,T,T,C,C,283,10396,155
38841,A,A,G,G,284,10401,155
38901,A,A,T,C,285,10406,155
39043,-,-,A,A,285,10408,155
39119,C,C,G,A,286,10413,155
39226,A,A,G,G,287,10426,155
39277,G,G,T,A,288,10426,155
39388,T,T,C,C,289,10433,155
39391,T,T,C,C,290,10433,155
39436,A,A,C,C,291,10461,155
39488,C,C,T,T,292,10468,155
39765,C,C,T,T,293,10585,155
39850,T,T,C,C,294,10711,155
39900,C,C,T,T,295,10729,155
39904,A,A,G,G,296,10739,155
40001,A,A,G,G,297,10918,155
40088,T,T,C,C,298,10949,155
40115,A,A,G,G,299,10950,155
40125,A,A,G,G,300,10950,155
40147,G,G,A,A,301,10950,155
40335,A,A,G,G,302,11107,155
40350,A,A,T,C,303,11137,155
40901,A,A,G,G,304,11194,155
41221,G,G,C,C,305,11250,155
41264,A,A,G,T,306,11268,155
41286,C,C,T,T,307,11269,155
41306,T,T,C,C,308,11270,155
41577,C,C,-,-,308,11287,156
41712,T,T,C,C,309,11295,156
41923,G,G,A,A,310,11335,156
41972,G,G,A,A,311,11357,156
42024,C,C,G,A,312,11364,156
42186,T,T,C,C,313,11384,156
42246,T,T,C,C,314,11386,156
42247,G,G,A,C,315,11387,156
42253,A,A,G,G,316,11387,156
42285,T,T,C,C,317,11387,156
42310,T,T,C,G,318,11402,156
42374,C,C,T,T,319,11410,156
42474,C,C,T,T,320,11438,156
42509,T,T,C,C,321,11458,156
42556,A,A,C,C,322,11514,156
42595,T,T,C,C,323,11518,156
42647,C,C,G,G,324,11543,156
42701,T,T,C,C,325,11550,156
42720,T,T,C,G,326,11551,156
42794,G,G,T,T,327,11559,156
42827,A,A,C,C,328,11559,156
43135,A,A,C,G,329,11666,156
43197,C,C,G,G,330,11751,156
43238,A,A,G,G,331,11754,156
43292,A,A,G,G,332,11782,156
43309,C,C,G,G,333,11846,156
43392,T,T,-,-,333,11892,157
43393,G,G,-,-,333,11893,158
43412,A,A,G,G,334,11897,158
43729,C,C,T,T,335,11960,158
43864,A,A,G,G,336,11980,158
43936,G,G,A,A,337,11984,158
45494,C,C,-,*,337,12401,159
45495,C,C,-,*,337,12401,160
45662,A,A,C,T,338,12447,160
46009,G,G,A,A,339,12467,160
46012,G,G,A,T,340,12467,160
46049,T,T,G,G,341,12473,160
46082,T,T,C,C,342,12475,160
46085,T,T,C,C,343,12475,160
46115,G,G,A,A,344,12476,160
46334,A,A,-,*,344,12479,161
46335,A,A,-,*,344,12479,162
46366,C,C,A,A,345,12479,162
46383,T,T,C,C,346,12485,162
46424,C,C,T,T,347,12487,162
46489,G,G,A,T,348,12488,162
46492,A,A,-,-,348,12488,163
46493,G,G,-,-,348,12488,164
46494,A,A,-,-,348,12488,165
46495,A,A,-,-,348,12488,166
46496,A,A,-,-,348,12488,167
46599,T,T,C,C,349,12540,167
46768,T,T,C,C,350,12633,167
46773,T,T,C,C,351,12633,167
46890,C,C,-,-,351,12638,168
46891,C,C,-,-,351,12638,169
46892,C,C,-,-,351,12638,170
46897,C,C,-,-,351,12650,171
46931,G,G,A,A,352,12666,171
47205,-,-,C,C,352,12753,171
47205,-,-,T,C,352,12754,171
47205,-,-,G,A,352,12755,171
47415,C,G,-,-,352,12871,172
47416,G,G,-,-,352,12871,173
47417,C,C,-,-,352,12871,174
47488,C,C,T,T,353,12885,174
47558,T,T,C,C,354,12911,174
47562,T,T,C,C,355,12911,174
47734,G,G,A,A,356,12971,174
47799,G,G,A,A,357,12996,174
47805,C,C,G,G,358,12996,174
47876,C,C,A,A,359,13002,174
47937,T,T,C,C,360,13048,174
48007,C,C,T,T,361,13077,174
48119,T,T,C,G,362,13129,174
48219,G,C,-,-,362,13147,175
48456,C,C,G,T,363,13194,175
48632,G,G,A,A,364,13278,175
48641,T,T,C,C,365,13278,175
48643,C,C,T,T,366,13278,175
48649,C,C,T,T,367,13278,175
48846,G,G,A,A,368,13323,175
48978,A,A,G,G,369,13348,175
49007,G,G,C,C,370,13348,175
49068,T,T,A,G,371,13355,175
49125,G,G,A,A,372,13355,175
49320,C,C,T,G,373,13355,175
49347,G,G,A,A,374,13355,175
49389,G,G,C,C,375,13358,175
49535,G,G,A,A,376,13365,175
49540,C,C,T,T,377,13365,175
49655,-,-,T,A,377,13380,175
49971,G,G,A,A,378,13587,175
50023,T,T,C,C,379,13631,175
50026,A,A,G,G,380,13636,175
50061,T,T,C,C,381,13662,175
50121,G,G,-,-,381,13663,176
50181,G,G,A,A,382,13669,176
50249,T,T,C,C,383,13680,176
50335,C,C,T,T,384,13690,176
50341,A,A,G,G,385,13753,176
50451,A,A,G,G,386,13853,176
50537,C,C,T,T,387,13855,176
50551,A,A,C,C,388,13855,176
50658,-,-,G,G,388,13873,176
50701,A,A,-,-,388,13882,177
50702,C,T,-,-,388,13882,178
50703,G,G,-,-,388,13882,179
50704,C,C,-,-,388,13882,180
50705,A,A,-,-,388,13882,181
50743,C,C,T,T,389,13925,181
50816,G,G,T,T,390,13927,181
50840,A,A,C,C,391,13927,181
50868,T,T,C,C,392,13930,181
50920,G,G,A,A,393,13932,181
51054,G,G,T,C,394,13940,181
51371,T,T,C,C,395,14002,181
51482,C,C,T,T,396,14014,181
51688,A,A,T,T,397,14057,181
51711,C,C,T,T,398,14058,181
51773,G,G,A,A,399,14061,181
51793,G,G,-,-,399,14061,182
51794,T,T,-,-,399,14061,183
51795,T,A,-,-,399,14061,184
51796,C,C,-,-,399,14061,185
51797,G,A,-,-,399,14064,186
52001,G,G,A,C,400,14097,186
52015,C,C,T,T,401,14098,186
52051,T,T,C,C,402,14110,186
52147,T,T,C,C,403,14113,186
52148,G,G,A,A,404,14113,186
52177,A,A,C,T,405,14122,186
52269,G,G,C,C,406,14144,186
52486,T,T,C,C,407,14174,186
52716,T,T,C,C,408,14184,186
52763,T,T,C,C,409,14184,186
52764,G,G,A,A,410,14184,186
52832,A,A,G,C,411,14187,186
52872,G,G,A,A,412,14190,186
52989,T,T,C,C,413,14233,186
53099,T,T,C,C,414,14258,186
53112,A,A,T,C,415,14279,186
53304,C,C,T,G,416,14294,186
53348,T,T,C,C,417,14327,186
53360,G,G,A,A,418,14328,186
53443,A,A,G,G,419,14328,186
53504,G,G,A,C,420,14329,186
53537,A,A,T,T,421,14350,186
53555,G,G,A,A,422,14352,186
53648,A,A,G,G,423,14367,186
53697,G,G,C,C,424,14368,186
53706,A,A,G,G,425,14368,186
53741,T,T,C,C,426,14385,186
54037,C,C,T,T,427,14403,186
54046,C,C,A,A,428,14403,186
54089,T,T,C,C,429,14414,186
54104,G,G,A,A,430,14414,186
54119,T,T,C,C,431,14414,186
54151,G,G,A,A,432,14415,186
54231,G,G,A,A,433,14422,186
54232,A,A,C,C,434,14422,186
54428,A,A,T,G,435,14655,186
54479,C,C,T,T,436,14659,186
54531,A,A,G,G,437,14719,186
54624,A,A,C,T,438,14778,186
54630,A,A,C,C,439,14778,186
54663,T,T,C,C,440,14788,186
54882,G,G,C,C,441,14826,186
54925,T,T,C,C,442,14890,186
54989,G,G,-,-,442,14948,187
54991,C,C,T,G,443,14948,187
55091,G,G,A,A,444,14993,187
55202,C,C,T,T,445,15002,187
55348,A,A,G,G,446,15028,187
55521,A,A,C,C,447,15062,187
55629,T,T,C,C,448,15082,187
55656,T,T,C,C,449,15087,187
55682,G,G,-,-,449,15090,188
55738,G,G,T,T,450,15106,188
56056,G,G,A,A,451,15123,188
56095,A,A,G,G,452,15133,188
56170,C,C,-,-,452,15197,189
56338,T,T,C,C,453,15240,189
56427,T,T,G,G,454,15242,189
56743,C,C,T,T,455,15342,189
56767,C,C,T,T,456,15343,189
56793,A,A,C,T,457,15344,189
56852,G,G,T,T,458,15346,189
56941,C,C,T,T,459,15407,189
57001,T,T,C,C,460,15445,189
57132,G,G,A,T,461,15485,189
57143,-,-,C,C,461,15498,189
57143,-,-,C,C,461,15508,189
57143,-,-,G,G,461,15509,189
57143,-,-,T,T,461,15510,189
57143,-,-,C,C,461,15511,189
57143,-,-,C,C,461,15512,189
57143,-,-,T,T,461,15513,189
57143,-,-,A,A,461,15514,189
57143,-,-,C,C,461,15515,189
57143,-,-,C,C,461,15516,189
57143,-,-,T,T,461,15517,189
57143,-,-,C,C,461,15519,189
57143,-,-,T,C,461,15520,189
57143,-,-,A,A,461,15521,189
57144,A,A,G,G,462,15521,189
57269,G,G,A,A,463,15620,189
57382,A,A,G,G,464,15642,189
57428,C,C,-,-,464,15655,190
57488,A,A,G,G,465,15693,190
57593,G,G,C,C,466,15712,190
57791,G,G,C,A,467,15738,190
57795,C,C,T,T,468,15738,190
58083,T,T,C,C,469,15772,190
58317,T,T,G,C,470,15931,190
58446,G,G,A,A,471,16043,190
58611,T,T,C,C,472,16068,190
58622,A,A,G,G,473,16070,190
58788,A,A,T,T,474,16095,190
58968,T,T,G,G,475,16159,190
59149,C,C,T,G,476,16227,190
59237,T,T,C,C,477,16240,190
59238,G,G,A,T,478,16240,190
59540,C,C,T,T,479,16267,190
59804,T,T,C,C,480,16309,190
59908,A,A,T,G,481,16346,190
59936,T,T,C,C,482,16349,190
59942,C,C,T,G,483,16349,190
59965,C,C,T,T,484,16357,190
60038,C,C,T,T,485,16362,190
62132,C,C,G,G,486,16571,190
62259,T,T,A,A,487,16589,190
62267,T,T,G,G,488,16589,190
62271,G,G,A,A,489,16590,190
62375,T,T,C,C,490,16610,190
62414,A,A,G,G,491,16611,190
62655,A,A,T,G,492,16770,190
62769,A,A,G,G,493,16776,190
62930,T,T,G,G,494,16809,190
63254,T,T,C,C,495,16892,190
63288,C,C,T,T,496,16892,190
63443,A,A,C,G,497,16944,190
63517,T,T,-,*,497,16967,191
63518,T,T,-,*,497,16967,192
63519,C,C,-,*,497,16967,193
63775,T,T,C,C,498,17038,193
63784,A,A,G,G,499,17039,193
63809,A,A,G,G,500,17069,193
63857,A,A,G,G,501,17075,193
63886,G,G,A,A,502,17076,193
63930,T,T,C,C,503,17076,193
63971,-,-,C,C,503,17096,193
64046,A,A,G,G,504,17134,193
64074,A,A,G,G,505,17135,193
64394,T,T,C,C,506,17154,193
64675,C,C,T,T,507,17198,193
64676,A,A,G,G,508,17198,193
64709,T,T,C,C,509,17211,193
64795,C,C,T,T,510,17216,193
65020,T,T,C,C,511,17257,193
65204,T,T,C,C,512,17297,193
65261,C,C,T,T,513,17299,193
65357,G,G,A,A,514,17330,193
65360,-,-,C,A,514,17331,193
65361,A,A,C,C,515,17331,193
65362,T,T,C,C,516,17331,193
65387,G,G,A,A,517,17331,193
65473,C,C,*,*,517,17349,194
65474,C,C,*,*,517,17349,195
65475,T,T,*,*,517,17351,196
65476,T,T,*,*,517,17351,197
65477,T,T,*,*,517,17351,198
65478,T,T,*,*,517,17351,199
65479,T,T,*,*,517,17351,200
65480,T,T,*,*,517,17351,201
65481,T,T,*,*,517,17351,202
65482,T,T,*,*,517,17354,203
65483,A,A,*,*,517,17354,204
65484,A,A,*,*,517,17354,205
65485,A,A,*,*,517,17354,206
65486,T,T,*,*,517,17354,207
65487,T,T,*,*,517,17354,208
65488,A,A,*,*,517,17354,209
65489,T,T,*,*,517,17354,210
65490,A,A,*,*,517,17354,211
65491,C,C,*,*,517,17354,212
65492,T,T,*,*,517,17354,213
65493,T,T,*,*,517,17354,214
65494,T,T,*,*,517,17354,215
65495,A,A,*,*,517,17354,216
65496,A,A,*,*,517,17354,217
65497,G,G,*,*,517,17354,218
65498,T,T,*,*,517,17354,219
65499,T,T,*,*,517,17354,220
65500,C,C,*,*,517,17354,221
65501,T,T,*,*,517,17354,222
65502,A,A,*,*,517,17354,223
65503,G,G,*,*,517,17354,224
65504,G,G,*,*,517,17354,225
65505,G,G,*,*,517,17354,226
65506,T,T,*,*,517,17354,227
65507,A,A,*,*,517,17354,228
65508,C,C,*,*,517,17354,229
65509,A,A,*,*,517,17354,230
65510,T,T,*,*,517,17354,231
65511,G,G,*,*,517,17354,232
65512,T,T,*,*,517,17354,233
65513,G,G,*,*,517,17354,234
65514,C,C,*,*,517,17354,235
65515,A,A,*,*,517,17354,236
65516,C,C,*,*,517,17354,237
65517,A,A,*,*,517,17354,238
65518,A,A,*,*,517,17354,239
65519,C,T,*,*,517,17354,240
65520,G,G,*,*,517,17354,241
65521,T,T,*,*,517,17354,242
65522,G,G,*,*,517,17354,243
65523,C,C,*,*,517,17354,244
65524,A,A,*,*,517,17354,245
65525,G,G,*,*,517,17354,246
65526,G,G,*,*,517,17354,247
65527,T,T,*,*,517,17354,248
65528,T,T,*,*,517,17354,249
65529,T,T,*,*,517,17354,250
65530,G,G,*,*,517,17354,251
65531,T,T,*,*,517,17354,252
65532,T,T,*,*,517,17354,253
65533,A,A,*,*,517,17354,254
65534,C,C,*,*,517,17354,255
65535,G,A,*,*,517,17354,256
65536,T,T,*,*,517,17354,257
65537,T,A,*,*,517,17354,258
65538,T,T,*,*,517,17354,259
65539,G,G,*,*,517,17354,260
65540,T,T,*,*,517,17354,261
65541,A,A,*,*,517,17354,262
65542,T,T,*,*,517,17354,263
65543,A,A,*,*,517,17354,264
65544,C,C,*,*,517,17354,265
65545,A,G,*,*,517,17354,266
65546,G,G,*,*,517,17354,267
65547,G,G,*,*,517,17354,268
65548,T,T,*,*,517,17354,269
65549,G,G,*,*,517,17354,270
65550,C,C,*,*,517,17354,271
65551,C,C,*,*,517,17354,272
65552,A,A,*,*,517,17354,273
65553,T,T,*,*,517,17354,274
65554,G,G,*,*,517,17354,275
65555,T,T,*,*,517,17354,276
65556,T,T,*,*,517,17354,277
65557,G,G,*,*,517,17354,278
65558,G,G,*,*,517,17354,279
65559,T,T,*,*,517,17354,280
65560,G,G,*,*,517,17354,281
65561,T,T,*,*,517,17354,282
65562,G,G,*,*,517,17354,283
65563,C,C,*,*,517,17354,284
65564,C,T,*,*,517,17354,285
65565,G,G,*,*,517,17354,286
65566,C,C,*,*,517,17354,287
65567,A,A,*,*,517,17354,288
65568,C,C,*,*,517,17354,289
65569,C,C,*,*,517,17354,290
65570,T,C,*,*,517,17354,291
65571,A,A,*,*,517,17354,292
65572,T,T,*,*,517,17354,293
65573,T,T,*,*,517,17354,294
65574,A,A,*,*,517,17354,295
65575,A,A,*,*,517,17354,296
65576,C,C,*,*,517,17354,297
65577,T,T,*,*,517,17354,298
65578,C,C,*,*,517,17354,299
65579,G,G,*,*,517,17354,300
65580,T,T,*,*,517,17354,301
65581,C,C,*,*,517,17354,302
65582,A,A,*,*,517,17354,303
65583,T,T,*,*,517,17354,304
65584,T,T,*,*,517,17354,305
65585,T,T,*,*,517,17354,306
65586,A,A,*,*,517,17354,307
65587,C,C,*,*,517,17355,308
65588,A,A,*,*,517,17355,309
65589,T,T,*,*,517,17355,310
65590,T,T,*,*,517,17355,311
65591,A,A,*,*,517,17355,312
65592,G,G,*,*,517,17355,313
65593,G,G,*,*,517,17355,314
65594,T,T,*,*,517,17355,315
65595,A,A,*,*,517,17355,316
65596,T,T,*,*,517,17355,317
65597,A,A,*,*,517,17355,318
65598,T,T,*,*,517,17355,319
65599,C,C,*,*,517,17355,320
65600,T,T,*,*,517,17355,321
65601,C,C,*,*,517,17355,322
65602,C,C,*,*,517,17355,323
65603,T,T,*,*,517,17355,324
65604,A,A,*,*,517,17355,325
65605,A,A,*,*,517,17355,326
65606,T,T,*,*,517,17355,327
65607,G,G,*,*,517,17355,328
65608,C,C,*,*,517,17355,329
65609,T,T,*,*,517,17355,330
65610,A,G,*,*,517,17355,331
65611,T,T,*,*,517,17355,332
65612,C,C,*,*,517,17355,333
65613,C,C,*,*,517,17355,334
65614,C,C,*,*,517,17355,335
65615,T,T,*,*,517,17355,336
65616,C,C,*,*,517,17356,337
65617,C,C,*,*,517,17356,338
65618,C,C,*,*,517,17356,339
65619,C,C,*,*,517,17356,340
65620,C,C,*,*,517,17356,341
65621,T,T,*,*,517,17356,342
65622,C,C,*,*,517,17356,343
65623,C,C,*,*,517,17356,344
65624,C,C,*,*,517,17356,345
65625,C,C,*,*,517,17356,346
65626,C,C,*,*,517,17356,347
65627,C,T,*,*,517,17356,348
65628,A,A,*,*,517,17356,349
65630,C,C,*,*,517,17356,350
65631,C,C,*,*,517,17356,351
65632,C,C,*,*,517,17356,352
65633,A,G,*,*,517,17356,353
65634,C,T,*,*,517,17356,354
65635,G,G,*,*,517,17356,355
65636,A,A,*,*,517,17356,356
65637,C,C,*,*,517,17356,357
65638,A,A,*,*,517,17356,358
65639,G,G,*,*,517,17356,359
65640,G,G,*,*,517,17356,360
65641,C,C,*,*,517,17356,361
65642,C,C,*,*,517,17356,362
65643,C,C,*,*,517,17356,363
65644,C,C,*,*,517,17356,364
65645,A,G,*,*,517,17356,365
65646,G,G,*,*,517,17356,366
65647,T,T,*,*,517,17356,367
65648,G,G,*,*,517,17356,368
65649,T,T,*,*,517,17356,369
65650,G,G,*,*,517,17356,370
65651,T,T,*,*,517,17356,371
65652,G,G,*,*,517,17356,372
65653,A,A,*,*,517,17356,373
65654,T,T,*,*,517,17356,374
65655,A,A,*,*,517,17356,375
65656,T,T,*,*,517,17356,376
65657,T,T,*,*,517,17356,377
65658,C,C,*,*,517,17356,378
65659,C,C,*,*,517,17356,379
65660,C,C,*,*,517,17356,380
65661,C,C,*,*,517,17356,381
65662,A,A,*,*,517,17356,382
65663,T,T,*,*,517,17356,383
65664,C,C,*,*,517,17356,384
65665,C,C,*,*,517,17356,385
65666,T,T,*,*,517,17356,386
65667,G,G,*,*,517,17356,387
65668,T,T,*,*,517,17356,388
65669,G,G,*,*,517,17356,389
65670,T,C,*,*,517,17356,390
65671,C,C,*,*,517,17356,391
65672,C,C,*,*,517,17356,392
65673,A,A,*,*,517,17356,393
65674,A,A,*,*,517,17356,394
65675,G,G,*,*,517,17356,395
65676,T,T,*,*,517,17356,396
65677,G,G,*,*,517,17356,397
65678,T,T,*,*,517,17356,398
65679,T,T,*,*,517,17356,399
65680,C,C,*,*,517,17356,400
65681,T,T,*,*,517,17356,401
65682,C,C,*,*,517,17356,402
65683,A,A,*,*,517,17356,403
65684,T,T,*,*,517,17356,404
65685,T,T,*,*,517,17356,405
65686,G,G,*,*,517,17356,406
65687,T,T,*,*,517,17356,407
65688,T,T,*,*,517,17356,408
65689,C,C,*,*,517,17356,409
65690,A,A,*,*,517,17356,410
65691,G,G,*,*,517,17356,411
65692,T,T,*,*,517,17356,412
65693,T,T,*,*,517,17356,413
65694,C,C,*,*,517,17356,414
65695,C,C,*,*,517,17356,415
65696,C,C,*,*,517,17356,416
65697,A,A,*,*,517,17356,417
65698,C,C,*,*,517,17356,418
65699,C,C,*,*,517,17356,419
65700,T,T,*,*,517,17356,420
65701,A,A,*,*,517,17356,421
65702,T,T,*,*,517,17356,422
65703,G,G,*,*,517,17356,423
65704,A,A,*,*,517,17356,424
65705,G,G,*,*,517,17356,425
65706,T,T,*,*,517,17356,426
65707,G,G,*,*,517,17356,427
65708,A,A,*,*,517,17356,428
65709,G,G,*,*,517,17356,429
65710,A,A,*,*,517,17356,430
65711,A,A,*,*,517,17356,431
65712,C,C,*,*,517,17356,432
65713,A,A,*,*,517,17356,433
65714,T,T,*,*,517,17356,434
65715,G,G,*,*,517,17356,435
65716,C,T,*,*,517,17356,436
65717,A,G,*,*,517,17356,437
65718,G,G,*,*,517,17356,438
65719,T,T,*,*,517,17356,439
65720,G,G,*,*,517,17356,440
65721,T,T,*,*,517,17357,441
65722,T,T,*,*,517,17357,442
65723,G,G,*,*,517,17357,443
65724,G,G,*,*,517,17357,444
65725,T,T,*,*,517,17357,445
65726,T,T,*,*,517,17357,446
65727,T,T,*,*,517,17357,447
65728,T,T,*,*,517,17357,448
65729,C,C,*,*,517,17357,449
65730,T,T,*,*,517,17357,450
65731,G,G,*,*,517,17357,451
65732,T,T,*,*,517,17357,452
65733,C,C,*,*,517,17357,453
65734,C,C,*,*,517,17357,454
65735,T,T,*,*,517,17357,455
65736,T,T,*,*,517,17357,456
65737,G,G,*,*,517,17357,457
65738,C,C,*,*,517,17357,458
65739,G,G,*,*,517,17357,459
65740,A,A,*,*,517,17357,460
65741,T,T,*,*,517,17357,461
65742,A,A,*,*,517,17357,462
65743,G,G,*,*,517,17357,463
65744,T,T,*,*,517,17357,464
65745,T,T,*,*,517,17357,465
65746,T,T,*,*,517,17357,466
65747,G,G,*,*,517,17357,467
65748,C,C,*,*,517,17357,468
65749,T,T,*,*,517,17357,469
65750,C,C,*,*,517,17357,470
65751,A,A,*,*,517,17357,471
65752,G,G,*,*,517,17357,472
65753,A,A,*,*,517,17357,473
65754,A,A,*,*,517,17357,474
65755,T,T,*,*,517,17357,475
65756,G,T,*,*,517,17357,476
65757,A,A,*,*,517,17357,477
65758,T,T,*,*,517,17357,478
65759,G,G,*,*,517,17357,479
65760,G,G,*,*,517,17357,480
65761,T,T,*,*,517,17357,481
65762,T,T,*,*,517,17357,482
65763,T,T,*,*,517,17357,483
65764,C,C,*,*,517,17357,484
65765,C,C,*,*,517,17357,485
65766,A,A,*,*,517,17357,486
65767,G,G,*,*,517,17357,487
65768,C,C,*,*,517,17357,488
65769,T,T,*,*,517,17357,489
65770,T,T,*,*,517,17357,490
65771,C,C,*,*,517,17357,491
65772,A,A,*,*,517,17357,492
65773,T,T,*,*,517,17357,493
65774,C,C,*,*,517,17357,494
65775,C,C,*,*,517,17357,495
65776,A,A,*,*,517,17357,496
65777,T,T,*,*,517,17357,497
65778,G,G,*,*,517,17357,498
65779,T,T,*,*,517,17357,499
65780,C,A,*,*,517,17357,500
65781,C,C,*,*,517,17357,501
65782,C,C,*,*,517,17357,502
65783,T,T,*,*,517,17357,503
65784,A,A,*,*,517,17357,504
65785,C,C,*,*,517,17357,505
65786,A,A,*,*,517,17357,506
65787,A,A,*,*,517,17357,507
65788,A,A,*,*,517,17357,508
65789,G,G,*,*,517,17357,509
65790,G,G,*,*,517,17357,510
65791,A,A,*,*,517,17357,511
65792,C,C,*,*,517,17357,512
65793,A,A,*,*,517,17357,513
65794,T,T,*,*,517,17357,514
65795,G,G,*,*,517,17357,515
65796,A,A,*,*,517,17357,516
65797,A,A,*,*,517,17357,517
65798,C,C,*,*,517,17357,518
65799,T,T,*,*,517,17357,519
65800,C,C,*,*,517,17357,520
65801,A,A,*,*,517,17357,521
65802,T,T,*,*,517,17357,522
65803,C,C,*,*,517,17357,523
65804,C,C,*,*,517,17357,524
65806,T,T,*,*,517,17357,525
65807,T,T,*,*,517,17357,526
65808,T,T,*,*,517,17357,527
65809,T,T,*,*,517,17357,528
65810,T,T,*,*,517,17357,529
65811,A,A,*,*,517,17357,530
65812,T,T,*,*,517,17357,531
65813,G,G,*,*,517,17357,532
65814,G,G,*,*,517,17357,533
65815,C,C,*,*,517,17357,534
65816,T,T,*,*,517,17357,535
65817,G,G,*,*,517,17357,536
65818,C,C,*,*,517,17357,537
65819,A,A,*,*,517,17357,538
65820,T,T,*,*,517,17357,539
65821,A,A,*,*,517,17357,540
65822,G,G,*,*,517,17357,541
65823,T,T,*,*,517,17357,542
65824,A,A,*,*,517,17357,543
65825,T,T,*,*,517,17357,544
65826,T,T,*,*,517,17357,545
65827,C,C,*,*,517,17357,546
65828,C,C,*,*,517,17357,547
65829,A,A,*,*,517,17357,548
65830,T,T,*,*,517,17357,549
65831,G,G,*,*,517,17357,550
65832,G,G,*,*,517,17357,551
65833,T,T,*,*,517,17357,552
65834,G,G,*,*,517,17357,553
65835,T,T,*,*,517,17357,554
65836,A,A,*,*,517,17357,555
65837,T,T,*,*,517,17357,556
65838,A,A,*,*,517,17357,557
65839,T,T,*,*,517,17357,558
65840,G,G,*,*,517,17357,559
65841,T,T,*,*,517,17357,560
65842,G,G,*,*,517,17357,561
65843,C,C,*,*,517,17357,562
65844,C,C,*,*,517,17357,563
65845,A,A,*,*,517,17357,564
65846,C,C,*,*,517,17357,565
65847,A,A,*,*,517,17357,566
65848,T,T,*,*,517,17357,567
65849,T,A,*,*,517,17357,568
65850,T,T,*,*,517,17357,569
65851,T,T,*,*,517,17357,570
65852,C,C,*,*,517,17357,571
65853,T,T,*,*,517,17357,572
65854,T,T,*,*,517,17357,573
65855,A,A,*,*,517,17357,574
65856,A,A,*,*,517,17357,575
65857,T,T,*,*,517,17357,576
65858,C,C,*,*,517,17357,577
65859,C,C,*,*,517,17357,578
65860,A,A,*,*,517,17357,579
65861,G,G,*,*,517,17357,580
65862,T,T,*,*,517,17357,581
65863,C,C,*,*,517,17357,582
65864,T,T,*,*,517,17357,583
65865,A,A,*,*,517,17357,584
65866,T,T,*,*,517,17357,585
65867,C,C,*,*,517,17357,586
65868,A,A,*,*,517,17357,587
65869,T,T,*,*,517,17357,588
65870,T,T,*,*,517,17357,589
65871,G,G,*,*,517,17357,590
65872,A,A,*,*,517,17357,591
65873,T,T,*,*,517,17357,592
65874,G,G,*,*,517,17357,593
65875,G,G,*,*,517,17357,594
65876,A,A,*,*,517,17357,595
65877,C,C,*,*,517,17357,596
65878,C,C,*,*,517,17357,597
65879,T,T,*,*,517,17357,598
65880,T,T,*,*,517,17357,599
65881,T,T,*,*,517,17357,600
65882,G,G,*,*,517,17357,601
65883,A,A,*,*,517,17357,602
65884,T,T,*,*,517,17357,603
65885,C,C,*,*,517,17357,604
65886,A,A,*,*,517,17357,605
65887,A,A,*,*,517,17357,606
65912,T,T,G,G,518,17359,606
65931,C,C,T,T,519,17360,606
66047,C,C,T,T,520,17404,606
66100,T,T,C,C,521,17406,606
66102,T,T,C,C,522,17406,606
66135,T,T,C,C,523,17433,606
66172,T,T,C,C,524,17447,606
66181,-,-,C,C,524,17448,606
66181,-,-,C,C,524,17449,606
66181,-,-,T,T,524,17450,606
66181,-,-,G,G,524,17451,606
66181,-,-,G,G,524,17452,606
66181,-,-,G,G,524,17453,606
66181,-,-,G,G,524,17454,606
66181,-,-,C,T,524,17455,606
66181,-,-,T,C,524,17456,606
66181,-,-,C,C,524,17457,606
66181,-,-,C,T,524,17458,606
66181,-,-,T,C,524,17459,606
66186,A,A,G,G,525,17463,606
66330,C,C,T,T,526,17605,606
66457,G,G,A,A,527,17633,606
66528,C,C,A,A,528,17660,606
66754,T,T,C,C,529,17789,606
66803,C,C,T,T,530,17790,606
66885,G,G,A,A,531,17791,606
66932,A,A,G,G,532,17793,606
67118,A,A,G,G,533,17803,606
67145,G,G,A,A,534,17809,606
67171,A,A,C,C,535,17809,606
67187,A,A,G,G,536,17809,606
67218,G,G,C,C,537,17814,606
67501,A,A,G,G,538,17831,606
67529,C,C,T,T,539,17866,606
67531,T,T,C,C,540,17889,606
67573,G,G,A,A,541,17904,606
67641,C,C,G,G,542,17938,606
67666,C,C,T,T,543,17938,606
67674,C,C,T,T,544,17938,606
68001,G,G,A,A,545,17976,606
68017,T,T,C,C,546,17989,606
68619,C,C,-,*,546,18198,607
69504,C,C,-,*,546,18338,608
69664,C,C,-,*,546,18346,609
69665,T,T,-,*,546,18346,610
70260,T,T,*,*,546,18420,611
70261,T,T,*,*,546,18420,612
70274,C,C,*,*,546,18420,613
70275,T,T,*,*,546,18420,614
70276,C,T,*,*,546,18420,615
70277,C,C,*,*,546,18420,616
70278,C,C,*,*,546,18420,617
70279,T,T,*,*,546,18420,618
70280,C,C,*,*,546,18420,619
70281,C,C,*,*,546,18424,620
70282,C,C,*,*,546,18424,621
70283,T,T,*,*,546,18424,622
70284,C,C,*,*,546,18424,623
70285,C,C,*,*,546,18424,624
70286,C,C,*,*,546,18424,625
70287,T,T,*,*,546,18424,626
70288,T,T,*,*,546,18424,627
70289,C,C,*,*,546,18424,628
70290,T,T,*,*,546,18424,629
70291,T,T,*,*,546,18424,630
70292,C,C,*,*,546,18424,631
70293,C,C,*,*,546,18424,632
70294,T,T,*,*,546,18424,633
70295,T,T,*,*,546,18424,634
70296,C,C,*,*,546,18424,635
70297,C,C,*,*,546,18424,636
70298,T,T,*,*,546,18424,637
70299,T,T,*,*,546,18424,638
70300,T,T,*,*,546,18424,639
70301,C,C,*,*,546,18425,640
70302,T,T,*,*,546,18425,641
70303,C,C,*,*,546,18426,642
70304,C,C,*,*,546,18426,643
70305,T,T,*,*,546,18426,644
70306,T,T,*,*,546,18426,645
70307,C,C,*,*,546,18426,646
70308,C,C,*,*,546,18426,647
70309,T,T,*,*,546,18426,648
70310,T,T,*,*,546,18426,649
70311,C,C,*,*,546,18426,650
70312,A,A,*,*,546,18426,651
70313,G,G,*,*,546,18426,652
70314,A,A,*,*,546,18426,653
70315,A,A,*,*,546,18426,654
70316,A,A,*,*,546,18426,655
70317,G,G,*,*,546,18426,656
70318,A,A,*,*,546,18426,657
70319,A,A,*,*,546,18426,658
70320,C,C,*,*,546,18426,659
70321,C,G,*,*,546,18426,660
70322,C,C,*,*,546,18426,661
70323,T,T,*,*,546,18426,662
70324,T,T,*,*,546,18426,663
70325,A,A,*,*,546,18426,664
70326,A,A,*,*,546,18426,665
70327,C,C,*,*,546,18426,666
70328,T,T,*,*,546,18426,667
70329,A,G,*,*,546,18426,668
70330,A,A,*,*,546,18426,669
70331,G,A,*,*,546,18426,670
70332,C,C,*,*,546,18426,671
70333,A,A,*,*,546,18426,672
70334,C,C,*,*,546,18426,673
70335,C,C,*,*,546,18426,674
70336,T,T,*,*,546,18426,675
70337,A,A,*,*,546,18426,676
70338,C,C,*,*,546,18426,677
70339,T,T,*,*,546,18426,678
70340,A,A,*,*,546,18426,679
70341,T,T,*,*,546,18426,680
70342,G,G,*,*,546,18426,681
70343,T,T,*,*,546,18426,682
70344,G,G,*,*,546,18426,683
70345,C,C,*,*,546,18426,684
70346,C,C,*,*,546,18426,685
70347,A,A,*,*,546,18426,686
70348,G,G,*,*,546,18426,687
70349,G,G,*,*,546,18426,688
70350,C,C,*,*,546,18426,689
70351,A,A,*,*,546,18426,690
70489,G,G,A,C,547,18437,690
70808,T,T,C,C,548,18628,690
70809,G,G,T,T,549,18628,690
70814,-,-,C,C,549,18629,690
70833,T,T,C,C,550,18683,690
70842,G,G,A,A,551,18696,690
70855,G,G,C,A,552,18696,690
71054,A,A,G,G,553,18770,690
71106,-,-,G,G,553,18774,690
71111,T,T,A,G,554,18777,690
71162,T,T,C,C,555,18784,690
71183,C,C,G,G,556,18784,690
71319,G,G,C,A,557,18790,690
71368,T,T,A,A,558,18792,690
71382,A,A,C,C,559,18792,690
71420,G,G,C,C,560,18794,690
