150,T,T,A,A,1,26,0
198,A,A,-,-,1,37,1
199,A,A,-,-,1,37,2
200,G,G,-,-,1,37,3
201,C,C,-,-,1,37,4
279,G,G,C,C,2,59,4
300,C,C,T,T,3,59,4
399,T,T,C,C,4,74,4
499,G,G,T,T,5,77,4
583,T,T,C,C,6,81,4
599,A,A,-,-,6,81,5
600,A,A,-,-,6,81,6
795,A,A,T,T,7,116,6
880,G,G,T,T,8,117,6
902,A,A,G,G,9,136,6
978,T,T,G,G,10,150,6
985,G,G,A,T,11,150,6
1023,T,T,A,C,12,150,6
1047,A,A,G,G,13,150,6
1117,T,T,C,C,14,151,6
1349,T,T,-,-,14,169,7
1350,C,C,-,-,14,169,8
1383,A,A,T,C,15,170,8
1425,A,A,G,G,16,170,8
1525,T,T,G,G,17,174,8
1573,C,C,T,T,18,174,8
1667,C,C,T,G,19,178,8
1675,T,T,C,C,20,178,8
1728,C,C,T,T,21,178,8
1782,T,T,C,C,22,178,8
1809,C,C,T,T,23,178,8
1865,A,A,G,G,24,178,8
1993,G,G,A,A,25,207,8
2041,C,C,G,G,26,208,8
2042,T,T,A,A,27,208,8
2108,A,A,G,G,28,213,8
2378,A,A,*,*,28,246,9
2379,T,T,*,*,28,246,10
2380,C,C,*,*,28,246,11
2381,T,T,*,*,28,246,12
2382,A,A,*,*,28,246,13
2383,T,T,*,*,28,246,14
2384,C,C,*,*,28,246,15
2385,T,A,*,*,28,246,16
2386,C,C,*,*,28,246,17
2387,A,A,*,*,28,246,18
2388,T,T,*,*,28,246,19
2389,T,T,*,*,28,246,20
2390,T,T,*,*,28,246,21
2391,C,T,*,*,28,246,22
2392,T,T,*,*,28,246,23
2393,T,T,*,*,28,246,24
2394,T,T,*,*,28,246,25
2395,T,T,*,*,28,246,26
2396,T,T,*,*,28,246,27
2397,T,T,*,*,28,246,28
2398,T,T,*,*,28,246,29
2399,T,T,*,*,28,246,30
2400,T,T,*,*,28,246,31
2401,G,T,*,*,28,246,32
2402,A,A,*,*,28,247,33
2403,G,G,*,*,28,247,34
2404,A,A,*,*,28,247,35
2405,C,C,*,*,28,247,36
2406,G,A,*,*,28,247,37
2407,G,G,*,*,28,247,38
2408,A,A,*,*,28,247,39
2409,G,G,*,*,28,247,40
2410,T,T,*,*,28,247,41
2411,C,C,*,*,28,247,42
2412,T,T,*,*,28,247,43
2413,C,C,*,*,28,247,44
2414,G,G,*,*,28,247,45
2415,C,C,*,*,28,247,46
2416,T,T,*,*,28,247,47
2417,C,C,*,*,28,247,48
2418,T,T,*,*,28,247,49
2419,G,G,*,*,28,247,50
2420,T,T,*,*,28,247,51
2421,C,C,*,*,28,247,52
2422,G,G,*,*,28,247,53
2423,C,C,*,*,28,247,54
2424,C,C,*,*,28,247,55
2425,C,C,*,*,28,247,56
2426,A,A,*,*,28,247,57
2427,G,G,*,*,28,247,58
2428,G,A,*,*,28,247,59
2429,C,C,*,*,28,247,60
2430,T,T,*,*,28,247,61
2431,G,G,*,*,28,247,62
2432,G,G,*,*,28,247,63
2433,A,A,*,*,28,247,64
2434,G,G,*,*,28,247,65
2435,T,T,*,*,28,247,66
2436,G,G,*,*,28,247,67
2437,C,C,*,*,28,247,68
2438,A,A,*,*,28,247,69
2439,G,G,*,*,28,247,70
2440,T,T,*,*,28,247,71
2441,G,G,*,*,28,247,72
2442,G,G,*,*,28,247,73
2443,T,C,*,*,28,247,74
2444,G,G,*,*,28,247,75
2445,T,C,*,*,28,247,76
2446,G,G,*,*,28,247,77
2447,A,A,*,*,28,247,78
2448,T,T,*,*,28,247,79
2449,C,C,*,*,28,247,80
2450,T,T,*,*,28,247,81
2451,C,T,*,*,28,247,82
2452,G,G,*,*,28,247,83
2453,G,G,*,*,28,247,84
2454,C,C,*,*,28,247,85
2455,T,T,*,*,28,247,86
2456,C,C,*,*,28,247,87
2457,A,A,*,*,28,247,88
2458,C,C,*,*,28,247,89
2459,T,T,*,*,28,247,90
2460,G,G,*,*,28,247,91
2461,C,C,*,*,28,247,92
2462,A,A,*,*,28,247,93
2463,A,A,*,*,28,247,94
2464,G,G,*,*,28,247,95
2465,C,C,*,*,28,247,96
2466,T,T,*,*,28,247,97
2467,C,C,*,*,28,247,98
2468,T,C,*,*,28,247,99
2469,G,G,*,*,28,247,100
2470,C,C,*,*,28,247,101
2471,C,C,*,*,28,247,102
2472,T,T,*,*,28,247,103
2473,C,C,*,*,28,247,104
2474,C,C,*,*,28,247,105
2475,T,T,*,*,28,247,106
2476,G,G,*,*,28,247,107
2477,G,G,*,*,28,247,108
2478,G,G,*,*,28,247,109
2479,T,T,*,*,28,247,110
2480,T,T,*,*,28,247,111
2481,C,C,*,*,28,247,112
2482,A,A,*,*,28,247,113
2483,C,C,*,*,28,247,114
2484,A,A,*,*,28,247,115
2485,C,C,*,*,28,247,116
2486,C,C,*,*,28,247,117
2487,A,A,*,*,28,247,118
2488,T,T,*,*,28,247,119
2489,T,T,*,*,28,247,120
2490,C,C,*,*,28,247,121
2491,T,T,*,*,28,247,122
2492,C,C,*,*,28,247,123
2493,C,C,*,*,28,247,124
2494,T,T,*,*,28,247,125
2495,G,G,*,*,28,247,126
2496,C,C,*,*,28,247,127
2497,C,C,*,*,28,247,128
2498,T,T,*,*,28,247,129
2499,C,C,*,*,28,247,130
2500,A,A,*,*,28,247,131
2501,G,G,*,*,28,247,132
2502,C,C,*,*,28,247,133
2503,C,C,*,*,28,247,134
2504,T,T,*,*,28,247,135
2505,C,C,*,*,28,247,136
2506,C,C,*,*,28,247,137
2507,C,T,*,*,28,247,138
2508,G,G,*,*,28,248,139
2509,G,G,*,*,28,248,140
2510,T,T,*,*,28,248,141
2511,A,A,*,*,28,248,142
2512,G,G,*,*,28,248,143
2513,C,C,*,*,28,248,144
2514,T,T,*,*,28,248,145
2515,G,G,*,*,28,248,146
2516,G,G,*,*,28,248,147
2517,G,G,*,*,28,248,148
2518,A,A,*,*,28,248,149
2519,C,C,*,*,28,248,150
2520,T,T,*,*,28,248,151
2521,A,A,*,*,28,248,152
2522,C,C,*,*,28,248,153
2523,A,A,*,*,28,248,154
2524,G,G,*,*,28,248,155
2525,G,G,*,*,28,248,156
2526,C,C,*,*,28,248,157
2527,G,G,*,*,28,248,158
2528,C,C,*,*,28,248,159
2529,C,C,*,*,28,248,160
2530,T,T,*,*,28,248,161
2531,G,G,*,*,28,248,162
2532,C,C,*,*,28,248,163
2533,C,C,*,*,28,248,164
2534,A,A,*,*,28,248,165
2535,C,C,*,*,28,248,166
2536,C,C,*,*,28,248,167
2537,G,G,*,*,28,248,168
2538,C,C,*,*,28,248,169
2539,G,G,*,*,28,248,170
2540,C,C,*,*,28,248,171
2541,C,C,*,*,28,248,172
2542,C,C,*,*,28,248,173
2543,A,G,*,*,28,248,174
2544,G,G,*,*,28,248,175
2545,C,C,*,*,28,248,176
2546,T,T,*,*,28,248,177
2547,A,A,*,*,28,248,178
2548,A,A,*,*,28,248,179
2549,T,T,*,*,28,251,180
2550,T,T,*,*,28,251,181
2551,T,T,*,*,28,251,182
2552,T,T,*,*,28,251,183
2553,T,T,*,*,28,251,184
2554,T,T,*,*,28,251,185
2555,T,T,*,*,28,251,186
2556,T,T,*,*,28,251,187
2557,G,G,*,*,28,251,188
2558,T,T,*,*,28,251,189
2559,A,A,*,*,28,251,190
2560,T,T,*,*,28,251,191
2561,T,T,*,*,28,251,192
2562,T,T,*,*,28,251,193
2563,T,T,*,*,28,251,194
2564,T,T,*,*,28,251,195
2565,A,A,*,*,28,251,196
2566,G,G,*,*,28,251,197
2567,T,T,*,*,28,251,198
2568,A,A,*,*,28,251,199
2569,G,G,*,*,28,251,200
2570,A,A,*,*,28,251,201
2571,G,G,*,*,28,251,202
2572,A,A,*,*,28,251,203
2573,C,C,*,*,28,251,204
2574,G,G,*,*,28,251,205
2575,G,G,*,*,28,251,206
2576,G,G,*,*,28,251,207
2577,G,G,*,*,28,251,208
2578,T,T,*,*,28,251,209
2579,T,T,*,*,28,251,210
2580,T,T,*,*,28,251,211
2581,C,C,*,*,28,251,212
2582,A,A,*,*,28,251,213
2583,C,C,*,*,28,251,214
2584,C,C,*,*,28,251,215
2585,G,G,*,*,28,251,216
2586,T,T,*,*,28,263,217
2587,G,G,*,*,28,263,218
2588,G,G,*,*,28,263,219
2589,T,T,*,*,28,263,220
2590,C,T,*,*,28,263,221
2591,T,T,*,*,28,263,222
2592,C,C,*,*,28,263,223
2593,G,G,*,*,28,263,224
2594,A,A,*,*,28,263,225
2595,T,T,*,*,28,263,226
2596,C,C,*,*,28,263,227
2597,T,T,*,*,28,263,228
2598,C,C,*,*,28,263,229
2599,C,C,*,*,28,263,230
2600,T,T,*,*,28,263,231
2601,G,G,*,*,28,263,232
2602,A,A,*,*,28,263,233
2603,C,C,*,*,28,263,234
2604,C,C,*,*,28,263,235
2605,T,T,*,*,28,263,236
2606,C,C,*,*,28,263,237
2607,G,G,*,*,28,263,238
2608,T,T,*,*,28,263,239
2609,G,G,*,*,28,263,240
2610,A,A,*,*,28,263,241
2611,T,T,*,*,28,263,242
2612,C,C,*,*,28,263,243
2613,C,T,*,*,28,263,244
2614,G,G,*,*,28,263,245
2615,C,C,*,*,28,263,246
2616,C,C,*,*,28,263,247
2617,T,C,*,*,28,263,248
2618,G,G,*,*,28,263,249
2619,C,C,*,*,28,263,250
2620,C,C,*,*,28,263,251
2621,T,T,*,*,28,263,252
2622,T,T,*,*,28,263,253
2623,G,G,*,*,28,263,254
2624,G,G,*,*,28,263,255
2625,C,C,*,*,28,263,256
2626,C,C,*,*,28,263,257
2627,T,T,*,*,28,263,258
2628,C,C,*,*,28,263,259
2629,C,C,*,*,28,263,260
2630,C,C,*,*,28,263,261
2631,A,A,*,*,28,264,262
2632,A,A,*,*,28,264,263
2633,A,A,*,*,28,264,264
2634,G,G,*,*,28,264,265
2635,T,T,*,*,28,264,266
2636,G,G,*,*,28,264,267
2637,C,C,*,*,28,264,268
2638,T,T,*,*,28,264,269
2639,G,G,*,*,28,264,270
2640,G,G,*,*,28,264,271
2641,G,G,*,*,28,264,272
2642,A,A,*,*,28,264,273
2643,T,T,*,*,28,264,274
2644,T,T,*,*,28,264,275
2645,A,A,*,*,28,264,276
2646,C,C,*,*,28,264,277
2647,A,A,*,*,28,264,278
2648,G,G,*,*,28,264,279
2649,G,G,*,*,28,264,280
2650,C,C,*,*,28,264,281
2651,G,G,*,*,28,264,282
2652,T,T,*,*,28,264,283
2653,G,G,*,*,28,264,284
2654,A,A,*,*,28,264,285
2655,G,G,*,*,28,264,286
2656,C,C,*,*,28,264,287
2657,C,C,*,*,28,264,288
2658,A,A,*,*,28,264,289
2659,C,C,*,*,28,264,290
2660,C,C,*,*,28,264,291
2661,G,G,*,*,28,264,292
2662,C,C,*,*,28,264,293
2663,A,A,*,*,28,264,294
2664,C,C,*,*,28,264,295
2665,C,C,*,*,28,264,296
2666,C,C,*,*,28,264,297
2667,G,G,*,*,28,264,298
2668,G,G,*,*,28,264,299
2669,C,C,*,*,28,264,300
2670,T,C,*,*,28,264,301
2671,G,G,*,*,28,264,302
2740,-,-,T,T,28,267,302
2740,-,-,T,T,28,268,302
2740,-,-,G,G,28,269,302
2986,G,G,A,T,29,313,302
3030,C,C,T,T,30,314,302
3305,A,A,G,G,31,354,302
3432,A,T,-,-,31,378,303
3581,-,-,A,A,31,415,303
3581,-,-,T,T,31,416,303
3592,G,G,A,A,32,416,303
3633,T,T,G,G,33,417,303
3730,A,A,T,T,34,418,303
3742,A,A,-,-,34,427,304
3757,A,A,G,G,35,427,304
3814,A,A,G,G,36,432,304
3835,C,C,T,T,37,432,304
3900,T,T,A,C,38,447,304
4620,A,A,G,G,39,493,304
4982,T,T,C,C,40,516,304
5121,A,A,T,T,41,530,304
5228,T,T,A,A,42,567,304
5237,C,C,A,A,43,567,304
5284,G,G,A,C,44,568,304
5286,C,C,T,T,45,568,304
5409,G,G,T,C,46,574,304
5518,A,A,G,G,47,593,304
5543,T,T,C,C,48,596,304
6101,G,G,C,A,49,632,304
6840,A,A,C,C,50,780,304
6878,T,T,C,C,51,781,304
7001,T,T,C,C,52,781,304
7209,A,A,G,C,53,804,304
7374,A,A,G,G,54,822,304
7444,A,A,C,G,55,856,304
7565,A,A,G,G,56,861,304
7589,T,T,C,C,57,861,304
7710,G,G,T,T,58,866,304
7992,C,C,A,A,59,885,304
8566,T,T,C,C,60,942,304
8721,A,A,G,G,61,959,304
8947,-,-,T,T,61,1055,304
9029,T,T,C,C,62,1089,304
9129,G,G,T,C,63,1091,304
9132,A,A,G,G,64,1091,304
9143,A,A,T,T,65,1094,304
9162,T,T,A,A,66,1095,304
9488,A,A,G,G,67,1135,304
9499,A,A,G,G,68,1136,304
9801,A,A,G,G,69,1144,304
10009,T,T,C,C,70,1150,304
10056,C,C,G,A,71,1156,304
10264,A,A,G,C,72,1165,304
10277,A,A,T,T,73,1165,304
10330,G,G,A,A,74,1166,304
10392,T,T,C,C,75,1180,304
10668,T,T,A,A,76,1239,304
10802,A,A,-,-,76,1247,305
10803,A,A,-,-,76,1247,306
10804,A,A,-,-,76,1247,307
10832,G,G,A,A,77,1247,307
10942,C,C,T,T,78,1247,307
11078,G,A,-,-,78,1257,308
11205,A,A,C,C,79,1288,308
11351,T,T,C,C,80,1295,308
11402,G,G,A,A,81,1295,308
11449,C,C,-,-,81,1296,309
11450,T,T,-,-,81,1296,310
11451,C,C,-,-,81,1296,311
11538,T,T,C,C,82,1307,311
11539,G,G,C,T,83,1307,311
11560,A,A,G,G,84,1308,311
11671,T,T,C,G,85,1308,311
11746,G,G,A,A,86,1449,311
11924,-,-,G,G,86,1653,311
11924,-,-,G,G,86,1654,311
12280,T,T,C,C,87,1670,311
12351,A,A,C,G,88,1670,311
12493,A,A,-,-,88,1674,312
12494,T,T,-,-,88,1674,313
12495,T,T,-,-,88,1674,314
12496,T,T,-,-,88,1674,315
12520,C,C,T,T,89,1674,315
12645,T,T,C,C,90,1700,315
12744,C,C,T,T,91,1707,315
12795,G,G,A,A,92,1707,315
12820,T,T,C,C,93,1712,315
12979,G,G,A,A,94,1763,315
13150,A,A,T,C,95,1924,315
13266,C,C,G,A,96,2133,315
13288,T,T,A,A,97,2135,315
13328,G,G,A,A,98,2136,315
13380,C,C,T,T,99,2145,315
13424,A,A,T,T,100,2145,315
13456,C,C,G,G,101,2157,315
13488,A,A,G,G,102,2157,315
13546,T,T,G,G,103,2160,315
13598,G,G,A,A,104,2162,315
13695,A,A,G,G,105,2162,315
13730,C,C,G,G,106,2162,315
13848,T,T,C,C,107,2176,315
13954,C,C,G,G,108,2190,315
13961,T,T,C,C,109,2190,315
14185,C,C,A,A,110,2210,315
14391,C,C,A,T,111,2401,315
14430,-,-,A,A,111,2422,315
14430,-,-,T,T,111,2423,315
14430,-,-,G,T,111,2424,315
14516,G,G,A,A,112,2431,315
14521,T,T,C,C,113,2431,315
14709,T,T,C,C,114,2431,315
14748,G,G,A,A,115,2443,315
14769,T,T,C,C,116,2443,315
14812,T,T,C,C,117,2443,315
14844,T,T,C,C,118,2443,315
14874,T,T,C,C,119,2443,315
14880,C,C,T,T,120,2443,315
14924,G,G,A,A,121,2443,315
14939,T,T,C,A,122,2443,315
14966,T,T,G,A,123,2443,315
14992,T,T,G,G,124,2443,315
15007,A,A,G,G,125,2443,315
15008,A,A,T,T,126,2443,315
15022,C,C,T,T,127,2443,315
15023,A,A,G,G,128,2443,315
15045,C,C,T,T,129,2445,315
15794,C,C,T,T,130,2534,315
15809,G,G,C,A,131,2534,315
15864,T,T,C,A,132,2534,315
15930,T,T,A,A,133,2542,315
15935,C,C,T,A,134,2542,315
15959,A,A,G,G,135,2542,315
16095,C,C,T,T,136,2637,315
16194,T,T,C,C,137,2656,315
16241,A,A,G,T,138,2677,315
16442,T,T,A,A,139,2708,315
16443,T,T,A,A,140,2708,315
16517,A,A,G,G,141,2708,315
16619,C,C,G,A,142,2712,315
16824,A,A,G,G,143,2749,315
16850,G,G,A,A,144,2749,315
16855,A,A,C,C,145,2757,315
16909,A,G,-,-,145,2782,316
16968,G,G,A,A,146,2785,316
16996,A,A,C,C,147,2785,316
17073,A,A,G,G,148,2792,316
17092,A,A,G,G,149,2792,316
17118,C,C,T,T,150,2792,316
17135,C,C,T,T,151,2792,316
17136,A,A,G,G,152,2792,316
17145,A,A,G,G,153,2792,316
17189,C,C,T,T,154,2792,316
17204,C,C,A,T,155,2792,316
17218,A,A,G,G,156,2792,316
17313,C,C,T,T,157,2795,316
17326,A,A,G,G,158,2795,316
17384,A,A,G,G,159,2801,316
17745,C,C,T,T,160,2820,316
17747,A,A,G,G,161,2820,316
17866,A,A,G,G,162,2821,316
17889,C,C,T,T,163,2821,316
18039,C,C,T,T,164,2828,316
18064,G,G,A,A,165,2828,316
18401,C,C,T,T,166,2844,316
18509,T,T,C,A,167,2860,316
18558,T,T,A,A,168,2883,316
18574,C,C,A,A,169,2883,316
18598,T,T,C,C,170,2883,316
18619,T,T,C,C,171,2883,316
18669,C,C,G,G,172,2899,316
18888,T,T,G,G,173,2909,316
18920,A,A,G,G,174,2922,316
18948,C,C,G,T,175,2925,316
18957,A,A,C,T,176,2925,316
18960,T,T,C,C,177,2927,316
19054,A,A,G,G,178,2932,316
19061,C,C,T,T,179,2932,316
19187,C,C,A,A,180,2933,316
19198,C,C,T,T,181,2934,316
19268,C,C,T,T,182,2940,316
19286,C,C,T,T,183,2941,316
19303,T,T,-,-,183,2941,317
19366,C,C,T,T,184,2943,317
19382,A,A,C,C,185,2943,317
19421,A,A,G,G,186,2944,317
19489,T,T,C,C,187,2951,317
19511,A,A,G,G,188,2951,317
19565,G,G,A,A,189,2981,317
19736,T,T,G,G,190,2994,317
19792,T,T,C,C,191,2996,317
19880,A,A,G,G,192,3007,317
20764,-,-,G,G,192,3050,317
20879,A,A,-,-,192,3052,318
20894,A,A,T,T,193,3056,318
20939,T,T,C,C,194,3060,318
21070,A,A,G,G,195,3089,318
21156,T,T,C,C,196,3090,318
21157,G,G,A,A,197,3090,318
21161,C,C,T,T,198,3090,318
21164,T,T,G,G,199,3090,318
21244,T,T,C,C,200,3094,318
21245,A,A,-,-,200,3094,319
21246,G,G,-,-,200,3094,320
21247,G,G,-,-,200,3094,321
21248,C,C,-,-,200,3094,322
21249,C,C,-,-,200,3094,323
21250,A,A,-,-,200,3094,324
21251,G,G,-,-,200,3094,325
21252,A,A,-,-,200,3094,326
21253,A,A,-,-,200,3094,327
21254,T,T,-,-,200,3094,328
21255,A,A,-,-,200,3094,329
21256,A,A,-,-,200,3094,330
21257,G,G,-,-,200,3094,331
21258,G,G,*,*,200,3094,332
21259,A,A,*,*,200,3094,333
21260,C,C,*,*,200,3094,334
21261,A,A,*,*,200,3094,335
21262,T,T,*,*,200,3094,336
21263,G,G,*,*,200,3094,337
21264,A,A,*,*,200,3094,338
21265,A,A,*,*,200,3094,339
21266,C,C,-,-,200,3094,340
21267,A,A,-,-,200,3094,341
21268,A,A,-,-,200,3094,342
21269,G,G,-,-,200,3094,343
21270,G,G,-,-,200,3094,344
21271,C,C,-,-,200,3094,345
21272,A,A,-,-,200,3094,346
21273,G,G,-,-,200,3094,347
21274,G,G,-,-,200,3094,348
21275,G,G,-,-,200,3094,349
21276,A,A,-,-,200,3094,350
21277,A,A,-,-,200,3094,351
21278,T,T,-,-,200,3094,352
21279,G,G,-,-,200,3095,353
21280,A,A,-,-,200,3095,354
21281,A,A,-,-,200,3095,355
21282,C,C,-,-,200,3095,356
21283,A,A,-,-,200,3095,357
21460,G,G,A,T,201,3133,357
21476,A,A,G,G,202,3152,357
21568,T,T,C,C,203,3182,357
21650,C,C,*,*,203,3191,358
21651,A,A,*,*,203,3191,359
21652,A,A,*,*,203,3191,360
21653,G,G,*,*,203,3191,361
21654,T,T,*,*,203,3191,362
21655,T,T,*,*,203,3191,363
21656,T,T,*,*,203,3191,364
21657,T,T,*,*,203,3191,365
21658,T,T,*,*,203,3191,366
21659,T,T,*,*,203,3191,367
21660,T,T,*,*,203,3191,368
21661,T,T,*,*,203,3191,369
21662,T,T,*,*,203,3193,370
21663,T,T,*,*,203,3193,371
21664,T,T,*,*,203,3193,372
21665,T,T,*,*,203,3193,373
21666,T,G,*,*,203,3193,374
21667,T,T,*,*,203,3193,375
21668,T,T,*,*,203,3193,376
21669,T,T,*,*,203,3193,377
21670,T,T,*,*,203,3193,378
21673,G,G,*,*,203,3197,379
21674,A,A,*,*,203,3197,380
21675,G,G,*,*,203,3197,381
21676,A,A,*,*,203,3197,382
21677,C,C,*,*,203,3197,383
21678,G,G,*,*,203,3197,384
21679,G,G,*,*,203,3197,385
21680,A,A,*,*,203,3197,386
21681,A,G,*,*,203,3197,387
21682,T,T,*,*,203,3197,388
21683,C,C,*,*,203,3197,389
21684,T,T,*,*,203,3197,390
21685,C,C,*,*,203,3197,391
21686,A,G,*,*,203,3197,392
21687,C,C,*,*,203,3197,393
21688,T,T,*,*,203,3197,394
21689,C,C,*,*,203,3197,395
21690,T,T,*,*,203,3197,396
21691,G,G,*,*,203,3197,397
21692,T,T,*,*,203,3197,398
21693,C,C,*,*,203,3197,399
21694,A,A,*,*,203,3197,400
21695,C,C,*,*,203,3197,401
21696,C,C,*,*,203,3197,402
21697,A,A,*,*,203,3197,403
21698,A,A,*,*,203,3197,404
21699,G,G,*,*,203,3197,405
21700,G,G,*,*,203,3197,406
21701,C,C,*,*,203,3197,407
21702,T,T,*,*,203,3197,408
21703,G,G,*,*,203,3197,409
21704,G,G,*,*,203,3197,410
21705,A,A,*,*,203,3197,411
21706,G,G,*,*,203,3210,412
21707,T,T,*,*,203,3210,413
21708,C,C,*,*,203,3210,414
21709,T,T,*,*,203,3210,415
21710,C,C,*,*,203,3210,416
21711,G,G,*,*,203,3210,417
21712,G,G,*,*,203,3210,418
21713,C,C,*,*,203,3210,419
21714,T,T,*,*,203,3210,420
21715,C,C,*,*,203,3210,421
21716,A,A,*,*,203,3210,422
21717,C,C,*,*,203,3210,423
21719,G,G,*,*,203,3210,424
21720,C,C,*,*,203,3210,425
21721,C,C,*,*,203,3210,426
21722,A,A,*,*,203,3210,427
21723,G,G,*,*,203,3210,428
21724,C,C,*,*,203,3210,429
21725,T,T,*,*,203,3210,430
21726,C,C,*,*,203,3210,431
21727,C,C,*,*,203,3210,432
21728,A,G,*,*,203,3210,433
21729,C,C,*,*,203,3210,434
21730,C,C,*,*,203,3210,435
21731,T,T,*,*,203,3210,436
21732,C,C,*,*,203,3210,437
21733,C,C,*,*,203,3210,438
21734,C,C,*,*,203,3210,439
21735,G,G,*,*,203,3210,440
21736,G,G,*,*,203,3210,441
21737,G,G,*,*,203,3210,442
21738,T,T,*,*,203,3210,443
21739,T,T,*,*,203,3210,444
21740,C,C,*,*,203,3210,445
21741,A,A,*,*,203,3210,446
21742,T,T,*,*,203,3210,447
21743,G,G,*,*,203,3210,448
21744,C,C,*,*,203,3210,449
21745,C,C,*,*,203,3210,450
21746,A,A,*,*,203,3210,451
21747,T,T,*,*,203,3210,452
21748,T,T,*,*,203,3210,453
21749,C,C,*,*,203,3210,454
21750,T,T,*,*,203,3210,455
21751,C,C,*,*,203,3210,456
21752,C,C,*,*,203,3210,457
21753,T,T,*,*,203,3210,458
21754,G,G,*,*,203,3210,459
21755,C,C,*,*,203,3210,460
21756,C,C,*,*,203,3210,461
21757,T,T,*,*,203,3210,462
21758,C,C,*,*,203,3210,463
21759,A,A,*,*,203,3210,464
21760,G,G,*,*,203,3210,465
21761,C,C,*,*,203,3210,466
21762,C,C,*,*,203,3210,467
21763,T,T,*,*,203,3210,468
21764,C,C,*,*,203,3210,469
21765,C,C,*,*,203,3210,470
21766,C,C,*,*,203,3210,471
21767,A,A,*,*,203,3210,472
21768,A,A,*,*,203,3210,473
21769,G,G,*,*,203,3210,474
21770,T,T,*,*,203,3210,475
21771,A,A,*,*,203,3210,476
21772,G,G,*,*,203,3210,477
21773,C,C,*,*,203,3210,478
21774,T,T,*,*,203,3210,479
21775,G,G,*,*,203,3210,480
21776,G,G,*,*,203,3210,481
21777,G,G,*,*,203,3210,482
21778,A,A,*,*,203,3210,483
21779,C,C,*,*,203,3210,484
21780,T,T,*,*,203,3210,485
21781,A,A,*,*,203,3210,486
21782,C,C,*,*,203,3210,487
21783,A,A,*,*,203,3210,488
21784,G,G,*,*,203,3210,489
21785,G,G,*,*,203,3210,490
21786,C,C,*,*,203,3210,491
21787,G,G,*,*,203,3210,492
21788,C,C,*,*,203,3210,493
21789,C,C,*,*,203,3210,494
21790,C,T,*,*,203,3210,495
21791,G,G,*,*,203,3210,496
21792,C,C,*,*,203,3210,497
21793,C,C,*,*,203,3210,498
21794,A,A,*,*,203,3210,499
21795,C,C,*,*,203,3210,500
21796,C,C,*,*,203,3210,501
21797,A,A,*,*,203,3210,502
21798,C,G,*,*,203,3210,503
21799,G,G,*,*,203,3210,504
21800,C,C,*,*,203,3210,505
21801,C,C,*,*,203,3210,506
21802,C,T,*,*,203,3210,507
21803,G,G,*,*,203,3210,508
21804,G,G,*,*,203,3210,509
21805,C,C,*,*,203,3210,510
21806,T,T,*,*,203,3210,511
21807,G,A,*,*,203,3210,512
21808,A,A,*,*,203,3210,513
21810,T,T,*,*,203,3210,514
21811,T,T,*,*,203,3210,515
21812,T,T,*,*,203,3210,516
21813,T,T,*,*,203,3210,517
21814,T,T,*,*,203,3210,518
21815,T,T,*,*,203,3210,519
21816,G,G,*,*,203,3210,520
21817,T,T,*,*,203,3210,521
21818,A,A,*,*,203,3210,522
21819,T,T,*,*,203,3210,523
21820,T,T,*,*,203,3210,524
21821,T,T,*,*,203,3210,525
21822,T,T,*,*,203,3210,526
21823,T,T,*,*,203,3210,527
21824,A,A,*,*,203,3210,528
21825,G,G,*,*,203,3210,529
21826,T,T,*,*,203,3210,530
21827,A,A,*,*,203,3210,531
21828,G,G,*,*,203,3210,532
21829,A,A,*,*,203,3210,533
21830,G,G,*,*,203,3210,534
21831,A,A,*,*,203,3210,535
21832,C,C,*,*,203,3210,536
21833,G,G,*,*,203,3210,537
21834,G,G,*,*,203,3210,538
21835,G,G,*,*,203,3210,539
21836,G,G,*,*,203,3210,540
21837,T,T,*,*,203,3210,541
21838,T,T,*,*,203,3210,542
21839,T,T,*,*,203,3210,543
21840,C,C,*,*,203,3210,544
21841,A,A,*,*,203,3210,545
21842,C,C,*,*,203,3210,546
21843,C,T,*,*,203,3210,547
21844,G,G,*,*,203,3210,548
21845,T,T,*,*,203,3210,549
21846,G,G,*,*,203,3210,550
21847,T,T,*,*,203,3210,551
21848,T,T,*,*,203,3210,552
21849,A,A,*,*,203,3210,553
21850,G,G,*,*,203,3210,554
21851,C,C,*,*,203,3210,555
21852,C,C,*,*,203,3210,556
21853,A,A,*,*,203,3210,557
21854,G,G,*,*,203,3210,558
21855,G,G,*,*,203,3210,559
21856,A,A,*,*,203,3210,560
21857,T,T,*,*,203,3210,561
21858,G,G,*,*,203,3210,562
21859,G,G,*,*,203,3210,563
21860,T,T,*,*,203,3210,564
21861,C,C,*,*,203,3210,565
21862,T,T,*,*,203,3210,566
21863,C,C,*,*,203,3210,567
21864,G,G,*,*,203,3210,568
21865,A,A,*,*,203,3210,569
21866,T,T,*,*,203,3210,570
21867,C,C,*,*,203,3210,571
21868,T,T,*,*,203,3210,572
21869,C,C,*,*,203,3210,573
21871,T,T,*,*,203,3210,574
21872,G,G,*,*,203,3210,575
21873,C,A,*,*,203,3210,576
21874,C,C,*,*,203,3210,577
21875,C,C,*,*,203,3210,578
21876,T,T,*,*,203,3210,579
21877,T,C,*,*,203,3212,580
21878,G,G,*,*,203,3212,581
21879,T,T,*,*,203,3212,582
21880,G,G,*,*,203,3212,583
21881,A,A,*,*,203,3212,584
21882,T,T,*,*,203,3212,585
21883,C,C,*,*,203,3212,586
21886,C,A,*,*,203,3212,587
21887,C,C,*,*,203,3212,588
21888,C,T,*,*,203,3212,589
21889,G,G,*,*,203,3212,590
21890,C,C,*,*,203,3212,591
21891,C,C,*,*,203,3212,592
21892,T,T,*,*,203,3212,593
21893,C,C,*,*,203,3212,594
21894,G,G,*,*,203,3212,595
21895,G,G,*,*,203,3212,596
21896,C,C,*,*,203,3212,597
21897,C,C,*,*,203,3212,598
21898,T,T,*,*,203,3212,599
21899,C,C,*,*,203,3212,600
21900,C,C,*,*,203,3212,601
21901,C,C,*,*,203,3212,602
21902,A,A,*,*,203,3212,603
21903,A,A,*,*,203,3212,604
21904,A,A,*,*,203,3212,605
21905,G,G,*,*,203,3212,606
21906,T,T,*,*,203,3212,607
21907,G,G,*,*,203,3212,608
21908,C,C,*,*,203,3212,609
21909,T,T,*,*,203,3212,610
21910,G,G,*,*,203,3212,611
21911,G,G,*,*,203,3212,612
21912,G,G,*,*,203,3212,613
21913,A,A,*,*,203,3212,614
21914,T,T,*,*,203,3212,615
21915,T,T,*,*,203,3212,616
21916,A,A,*,*,203,3212,617
21917,C,C,*,*,203,3212,618
21918,A,A,*,*,203,3212,619
21919,G,G,*,*,203,3212,620
21920,G,G,*,*,203,3212,621
21921,C,C,*,*,203,3212,622
21922,G,G,*,*,203,3212,623
21923,T,T,*,*,203,3212,624
21924,G,G,*,*,203,3212,625
21925,A,A,*,*,203,3212,626
21926,G,G,*,*,203,3212,627
21927,C,C,*,*,203,3212,628
21928,C,C,*,*,203,3212,629
21929,A,A,*,*,203,3212,630
21930,C,C,*,*,203,3212,631
21931,C,C,*,*,203,3212,632
21932,G,G,*,*,203,3212,633
21933,C,C,*,*,203,3212,634
21934,G,G,*,*,203,3212,635
21935,C,C,*,*,203,3212,636
21936,C,C,*,*,203,3212,637
21937,C,C,*,*,203,3212,638
21938,G,G,*,*,203,3212,639
21939,G,G,*,*,203,3212,640
21940,C,C,*,*,203,3212,641
21941,C,C,*,*,203,3212,642
22029,-,-,T,T,203,3225,642
22088,C,C,T,T,204,3225,642
22123,T,T,*,*,204,3225,643
22124,A,A,*,*,204,3225,644
22125,A,A,*,*,204,3225,645
22126,A,A,*,*,204,3225,646
22127,T,T,*,*,204,3225,647
22128,G,G,*,*,204,3225,648
22129,C,C,*,*,204,3225,649
22130,T,T,*,*,204,3225,650
22131,T,T,*,*,204,3225,651
22132,T,T,*,*,204,3225,652
22133,T,T,*,*,204,3225,653
22134,C,C,*,*,204,3225,654
22135,T,T,*,*,204,3225,655
22136,A,A,*,*,204,3225,656
22137,C,C,*,*,204,3225,657
22138,T,T,*,*,204,3225,658
22139,T,T,*,*,204,3225,659
22140,T,T,*,*,204,3225,660
22141,C,C,*,*,204,3225,661
22142,T,T,*,*,204,3225,662
22143,G,G,*,*,204,3225,663
22144,T,T,*,*,204,3225,664
22145,C,C,*,*,204,3225,665
22146,T,T,*,*,204,3225,666
22147,T,T,*,*,204,3225,667
22148,T,T,*,*,204,3225,668
22149,G,G,*,*,204,3225,669
22150,A,A,*,*,204,3225,670
22151,A,A,*,*,204,3225,671
22152,T,T,*,*,204,3225,672
22153,T,T,*,*,204,3225,673
22154,T,T,*,*,204,3225,674
22155,C,C,*,*,204,3225,675
22156,T,T,*,*,204,3225,676
22157,C,C,*,*,204,3225,677
22158,T,T,*,*,204,3225,678
22159,A,A,*,*,204,3225,679
22160,G,G,*,*,204,3225,680
22161,C,G,*,*,204,3225,681
22162,T,T,*,*,204,3225,682
22163,A,A,*,*,204,3225,683
22164,T,T,*,*,204,3225,684
22165,C,C,*,*,204,3225,685
22166,T,T,*,*,204,3225,686
22167,C,C,*,*,204,3225,687
22168,A,A,*,*,204,3225,688
22169,T,T,*,*,204,3225,689
22170,A,A,*,*,204,3225,690
22171,G,G,*,*,204,3225,691
22172,G,G,*,*,204,3225,692
22173,T,T,*,*,204,3225,693
22174,A,A,*,*,204,3225,694
22175,C,C,*,*,204,3225,695
22176,T,T,*,*,204,3225,696
22177,T,T,*,*,204,3225,697
22178,A,A,*,*,204,3225,698
22179,G,G,*,*,204,3225,699
22180,G,G,*,*,204,3225,700
22181,T,T,*,*,204,3225,701
22182,A,A,*,*,204,3225,702
22183,T,T,*,*,204,3225,703
22184,C,C,*,*,204,3225,704
22185,T,T,*,*,204,3225,705
22186,C,C,*,*,204,3225,706
22187,A,A,*,*,204,3225,707
22188,T,T,*,*,204,3225,708
22189,A,A,*,*,204,3225,709
22190,G,G,*,*,204,3225,710
22191,A,A,*,*,204,3225,711
22192,A,A,*,*,204,3225,712
22193,G,G,*,*,204,3225,713
22194,T,T,*,*,204,3225,714
22195,G,G,*,*,204,3225,715
22196,G,G,*,*,204,3225,716
22197,A,A,*,*,204,3225,717
22198,A,A,*,*,204,3225,718
22199,T,T,*,*,204,3225,719
22200,C,C,*,*,204,3225,720
22201,A,A,*,*,204,3225,721
22202,T,T,*,*,204,3225,722
22203,G,A,*,*,204,3225,723
22204,C,C,*,*,204,3225,724
22205,A,A,*,*,204,3225,725
22206,A,A,*,*,204,3225,726
22207,T,T,*,*,204,3225,727
22208,A,A,*,*,204,3225,728
22209,T,T,*,*,204,3225,729
22210,T,T,*,*,204,3225,730
22211,T,T,*,*,204,3225,731
22212,A,A,*,*,204,3225,732
22213,T,T,*,*,204,3225,733
22214,C,C,*,*,204,3225,734
22215,T,T,*,*,204,3225,735
22216,T,T,*,*,204,3225,736
22217,T,T,*,*,204,3225,737
22218,T,T,*,*,204,3225,738
22219,T,T,*,*,204,3225,739
22220,G,G,*,*,204,3225,740
22221,T,T,*,*,204,3225,741
22222,G,G,*,*,204,3225,742
22223,T,T,*,*,204,3225,743
22224,C,C,*,*,204,3225,744
22225,T,T,*,*,204,3225,745
22226,G,G,*,*,204,3225,746
22227,G,G,*,*,204,3225,747
22228,C,C,*,*,204,3225,748
22229,T,T,*,*,204,3225,749
22230,T,T,*,*,204,3225,750
22231,A,A,*,*,204,3225,751
22232,T,T,*,*,204,3225,752
22233,T,T,*,*,204,3225,753
22234,T,T,*,*,204,3225,754
22235,C,C,*,*,204,3225,755
22236,A,A,*,*,204,3225,756
22237,T,T,*,*,204,3225,757
22238,G,G,*,*,204,3225,758
22239,T,T,*,*,204,3225,759
22240,G,G,*,*,204,3225,760
22241,G,A,*,*,204,3225,761
22242,C,C,*,*,204,3225,762
22243,A,A,*,*,204,3225,763
22244,T,T,*,*,204,3225,764
22245,A,A,*,*,204,3225,765
22246,T,T,*,*,204,3225,766
22247,T,T,*,*,204,3225,767
22248,T,T,*,*,204,3225,768
22249,C,C,*,*,204,3225,769
22250,A,A,*,*,204,3225,770
22251,T,T,*,*,204,3225,771
22252,G,G,*,*,204,3225,772
22253,T,T,*,*,204,3225,773
22254,G,G,*,*,204,3225,774
22255,G,G,*,*,204,3225,775
22256,C,C,*,*,204,3225,776
22257,A,A,*,*,204,3225,777
22258,A,A,*,*,204,3225,778
22259,G,G,*,*,204,3225,779
22260,A,A,*,*,204,3225,780
22261,T,T,*,*,204,3225,781
22262,T,T,*,*,204,3225,782
22263,C,C,*,*,204,3225,783
22264,A,A,*,*,204,3225,784
22265,T,T,*,*,204,3225,785
22266,C,C,*,*,204,3225,786
22267,A,A,*,*,204,3225,787
22268,G,G,*,*,204,3225,788
22269,T,T,*,*,204,3225,789
22270,G,G,*,*,204,3225,790
22271,T,T,*,*,204,3225,791
22272,T,T,*,*,204,3225,792
22273,G,G,*,*,204,3225,793
22274,T,T,*,*,204,3225,794
22275,A,A,*,*,204,3225,795
22276,G,G,*,*,204,3225,796
22277,C,C,*,*,204,3225,797
22278,C,C,*,*,204,3225,798
22279,T,T,*,*,204,3225,799
22280,G,G,*,*,204,3225,800
22281,T,T,*,*,204,3225,801
22282,A,A,*,*,204,3225,802
22283,T,T,*,*,204,3225,803
22284,C,C,*,*,204,3225,804
22285,A,A,*,*,204,3225,805
22286,A,A,*,*,204,3225,806
22287,A,A,*,*,204,3225,807
22288,A,A,*,*,204,3225,808
22289,T,T,*,*,204,3225,809
22290,T,T,*,*,204,3225,810
22291,T,T,*,*,204,3225,811
22292,T,T,*,*,204,3225,812
22293,A,A,*,*,204,3225,813
22294,G,G,*,*,204,3225,814
22295,T,T,*,*,204,3225,815
22296,C,C,*,*,204,3225,816
22297,C,C,*,*,204,3225,817
22298,T,T,*,*,204,3225,818
22299,T,T,*,*,204,3225,819
22300,T,T,*,*,204,3225,820
22301,T,T,*,*,204,3225,821
22302,A,A,*,*,204,3225,822
22303,A,A,*,*,204,3225,823
22304,G,G,*,*,204,3225,824
22305,G,G,*,*,204,3225,825
22306,C,C,*,*,204,3225,826
22307,T,T,*,*,204,3225,827
22308,G,G,*,*,204,3225,828
22309,A,A,*,*,204,3225,829
22310,A,A,*,*,204,3225,830
22311,T,T,*,*,204,3225,831
22312,A,A,*,*,204,3225,832
22313,A,A,*,*,204,3225,833
22314,T,T,*,*,204,3225,834
22315,A,A,*,*,204,3225,835
22316,G,G,*,*,204,3225,836
22317,T,T,*,*,204,3225,837
22318,T,T,*,*,204,3225,838
22319,C,C,*,*,204,3225,839
22320,A,C,*,*,204,3225,840
22321,T,T,*,*,204,3225,841
22322,C,T,*,*,204,3225,842
22323,G,G,*,*,204,3225,843
22324,T,T,*,*,204,3225,844
22325,A,A,*,*,204,3225,845
22326,T,T,*,*,204,3225,846
22327,G,G,*,*,204,3225,847
22328,T,T,*,*,204,3225,848
22329,A,A,*,*,204,3225,849
22330,T,T,*,*,204,3225,850
22331,A,A,*,*,204,3225,851
22332,T,T,*,*,204,3225,852
22333,A,A,*,*,204,3225,853
22334,C,C,*,*,204,3225,854
22335,C,C,*,*,204,3225,855
22336,A,A,*,*,204,3225,856
22337,C,C,*,*,204,3225,857
22338,A,A,*,*,204,3225,858
22339,T,T,*,*,204,3225,859
22340,T,T,*,*,204,3225,860
22341,T,T,*,*,204,3225,861
22342,G,G,*,*,204,3225,862
22343,T,T,*,*,204,3225,863
22344,G,G,*,*,204,3225,864
22345,T,T,*,*,204,3225,865
22346,A,A,*,*,204,3225,866
22347,T,T,*,*,204,3225,867
22348,C,C,*,*,204,3225,868
22349,T,T,*,*,204,3225,869
22350,C,C,*,*,204,3225,870
22351,T,T,*,*,204,3225,871
22352,T,T,*,*,204,3225,872
22353,C,C,*,*,204,3225,873
22354,A,A,*,*,204,3225,874
22355,T,T,*,*,204,3225,875
22356,C,C,*,*,204,3225,876
22357,T,T,*,*,204,3225,877
22358,A,A,*,*,204,3225,878
22359,T,T,*,*,204,3225,879
22360,T,T,*,*,204,3225,880
22361,G,G,*,*,204,3225,881
22362,A,A,*,*,204,3225,882
22363,T,T,*,*,204,3225,883
22364,G,G,*,*,204,3225,884
22365,G,G,*,*,204,3225,885
22366,A,A,*,*,204,3225,886
22367,C,C,*,*,204,3225,887
22368,A,A,*,*,204,3225,888
22369,C,C,*,*,204,3225,889
22370,T,T,*,*,204,3225,890
22371,T,T,*,*,204,3225,891
22372,G,G,*,*,204,3225,892
22373,A,A,*,*,204,3225,893
22374,G,G,*,*,204,3225,894
22375,T,T,*,*,204,3225,895
22376,T,T,*,*,204,3225,896
22377,A,A,*,*,204,3225,897
22378,G,G,*,*,204,3225,898
22379,C,C,*,*,204,3225,899
22380,T,T,*,*,204,3225,900
22381,G,G,*,*,204,3225,901
22382,G,G,*,*,204,3225,902
22383,G,G,*,*,204,3225,903
22384,C,C,*,*,204,3225,904
22385,A,A,*,*,204,3225,905
22386,G,G,*,*,204,3225,906
22387,T,T,*,*,204,3225,907
22388,T,T,*,*,204,3225,908
22389,A,A,*,*,204,3225,909
22390,T,T,*,*,204,3225,910
22391,T,T,*,*,204,3225,911
22392,G,G,*,*,204,3225,912
22393,C,C,*,*,204,3225,913
22394,T,T,*,*,204,3225,914
22395,T,T,*,*,204,3225,915
22396,G,G,*,*,204,3225,916
22397,T,T,*,*,204,3225,917
22398,G,G,*,*,204,3225,918
22399,G,G,*,*,204,3225,919
22400,T,T,*,*,204,3225,920
22401,C,C,*,*,204,3225,921
22402,T,T,*,*,204,3225,922
22403,C,C,*,*,204,3225,923
22404,A,A,*,*,204,3225,924
22405,T,T,*,*,204,3225,925
22406,G,G,*,*,204,3225,926
22407,T,T,*,*,204,3225,927
22408,G,G,*,*,204,3225,928
22409,G,G,*,*,204,3225,929
22410,C,C,*,*,204,3225,930
22411,T,T,*,*,204,3225,931
22412,G,G,*,*,204,3225,932
22413,C,C,*,*,204,3225,933
22414,A,A,*,*,204,3225,934
22415,G,G,*,*,204,3225,935
22416,T,T,*,*,204,3225,936
22417,C,C,*,*,204,3225,937
22418,A,A,*,*,204,3225,938
22419,G,G,*,*,204,3225,939
22420,C,C,*,*,204,3225,940
22421,T,T,*,*,204,3225,941
22422,G,G,*,*,204,3225,942
22423,T,T,*,*,204,3225,943
22424,C,C,*,*,204,3225,944
22425,A,A,*,*,204,3225,945
22426,G,G,*,*,204,3225,946
22427,C,C,*,*,204,3225,947
22428,T,C,*,*,204,3225,948
22429,A,A,*,*,204,3225,949
22430,G,G,*,*,204,3225,950
22431,G,G,*,*,204,3225,951
22432,G,G,*,*,204,3225,952
22433,C,C,*,*,204,3225,953
22434,T,T,*,*,204,3225,954
22435,C,C,*,*,204,3225,955
22436,A,A,*,*,204,3225,956
22437,A,A,*,*,204,3225,957
22438,G,G,*,*,204,3225,958
22439,T,T,*,*,204,3225,959
22440,T,T,*,*,204,3225,960
22441,A,A,*,*,204,3225,961
22442,T,T,*,*,204,3225,962
22443,C,C,*,*,204,3225,963
22444,C,C,*,*,204,3225,964
22445,T,T,*,*,204,3228,965
22446,T,T,*,*,204,3228,966
22447,T,T,*,*,204,3228,967
22448,T,T,*,*,204,3228,968
22449,T,T,*,*,204,3228,969
22450,T,T,*,*,204,3228,970
22451,G,G,*,*,204,3228,971
22452,G,G,*,*,204,3228,972
22453,T,T,*,*,204,3228,973
22454,A,A,*,*,204,3228,974
22455,G,G,*,*,204,3228,975
22456,A,A,*,*,204,3228,976
22457,G,G,*,*,204,3228,977
22458,A,A,*,*,204,3228,978
22459,T,T,*,*,204,3228,979
22460,G,G,*,*,204,3228,980
22461,G,G,*,*,204,3228,981
22462,G,G,*,*,204,3228,982
22463,T,T,*,*,204,3228,983
22464,G,G,*,*,204,3228,984
22465,G,G,*,*,204,3228,985
22466,G,G,*,*,204,3228,986
22467,G,G,*,*,204,3228,987
22468,A,A,*,*,204,3228,988
22469,T,T,*,*,204,3228,989
22470,C,C,*,*,204,3228,990
22471,A,A,*,*,204,3228,991
22472,T,T,*,*,204,3228,992
22473,G,G,*,*,204,3228,993
22474,C,C,*,*,204,3228,994
22475,T,T,*,*,204,3228,995
22476,C,C,*,*,204,3228,996
22477,T,T,*,*,204,3228,997
22478,G,G,*,*,204,3228,998
22479,T,T,*,*,204,3228,999
22480,T,T,*,*,204,3228,1000
22481,G,G,*,*,204,3228,1001
22482,C,C,*,*,204,3228,1002
22483,T,C,*,*,204,3228,1003
22484,C,C,*,*,204,3228,1004
22485,A,A,*,*,204,3228,1005
22486,G,G,*,*,204,3228,1006
22487,G,G,*,*,204,3228,1007
22488,T,T,*,*,204,3228,1008
22489,T,T,*,*,204,3228,1009
22490,G,G,*,*,204,3228,1010
22491,G,G,*,*,204,3228,1011
22492,T,T,*,*,204,3228,1012
22493,C,C,*,*,204,3228,1013
22494,T,T,*,*,204,3228,1014
22495,T,T,*,*,204,3228,1015
22496,G,G,*,*,204,3228,1016
22497,A,A,*,*,204,3228,1017
22498,T,T,*,*,204,3228,1018
22499,C,C,*,*,204,3228,1019
22500,T,T,*,*,204,3228,1020
22501,C,C,*,*,204,3228,1021
22502,T,T,*,*,204,3228,1022
22503,T,T,*,*,204,3228,1023
22504,G,G,*,*,204,3228,1024
22505,G,G,*,*,204,3228,1025
22506,C,C,*,*,204,3228,1026
22507,C,C,*,*,204,3228,1027
22508,T,T,*,*,204,3228,1028
22509,C,C,*,*,204,3228,1029
22510,A,A,*,*,204,3228,1030
22511,A,A,*,*,204,3228,1031
22512,G,G,*,*,204,3228,1032
22513,T,T,*,*,204,3228,1033
22514,A,A,*,*,204,3228,1034
22515,A,A,*,*,204,3228,1035
22516,T,T,*,*,204,3228,1036
22517,T,T,*,*,204,3229,1037
22518,A,A,*,*,204,3229,1038
22519,T,A,*,*,204,3229,1039
22520,C,C,*,*,204,3229,1040
22521,C,C,*,*,204,3229,1041
22522,T,T,*,*,204,3229,1042
22523,G,G,*,*,204,3229,1043
22524,C,C,*,*,204,3229,1044
22525,C,C,*,*,204,3229,1045
22526,T,T,*,*,204,3229,1046
22527,T,T,*,*,204,3229,1047
22528,G,G,*,*,204,3229,1048
22529,G,G,*,*,204,3229,1049
22530,C,T,*,*,204,3229,1050
22531,C,C,*,*,204,3229,1051
22532,T,T,*,*,204,3229,1052
22533,C,C,*,*,204,3229,1053
22534,C,C,*,*,204,3229,1054
22535,C,C,*,*,204,3229,1055
22536,A,A,*,*,204,3229,1056
22537,A,A,*,*,204,3229,1057
22538,A,A,*,*,204,3229,1058
22539,G,G,*,*,204,3229,1059
22540,T,T,*,*,204,3229,1060
22541,G,G,*,*,204,3229,1061
22542,C,C,*,*,204,3229,1062
22543,T,T,*,*,204,3229,1063
22544,G,G,*,*,204,3229,1064
22545,G,G,*,*,204,3229,1065
22546,G,G,*,*,204,3229,1066
22547,A,A,*,*,204,3229,1067
22548,T,T,*,*,204,3229,1068
22549,T,T,*,*,204,3229,1069
22550,A,A,*,*,204,3229,1070
22551,C,C,*,*,204,3229,1071
22552,A,A,*,*,204,3229,1072
22553,T,T,*,*,204,3229,1073
22554,C,C,*,*,204,3229,1074
22555,A,A,*,*,204,3229,1075
22556,T,T,*,*,204,3229,1076
22557,G,G,*,*,204,3229,1077
22558,A,A,*,*,204,3229,1078
22559,G,G,*,*,204,3229,1079
22560,C,C,*,*,204,3229,1080
22561,C,C,*,*,204,3229,1081
22562,A,A,*,*,204,3229,1082
22563,C,C,*,*,204,3229,1083
22564,C,C,*,*,204,3229,1084
22565,A,A,*,*,204,3229,1085
22566,T,T,*,*,204,3229,1086
22567,G,G,*,*,204,3229,1087
22568,C,C,*,*,204,3229,1088
22569,C,C,*,*,204,3229,1089
22570,C,C,*,*,204,3229,1090
22571,A,A,*,*,204,3229,1091
22572,T,T,*,*,204,3229,1092
22573,C,C,*,*,204,3229,1093
22574,C,C,*,*,204,3229,1094
22575,A,A,*,*,204,3229,1095
22576,G,G,*,*,204,3229,1096
22577,G,G,*,*,204,3229,1097
22578,G,G,*,*,204,3229,1098
22579,C,C,*,*,204,3229,1099
22580,T,T,*,*,204,3229,1100
22581,C,C,*,*,204,3229,1101
22582,A,A,*,*,204,3229,1102
22583,A,A,*,*,204,3229,1103
22584,G,G,*,*,204,3229,1104
22585,T,T,*,*,204,3229,1105
22586,T,T,*,*,204,3229,1106
22587,A,A,*,*,204,3229,1107
22588,T,T,*,*,204,3229,1108
22589,C,C,*,*,204,3229,1109
22590,T,T,*,*,204,3229,1110
22591,A,A,*,*,204,3229,1111
22592,A,A,*,*,204,3229,1112
22593,A,A,*,*,204,3229,1113
22594,G,G,*,*,204,3229,1114
22595,G,G,*,*,204,3229,1115
22596,C,C,*,*,204,3229,1116
22597,T,T,*,*,204,3229,1117
22598,T,T,*,*,204,3229,1118
22599,G,G,*,*,204,3229,1119
22600,A,A,*,*,204,3229,1120
22601,C,C,*,*,204,3229,1121
22602,C,C,*,*,204,3229,1122
22603,A,A,*,*,204,3229,1123
22604,A,A,*,*,204,3229,1124
22605,G,G,*,*,204,3229,1125
22606,G,G,*,*,204,3229,1126
22607,C,C,*,*,204,3229,1127
22668,C,C,*,-,204,3229,1128
22669,T,T,*,-,204,3229,1129
22887,A,A,*,-,204,3237,1130
23237,A,A,T,G,205,3252,1130
23272,G,G,A,A,206,3252,1130
23278,A,A,G,G,207,3254,1130
23618,A,A,G,G,208,3291,1130
23807,C,C,*,-,208,3304,1131
23859,A,A,*,-,208,3316,1132
23895,T,C,*,-,208,3337,1133
23896,A,A,*,-,208,3337,1134
24026,C,C,*,-,208,3339,1135
24027,T,T,*,-,208,3339,1136
24028,T,T,*,-,208,3339,1137
24029,A,A,*,-,208,3339,1138
24030,A,A,*,-,208,3339,1139
24031,G,G,*,-,208,3339,1140
24032,T,T,*,-,208,3339,1141
24033,T,T,*,-,208,3339,1142
24034,A,A,*,-,208,3339,1143
24035,G,G,*,-,208,3339,1144
24036,G,G,*,-,208,3339,1145
24218,G,G,A,A,209,3360,1145
24320,C,C,T,T,210,3366,1145
24321,A,A,G,G,211,3366,1145
24403,C,C,A,A,212,3366,1145
24463,G,G,A,A,213,3386,1145
24569,A,A,G,G,214,3486,1145
24718,T,T,-,-,214,3497,1146
24719,T,T,-,-,214,3497,1147
24720,T,T,-,-,214,3497,1148
24721,T,T,-,-,214,3497,1149
24722,C,C,-,-,214,3497,1150
24736,G,G,C,C,215,3497,1150
24845,C,C,T,T,216,3498,1150
24876,C,C,G,A,217,3498,1150
24940,A,A,G,G,218,3510,1150
24942,T,T,C,C,219,3510,1150
24954,C,C,G,G,220,3511,1150
24961,G,G,A,A,221,3511,1150
24978,G,G,T,T,222,3512,1150
25182,T,T,G,G,223,3520,1150
25205,G,G,A,A,224,3520,1150
25211,T,T,C,C,225,3520,1150
25353,A,A,G,G,226,3530,1150
25398,T,T,A,A,227,3532,1150
25440,C,C,T,T,228,3533,1150
25466,T,T,C,C,229,3533,1150
25482,A,A,G,G,230,3533,1150
25657,C,C,G,G,231,3534,1150
25679,G,G,A,A,232,3534,1150
25729,T,T,-,-,232,3544,1151
25794,A,A,G,G,233,3551,1151
25813,C,C,T,T,234,3551,1151
25905,C,C,T,T,235,3572,1151
26100,C,C,T,T,236,3642,1151
26192,A,A,G,G,237,3645,1151
26334,T,T,C,C,238,3649,1151
26461,T,T,A,G,239,3649,1151
26483,A,A,G,G,240,3649,1151
26559,A,A,G,G,241,3659,1151
26730,A,A,G,G,242,3662,1151
26787,A,A,C,C,243,3666,1151
26813,A,A,G,T,244,3666,1151
26941,T,T,C,C,245,3666,1151
27091,A,A,G,G,246,3693,1151
27133,A,A,G,G,247,3745,1151
27148,T,T,C,C,248,3745,1151
27249,G,G,A,A,249,3748,1151
27258,T,T,A,A,250,3748,1151
27280,G,G,T,T,251,3748,1151
27304,G,G,T,T,252,3748,1151
27575,A,A,-,*,252,3769,1152
27576,C,C,-,*,252,3769,1153
27577,C,C,-,*,252,3769,1154
27578,T,T,-,*,252,3769,1155
27579,A,A,-,*,252,3769,1156
27580,C,C,-,*,252,3769,1157
27747,T,T,C,C,253,3774,1157
27809,A,A,T,T,254,3783,1157
28132,G,G,T,T,255,3797,1157
28161,T,T,C,C,256,3797,1157
28247,T,T,A,G,257,3806,1157
28302,T,T,A,A,258,3831,1157
28626,-,-,T,T,258,3932,1157
28626,-,-,T,T,258,3933,1157
28626,-,-,A,A,258,4006,1157
28626,-,-,G,G,258,4007,1157
28656,A,A,G,C,259,4009,1157
28678,T,T,G,G,260,4020,1157
28781,C,C,G,T,261,4025,1157
28794,-,-,A,A,261,4026,1157
28794,-,-,T,T,261,4027,1157
28794,-,-,T,T,261,4028,1157
28794,-,-,T,T,261,4029,1157
28794,-,-,C,C,261,4030,1157
28794,-,-,T,T,261,4031,1157
28794,-,-,G,G,261,4032,1157
28794,-,-,T,T,261,4033,1157
28794,-,-,T,T,261,4034,1157
28794,-,-,C,C,261,4035,1157
28794,-,-,T,T,261,4036,1157
28794,-,-,C,C,261,4037,1157
28794,-,-,T,T,261,4038,1157
28794,-,-,T,T,261,4039,1157
28794,-,-,C,C,261,4040,1157
28794,-,-,T,T,261,4041,1157
28794,-,-,C,C,261,4042,1157
28794,-,-,C,C,261,4043,1157
28798,C,C,T,T,262,4043,1157
28919,C,C,G,G,263,4048,1157
28962,G,G,T,T,264,4053,1157
28991,-,-,T,T,264,4058,1157
29000,G,G,A,A,265,4058,1157
29096,A,A,G,G,266,4062,1157
29128,-,-,G,G,266,4067,1157
29128,-,-,A,T,266,4068,1157
29128,-,-,G,G,266,4069,1157
29389,C,C,T,T,267,4097,1157
29499,A,A,-,-,267,4137,1158
29536,T,T,G,A,268,4137,1158
29582,G,G,T,T,269,4137,1158
29641,T,T,-,-,269,4155,1159
29642,G,G,-,-,269,4155,1160
29643,G,G,-,-,269,4155,1161
29644,G,G,-,-,269,4155,1162
29645,T,T,-,-,269,4155,1163
29646,G,G,-,-,269,4155,1164
29647,A,A,-,-,269,4155,1165
29648,C,C,-,-,269,4155,1166
29649,A,A,-,-,269,4155,1167
29671,A,A,G,G,270,4155,1167
29748,-,-,C,C,270,4158,1167
29768,G,G,A,A,271,4187,1167
29805,-,-,A,A,271,4190,1167
29809,G,G,A,C,272,4190,1167
29831,C,C,T,T,273,4195,1167
29854,C,C,T,T,274,4195,1167
29880,T,T,C,C,275,4197,1167
29881,A,A,C,G,276,4197,1167
29970,A,A,G,G,277,4197,1167
30083,A,A,G,G,278,4199,1167
30114,T,T,C,C,279,4202,1167
30163,G,G,A,A,280,4202,1167
30489,A,A,G,T,281,4213,1167
30524,A,A,G,G,282,4213,1167
30652,T,T,G,G,283,4213,1167
30805,A,A,T,T,284,4248,1167
30998,A,A,T,T,285,4258,1167
30999,A,A,C,C,286,4258,1167
31035,T,T,C,C,287,4258,1167
31083,A,A,G,G,288,4259,1167
31089,G,G,T,A,289,4259,1167
31092,C,C,T,T,290,4259,1167
31225,T,T,C,C,291,4339,1167
31235,A,A,C,C,292,4339,1167
31351,T,T,G,G,293,4442,1167
31451,C,C,T,T,294,4447,1167
31514,A,A,*,*,294,4539,1168
31524,G,G,A,A,295,4539,1168
31647,T,T,C,C,296,4559,1168
31654,G,G,A,A,297,4559,1168
31863,G,G,T,T,298,4597,1168
31864,C,C,A,G,299,4597,1168
31873,C,C,-,-,299,4597,1169
31874,T,T,-,-,299,4597,1170
31875,G,G,-,-,299,4597,1171
31876,T,T,-,-,299,4597,1172
31877,G,G,-,-,299,4597,1173
31916,T,T,C,C,300,4617,1173
31955,G,G,A,A,301,4636,1173
31996,C,C,T,G,302,4636,1173
32000,T,T,G,G,303,4636,1173
32022,T,T,-,-,303,4636,1174
32023,G,A,-,-,303,4636,1175
32024,G,G,-,-,303,4636,1176
32057,A,A,G,G,304,4636,1176
32072,A,A,G,G,305,4636,1176
32134,A,A,G,G,306,4637,1176
32146,T,T,C,C,307,4637,1176
32610,T,T,C,C,308,4730,1176
32691,G,G,T,T,309,4744,1176
32866,T,T,G,G,310,4757,1176
32952,C,C,T,T,311,4764,1176
32969,C,C,T,T,312,4771,1176
33124,G,G,A,A,313,4771,1176
33234,T,T,C,C,314,4779,1176
33262,A,A,G,G,315,4779,1176
33377,G,G,A,T,316,4813,1176
33378,T,T,C,C,317,4813,1176
33396,A,A,G,G,318,4815,1176
33417,A,A,G,G,319,4815,1176
33638,T,T,G,G,320,4840,1176
33988,C,C,T,T,321,4924,1176
34091,C,C,T,T,322,4924,1176
34208,A,A,G,G,323,4941,1176
34212,C,C,T,T,324,4941,1176
34316,T,T,C,C,325,4996,1176
34358,A,A,G,G,326,5000,1176
34403,A,A,G,G,327,5000,1176
34441,C,C,-,-,327,5000,1177
34453,A,A,-,-,327,5012,1178
34454,A,A,-,-,327,5012,1179
34455,A,A,-,-,327,5012,1180
34456,A,A,-,-,327,5012,1181
34472,G,G,T,A,328,5012,1181
34480,A,A,T,G,329,5016,1181
34523,T,T,C,C,330,5039,1181
34533,T,T,C,C,331,5039,1181
34545,C,C,A,A,332,5043,1181
35009,T,T,C,C,333,5089,1181
35070,G,G,A,A,334,5095,1181
35418,A,A,G,G,335,5103,1181
35547,G,G,A,A,336,5139,1181
35567,-,-,A,A,336,5146,1181
35567,-,-,G,G,336,5147,1181
35567,-,-,C,T,336,5148,1181
35567,-,-,T,T,336,5149,1181
35567,-,-,C,G,336,5150,1181
35567,-,-,A,A,336,5151,1181
35567,-,-,A,A,336,5152,1181
35567,-,-,G,G,336,5153,1181
35567,-,-,G,G,336,5154,1181
35567,-,-,A,G,336,5155,1181
35597,G,G,A,A,337,5178,1181
35711,G,G,A,A,338,5195,1181
35848,C,C,T,T,339,5216,1181
35884,G,G,A,A,340,5222,1181
35951,A,A,G,T,341,5227,1181
35986,T,T,A,C,342,5228,1181
36018,T,T,C,C,343,5259,1181
36118,C,C,T,A,344,5263,1181
36119,A,A,G,G,345,5263,1181
36304,T,A,-,-,345,5270,1182
36305,A,A,-,-,345,5270,1183
36306,A,A,-,-,345,5270,1184
36307,T,T,-,-,345,5270,1185
36344,T,T,A,A,346,5273,1185
36348,G,G,A,A,347,5273,1185
36384,A,A,G,G,348,5277,1185
36393,T,T,C,C,349,5277,1185
36429,C,C,G,G,350,5282,1185
36543,T,T,G,G,351,5308,1185
36604,G,G,C,C,352,5346,1185
36786,A,A,C,C,353,5346,1185
36825,A,A,G,G,354,5346,1185
37035,T,T,C,C,355,5509,1185
37082,G,G,A,A,356,5551,1185
37087,C,C,T,T,357,5551,1185
37088,T,T,C,C,358,5551,1185
37184,T,T,C,C,359,5572,1185
37404,T,T,C,C,360,5604,1185
37448,T,T,C,C,361,5604,1185
37531,C,C,G,T,362,5608,1185
37710,G,G,A,A,363,5679,1185
37720,G,G,A,A,364,5679,1185
37809,T,T,C,C,365,5687,1185
37877,-,-,T,T,365,5688,1185
37877,-,-,C,C,365,5689,1185
37904,T,T,C,C,366,5689,1185
37980,T,T,C,C,367,5690,1185
38058,A,A,T,T,368,5695,1185
38060,T,T,G,G,369,5695,1185
38074,T,T,A,A,370,5695,1185
38094,C,C,-,-,370,5695,1186
38138,C,C,G,G,371,5701,1186
38159,G,G,C,C,372,5707,1186
38178,T,T,C,C,373,5707,1186
38332,G,G,A,A,374,5713,1186
38466,G,G,A,A,375,5723,1186
38484,T,T,A,C,376,5724,1186
38556,T,T,C,C,377,5819,1186
38570,T,T,C,C,378,5819,1186
38625,T,T,C,C,379,5843,1186
38652,T,T,C,C,380,5843,1186
38791,T,T,-,-,380,5852,1187
38902,C,C,T,T,381,5862,1187
39104,T,T,-,-,381,5872,1188
39282,T,T,C,C,382,5885,1188
39289,C,C,A,A,383,5885,1188
39310,G,G,A,A,384,5887,1188
39352,C,C,G,G,385,5888,1188
39607,T,T,C,C,386,5951,1188
39637,C,C,T,T,387,5952,1188
39697,A,A,T,G,388,5953,1188
39720,G,G,A,A,389,5953,1188
39768,A,A,C,C,390,5969,1188
39870,T,T,C,C,391,5976,1188
40118,A,A,G,G,392,5990,1188
40119,T,T,A,C,393,5990,1188
40336,A,A,G,G,394,6006,1188
40361,-,-,A,A,394,6007,1188
40361,-,-,C,C,394,6008,1188
40361,-,-,C,C,394,6009,1188
40362,T,T,C,C,395,6009,1188
40363,T,T,C,C,396,6009,1188
40389,A,A,-,-,396,6020,1189
40390,A,A,-,-,396,6020,1190
40391,T,T,-,-,396,6020,1191
40392,A,A,-,-,396,6020,1192
40393,A,A,-,-,396,6024,1193
40394,T,T,-,-,396,6024,1194
40395,A,A,-,-,396,6024,1195
40396,A,A,-,-,396,6024,1196
40425,T,T,G,G,397,6025,1196
40459,G,G,A,C,398,6025,1196
40474,G,G,A,T,399,6025,1196
40511,T,T,C,C,400,6025,1196
40524,A,A,G,G,401,6025,1196
40549,-,-,A,A,401,6027,1196
40549,-,-,A,T,401,6028,1196
40935,G,G,T,A,402,6087,1196
40937,A,A,G,G,403,6087,1196
41085,C,C,T,T,404,6103,1196
41174,C,C,T,G,405,6105,1196
41383,T,T,C,C,406,6119,1196
41450,C,C,A,A,407,6120,1196
41581,T,T,G,G,408,6183,1196
41685,A,A,G,G,409,6204,1196
41707,T,T,C,C,410,6204,1196
41711,C,C,G,G,411,6204,1196
41712,A,A,G,G,412,6204,1196
41749,T,T,C,C,413,6233,1196
41753,G,G,A,A,414,6233,1196
41771,C,C,T,T,415,6233,1196
41780,A,A,-,-,415,6234,1197
41811,C,C,T,T,416,6248,1197
41812,A,A,G,G,417,6248,1197
41836,G,G,A,A,418,6250,1197
41894,T,T,C,C,419,6250,1197
41955,G,G,A,A,420,6251,1197
42128,T,T,G,C,421,6263,1197
42136,T,T,G,G,422,6263,1197
42239,T,T,A,G,423,6293,1197
42329,-,-,A,A,423,6351,1197
42665,G,G,A,A,424,6444,1197
42666,C,A,-,-,424,6444,1198
42698,T,T,C,C,425,6459,1198
42942,T,T,G,G,426,6493,1198
42974,T,T,-,-,426,6493,1199
42975,A,A,-,-,426,6493,1200
42976,A,A,-,-,426,6493,1201
42977,A,A,-,-,426,6493,1202
42978,T,T,-,-,426,6493,1203
42979,G,G,-,-,426,6493,1204
42980,A,A,-,-,426,6493,1205
42981,A,A,-,-,426,6493,1206
43140,A,A,T,G,427,6536,1206
43157,C,C,T,T,428,6537,1206
43186,C,C,T,T,429,6560,1206
43635,T,T,-,-,429,6657,1207
43636,A,A,-,-,429,6657,1208
43637,A,A,-,-,429,6657,1209
43818,G,G,A,A,430,6667,1209
43971,A,A,G,G,431,6675,1209
44023,G,G,A,A,432,6679,1209
44039,T,T,G,A,433,6679,1209
44095,G,G,C,A,434,6679,1209
44119,A,A,G,G,435,6680,1209
44142,A,A,G,C,436,6681,1209
44359,A,A,-,-,436,6683,1210
44360,A,A,-,-,436,6683,1211
44361,A,A,-,-,436,6683,1212
44362,T,T,-,-,436,6683,1213
44376,T,T,C,C,437,6697,1213
44436,G,G,A,A,438,6697,1213
44440,A,A,G,G,439,6697,1213
44469,G,G,T,T,440,6698,1213
44475,T,T,C,C,441,6698,1213
44528,T,T,*,-,441,6698,1214
44529,A,A,*,-,441,6698,1215
44530,A,A,*,-,441,6698,1216
44531,T,T,*,-,441,6698,1217
44532,C,C,*,-,441,6698,1218
44533,C,C,*,-,441,6698,1219
44534,C,C,*,-,441,6698,1220
44535,T,T,*,-,441,6698,1221
44536,G,G,*,-,441,6698,1222
44558,G,G,*,-,441,6698,1223
44559,C,C,*,-,441,6698,1224
44560,A,G,*,-,441,6698,1225
44589,A,A,*,*,441,6725,1226
44590,G,G,*,*,441,6725,1227
44591,C,C,*,*,441,6725,1228
44592,C,C,*,*,441,6725,1229
44593,T,T,*,*,441,6725,1230
44594,G,G,*,*,441,6725,1231
44595,A,A,*,*,441,6725,1232
44596,C,C,*,*,441,6725,1233
44597,C,C,*,*,441,6725,1234
44598,A,A,*,*,441,6725,1235
44599,A,A,*,*,441,6725,1236
44600,C,C,*,*,441,6725,1237
44601,A,A,*,*,441,6725,1238
44602,T,T,*,*,441,6725,1239
44603,G,G,*,*,441,6725,1240
44604,G,G,*,*,441,6725,1241
44605,A,A,*,*,441,6732,1242
44606,G,G,*,*,441,6732,1243
44607,A,A,*,*,441,6732,1244
44608,A,A,*,*,441,6732,1245
44972,A,A,*,*,441,6741,1246
44973,A,A,*,*,441,6741,1247
44974,A,A,*,*,441,6741,1248
44975,A,A,*,*,441,6741,1249
44982,A,A,*,*,441,6745,1250
44983,T,T,*,*,441,6745,1251
44984,A,G,*,*,441,6745,1252
44985,T,T,*,*,441,6745,1253
44986,A,A,*,*,441,6745,1254
44987,T,T,*,*,441,6745,1255
44988,A,A,*,*,441,6745,1256
44989,T,T,*,*,441,6745,1257
44990,A,A,*,*,441,6750,1258
44991,T,T,*,*,441,6750,1259
44992,A,A,*,*,441,6750,1260
44993,T,T,*,*,441,6750,1261
44994,A,A,*,*,441,6750,1262
44995,T,T,*,*,441,6750,1263
44996,A,A,*,*,441,6750,1264
44997,T,T,*,*,441,6750,1265
44998,A,A,*,*,441,6750,1266
44999,T,T,*,*,441,6750,1267
45000,A,A,*,*,441,6750,1268
45001,T,T,*,*,441,6750,1269
45002,A,A,*,*,441,6750,1270
45003,T,T,*,*,441,6763,1271
45004,T,T,*,*,441,6763,1272
45005,C,C,*,*,441,6763,1273
45006,A,A,*,*,441,6763,1274
45007,C,C,*,*,441,6763,1275
45008,T,T,*,*,441,6763,1276
45009,C,C,*,*,441,6763,1277
45010,A,A,*,*,441,6763,1278
45011,T,T,*,*,441,6763,1279
45012,T,T,*,*,441,6763,1280
45013,C,C,*,*,441,6763,1281
45014,A,A,*,*,441,6763,1282
45015,A,A,*,*,441,6763,1283
45016,C,C,*,*,441,6763,1284
45017,C,C,*,*,441,6763,1285
45018,C,C,*,*,441,6763,1286
45019,A,A,*,*,441,6763,1287
45020,T,T,*,*,441,6763,1288
45021,A,A,*,*,441,6763,1289
45022,T,T,*,*,441,6763,1290
45023,A,A,*,*,441,6763,1291
45024,T,T,*,*,441,6763,1292
45025,G,G,*,*,441,6763,1293
45026,T,T,*,*,441,6763,1294
45027,G,G,*,*,441,6763,1295
45028,T,T,*,*,441,6763,1296
45029,A,A,*,*,441,6763,1297
45030,T,T,*,*,441,6763,1298
45031,G,G,*,*,441,6763,1299
45032,T,T,*,*,441,6763,1300
45033,G,G,*,*,441,6763,1301
45034,T,T,*,*,441,6763,1302
45035,A,A,*,*,441,6763,1303
45036,C,T,*,*,441,6763,1304
45037,A,A,*,*,441,6763,1305
45038,T,T,*,*,441,6763,1306
45039,A,A,*,*,441,6763,1307
45040,T,T,*,*,441,6763,1308
45041,A,A,*,*,441,6763,1309
45042,C,C,*,*,441,6763,1310
45043,G,G,*,*,441,6763,1311
45044,T,T,*,*,441,6763,1312
45045,C,C,*,*,441,6763,1313
45046,T,T,*,*,441,6763,1314
45047,G,G,*,*,441,6763,1315
45048,G,G,*,*,441,6763,1316
45049,C,C,*,*,441,6763,1317
45050,A,A,*,*,441,6763,1318
45051,T,T,*,*,441,6763,1319
45052,C,C,*,*,441,6763,1320
45053,A,A,*,*,441,6763,1321
45054,T,T,*,*,441,6763,1322
45055,G,G,*,*,441,6763,1323
45056,G,C,*,*,441,6763,1324
45057,A,A,*,*,441,6763,1325
45058,G,G,*,*,441,6763,1326
45059,G,G,*,*,441,6763,1327
45060,G,G,*,*,441,6763,1328
45061,T,T,*,*,441,6763,1329
45062,T,T,*,*,441,6763,1330
45063,C,C,*,*,441,6763,1331
45064,G,G,*,*,441,6763,1332
45065,T,T,*,*,441,6763,1333
45066,G,G,*,*,441,6763,1334
45067,G,G,*,*,441,6763,1335
45068,A,A,*,*,441,6763,1336
45069,G,G,*,*,441,6763,1337
45070,G,G,*,*,441,6763,1338
45071,A,A,*,*,441,6763,1339
45072,G,G,*,*,441,6763,1340
45073,A,G,*,*,441,6763,1341
45074,T,T,*,*,441,6763,1342
45075,A,A,*,*,441,6763,1343
45076,G,G,*,*,441,6763,1344
45077,G,G,*,*,441,6763,1345
45078,A,A,*,*,441,6763,1346
45079,G,G,*,*,441,6763,1347
45080,T,T,*,*,441,6763,1348
45081,C,G,*,*,441,6763,1349
45082,G,G,*,*,441,6763,1350
45083,A,G,*,*,441,6763,1351
45084,G,G,*,*,441,6763,1352
45085,T,T,*,*,441,6763,1353
45086,C,C,*,*,441,6763,1354
45087,A,A,*,*,441,6763,1355
45088,A,A,*,*,441,6763,1356
45089,A,A,*,*,441,6763,1357
45090,T,T,*,*,441,6763,1358
45091,G,G,*,*,441,6763,1359
45092,C,A,*,*,441,6763,1360
45093,T,T,*,*,441,6763,1361
45094,G,G,*,*,441,6763,1362
45095,G,G,*,*,441,6763,1363
45096,G,G,*,*,441,6763,1364
45097,T,T,*,*,441,6763,1365
45098,A,A,*,*,441,6763,1366
45099,T,T,*,*,441,6763,1367
45100,G,G,*,*,441,6763,1368
45101,A,A,*,*,441,6763,1369
45102,T,T,*,*,441,6763,1370
45103,T,T,*,*,441,6763,1371
45104,T,T,*,*,441,6763,1372
45105,T,T,*,*,441,6763,1373
45106,A,A,*,*,441,6763,1374
45107,A,A,*,*,441,6763,1375
45108,C,C,*,*,441,6763,1376
45109,A,A,*,*,441,6763,1377
45110,G,G,*,*,441,6763,1378
45111,C,C,*,*,441,6763,1379
45112,C,C,*,*,441,6763,1380
45113,A,A,*,*,441,6763,1381
45114,C,C,*,*,441,6763,1382
45115,A,A,*,*,441,6763,1383
45116,C,T,*,*,441,6763,1384
45117,A,A,*,*,441,6763,1385
45118,T,T,*,*,441,6763,1386
45119,G,G,*,*,441,6763,1387
45120,G,G,*,*,441,6763,1388
45121,G,G,*,*,441,6763,1389
45426,A,A,*,-,441,6823,1390
45637,T,T,*,*,441,6837,1391
45638,C,C,*,*,441,6837,1392
45639,A,A,*,*,441,6837,1393
45640,T,T,*,*,441,6837,1394
45641,G,G,*,*,441,6837,1395
45642,G,G,*,*,441,6837,1396
45643,C,C,*,*,441,6837,1397
45644,C,C,*,*,441,6837,1398
45645,A,A,*,*,441,6837,1399
45646,G,G,*,*,441,6837,1400
45647,G,G,*,*,441,6837,1401
45648,T,T,*,*,441,6837,1402
45649,G,G,*,*,441,6837,1403
45650,T,T,*,*,441,6837,1404
45651,G,G,*,*,441,6837,1405
45652,G,G,*,*,441,6837,1406
45653,T,T,*,*,441,6865,1407
45654,G,G,*,*,441,6865,1408
45655,G,G,*,*,441,6865,1409
45656,C,C,*,*,441,6865,1410
45657,T,T,*,*,441,6865,1411
45658,C,C,*,*,441,6865,1412
45659,A,A,*,*,441,6865,1413
45660,C,C,*,*,441,6865,1414
45661,G,A,*,*,441,6871,1415
45662,C,C,*,*,441,6871,1416
45663,C,C,*,*,441,6871,1417
45664,T,T,*,*,441,6871,1418
45665,G,G,*,*,441,6871,1419
45666,T,T,*,*,441,6871,1420
45667,A,A,*,*,441,6871,1421
45668,A,A,*,*,441,6871,1422
45669,T,T,*,*,441,6871,1423
45670,C,C,*,*,441,6871,1424
45671,C,C,*,*,441,6871,1425
45672,C,C,*,*,441,6871,1426
45673,A,A,*,*,441,6871,1427
45674,G,G,*,*,441,6871,1428
45675,C,C,*,*,441,6871,1429
45676,A,A,*,*,441,6871,1430
45677,C,C,*,*,441,6871,1431
45678,T,T,*,*,441,6871,1432
45679,T,T,*,*,441,6871,1433
45680,T,T,*,*,441,6871,1434
45681,A,A,*,*,441,6871,1435
45682,G,G,*,*,441,6871,1436
45683,G,G,*,*,441,6871,1437
45684,A,A,*,*,441,6871,1438
45685,G,G,*,*,441,6871,1439
45686,G,G,*,*,441,6871,1440
45687,T,T,*,*,441,6871,1441
45688,G,G,*,*,441,6871,1442
45689,G,G,*,*,441,6871,1443
45690,A,A,*,*,441,6871,1444
45691,G,G,*,*,441,6871,1445
45692,G,G,*,*,441,6871,1446
45693,C,C,*,*,441,6871,1447
45694,A,A,*,*,441,6871,1448
45695,G,G,*,*,441,6871,1449
45696,G,G,*,*,441,6871,1450
45697,T,T,*,*,441,6871,1451
45698,G,A,*,*,441,6871,1452
45699,G,G,*,*,441,6871,1453
45700,A,A,*,*,441,6871,1454
45701,T,T,*,*,441,6871,1455
45702,C,C,*,*,441,6871,1456
45703,A,A,*,*,441,6871,1457
45704,C,C,*,*,441,6871,1458
45705,T,T,*,*,441,6871,1459
45706,T,T,*,*,441,6871,1460
45707,G,G,*,*,441,6871,1461
45708,A,A,*,*,441,6871,1462
45709,G,G,*,*,441,6871,1463
45710,A,A,*,*,441,6871,1464
45711,T,T,*,*,441,6871,1465
45712,C,C,*,*,441,6872,1466
45713,A,A,*,*,441,6872,1467
45714,G,G,*,*,441,6872,1468
45715,G,G,*,*,441,6872,1469
45716,A,A,*,*,441,6872,1470
45717,G,G,*,*,441,6872,1471
45718,T,T,*,*,441,6872,1472
45719,T,T,*,*,441,6872,1473
45720,G,T,*,*,441,6872,1474
45721,G,G,*,*,441,6872,1475
45722,A,A,*,*,441,6872,1476
45723,G,G,*,*,441,6872,1477
45724,A,A,*,*,441,6872,1478
45725,T,T,*,*,441,6872,1479
45726,C,C,*,*,441,6872,1480
45727,A,A,*,*,441,6872,1481
45728,G,G,*,*,441,6872,1482
45729,C,C,*,*,441,6872,1483
45730,C,C,*,*,441,6872,1484
45731,T,T,*,*,441,6872,1485
45732,G,G,*,*,441,6872,1486
45733,G,G,*,*,441,6872,1487
45734,C,C,*,*,441,6872,1488
45735,C,C,*,*,441,6872,1489
45736,A,A,*,*,441,6872,1490
45737,A,A,*,*,441,6872,1491
45738,A,C,*,*,441,6872,1492
45739,A,A,*,*,441,6872,1493
45740,T,T,*,*,441,6872,1494
45741,G,G,*,*,441,6872,1495
45742,G,G,*,*,441,6872,1496
45743,C,C,*,*,441,6872,1497
45744,A,A,*,*,441,6872,1498
45745,A,A,*,*,441,6872,1499
45746,A,A,*,*,441,6872,1500
45747,A,A,*,*,441,6872,1501
45748,C,C,*,*,441,6872,1502
45749,C,C,*,*,441,6872,1503
45750,C,C,*,*,441,6872,1504
45751,A,T,*,*,441,6872,1505
45752,G,G,*,*,441,6872,1506
45753,T,T,*,*,441,6872,1507
45754,C,C,*,*,441,6872,1508
45755,T,T,*,*,441,6872,1509
45756,C,C,*,*,441,6872,1510
45757,T,T,*,*,441,6872,1511
45758,A,A,*,*,441,6872,1512
45759,C,C,*,*,441,6872,1513
45760,T,T,*,*,441,6872,1514
45761,A,A,*,*,441,6872,1515
45762,A,A,*,*,441,6872,1516
45763,A,A,*,*,441,6872,1517
45764,A,A,*,*,441,6872,1518
45765,G,C,*,*,441,6872,1519
45766,T,T,*,*,441,6872,1520
45767,A,A,*,*,441,6872,1521
45768,C,C,*,*,441,6872,1522
45769,A,A,*,*,441,6872,1523
45770,A,A,*,*,441,6872,1524
45771,A,A,*,*,441,6872,1525
45772,A,A,*,*,441,6872,1526
45773,G,G,*,*,441,6872,1527
45774,T,T,*,*,441,6872,1528
45775,C,C,*,*,441,6872,1529
45776,T,T,*,*,441,6872,1530
45777,T,T,*,*,441,6872,1531
45778,G,G,*,*,441,6872,1532
45779,G,G,*,*,441,6872,1533
45780,A,A,*,*,441,6872,1534
45781,T,T,*,*,441,6872,1535
45782,T,T,*,*,441,6872,1536
45783,T,T,*,*,441,6872,1537
45784,G,G,*,*,441,6872,1538
45785,T,T,*,*,441,6872,1539
45786,G,A,*,*,441,6872,1540
45787,C,C,*,*,441,6872,1541
45788,A,A,*,*,441,6872,1542
45789,C,C,*,*,441,6872,1543
45790,T,T,*,*,441,6872,1544
45791,T,T,*,*,441,6872,1545
45792,T,T,*,*,441,6872,1546
45793,G,G,*,*,441,6872,1547
45794,A,A,*,*,441,6872,1548
45795,T,T,*,*,441,6872,1549
45796,T,T,*,*,441,6872,1550
45797,T,T,*,*,441,6872,1551
45798,C,C,*,*,441,6872,1552
45799,T,T,*,*,441,6872,1553
45800,G,G,*,*,441,6872,1554
45801,T,T,*,*,441,6872,1555
45802,C,C,*,*,441,6872,1556
45803,C,C,*,*,441,6872,1557
45804,T,T,*,*,441,6872,1558
45805,G,G,*,*,441,6872,1559
45806,G,G,*,*,441,6872,1560
45807,T,T,*,*,441,6872,1561
45808,G,G,*,*,441,6872,1562
45809,C,C,*,*,441,6872,1563
45810,T,C,*,*,441,6872,1564
45811,A,A,*,*,441,6872,1565
45812,C,C,*,*,441,6872,1566
45813,A,A,*,*,441,6872,1567
45814,G,G,*,*,441,6872,1568
45815,T,T,*,*,441,6872,1569
45816,G,G,*,*,441,6872,1570
45817,T,T,*,*,441,6872,1571
45818,G,G,*,*,441,6872,1572
45819,C,C,*,*,441,6872,1573
45820,T,T,*,*,441,6872,1574
45821,G,G,*,*,441,6872,1575
45822,G,G,*,*,441,6872,1576
45823,C,C,*,*,441,6872,1577
45824,T,T,*,*,441,6872,1578
45825,A,A,*,*,441,6873,1579
45826,T,T,*,*,441,6873,1580
45829,A,A,*,*,441,6873,1581
45830,C,C,*,*,441,6873,1582
45831,A,A,*,*,441,6873,1583
45832,G,G,*,*,441,6873,1584
45833,T,T,*,*,441,6873,1585
45834,C,C,*,*,441,6873,1586
45835,T,T,*,*,441,6873,1587
45836,G,G,*,*,441,6873,1588
45837,G,G,*,*,441,6873,1589
45838,G,G,*,*,441,6873,1590
45839,A,A,*,*,441,6873,1591
45840,G,G,*,*,441,6873,1592
45841,A,A,*,*,441,6873,1593
45842,C,C,*,*,441,6873,1594
45843,T,T,*,*,441,6873,1595
45844,T,T,*,*,441,6873,1596
45845,G,G,*,*,441,6873,1597
45846,G,G,*,*,441,6873,1598
45847,C,C,*,*,441,6873,1599
45848,T,T,*,*,441,6873,1600
45849,T,T,*,*,441,6873,1601
45850,C,C,*,*,441,6873,1602
45851,A,A,*,*,441,6873,1603
45852,A,A,*,*,441,6873,1604
45853,A,A,*,*,441,6873,1605
45854,T,T,*,*,441,6873,1606
45855,C,C,*,*,441,6873,1607
45856,C,C,*,*,441,6873,1608
45857,C,C,*,*,441,6873,1609
45858,A,A,*,*,441,6873,1610
45859,G,G,*,*,441,6873,1611
45860,C,C,*,*,441,6873,1612
45861,C,C,*,*,441,6873,1613
45862,C,C,*,*,441,6873,1614
45863,A,A,*,*,441,6873,1615
45864,G,G,*,*,441,6873,1616
45865,T,T,*,*,441,6873,1617
45866,C,C,*,*,441,6873,1618
45867,A,A,*,*,441,6873,1619
45868,C,C,*,*,441,6873,1620
45869,T,T,*,*,441,6873,1621
45870,A,A,*,*,441,6873,1622
45871,A,A,*,*,441,6873,1623
45872,C,C,*,*,441,6873,1624
45873,T,T,*,*,441,6873,1625
45874,C,C,*,*,441,6873,1626
45875,A,A,*,*,441,6873,1627
45876,A,A,*,*,441,6873,1628
45877,G,G,*,*,441,6873,1629
45878,T,T,*,*,441,6873,1630
45879,C,C,*,*,441,6873,1631
45880,A,A,*,*,441,6873,1632
45881,T,T,*,*,441,6873,1633
45882,T,T,*,*,441,6873,1634
45883,G,G,*,*,441,6873,1635
45884,T,T,*,*,441,6873,1636
45885,G,G,*,*,441,6873,1637
45886,G,G,*,*,441,6873,1638
45887,G,G,*,*,441,6873,1639
45888,A,A,*,*,441,6873,1640
45889,C,G,*,*,441,6873,1641
45890,T,T,*,*,441,6873,1642
45891,C,C,*,*,441,6873,1643
45892,A,A,*,*,441,6873,1644
45893,A,A,*,*,441,6873,1645
45894,A,A,*,*,441,6873,1646
45895,C,C,*,*,441,6873,1647
45896,A,A,*,*,441,6873,1648
45897,A,A,*,*,441,6873,1649
45898,G,G,*,*,441,6873,1650
45899,T,T,*,*,441,6873,1651
45900,C,C,*,*,441,6873,1652
45901,A,A,*,*,441,6873,1653
45902,C,C,*,*,441,6873,1654
45903,T,T,*,*,441,6873,1655
45904,A,A,*,*,441,6873,1656
45905,G,G,*,*,441,6873,1657
45906,C,C,*,*,441,6873,1658
45907,C,C,*,*,441,6873,1659
45908,T,T,*,*,441,6873,1660
45909,G,G,*,*,441,6873,1661
45910,T,T,*,*,441,6873,1662
45911,C,C,*,*,441,6873,1663
45912,T,T,*,*,441,6873,1664
45913,G,G,*,*,441,6873,1665
45914,A,A,*,*,441,6873,1666
45915,A,A,*,*,441,6873,1667
45916,C,C,*,*,441,6873,1668
45917,C,C,*,*,441,6873,1669
45918,T,T,*,*,441,6873,1670
45921,G,G,*,*,441,6873,1671
45922,T,T,*,*,441,6873,1672
45923,T,T,*,*,441,6873,1673
45924,T,T,*,*,441,6873,1674
45925,T,T,*,*,441,6873,1675
45926,T,T,*,*,441,6873,1676
45927,G,G,*,*,441,6873,1677
45928,C,C,*,*,441,6873,1678
45929,A,A,*,*,441,6873,1679
45930,T,T,*,*,441,6873,1680
45931,C,C,*,*,441,6873,1681
45932,T,T,*,*,441,6873,1682
45933,A,A,*,*,441,6873,1683
45934,C,C,*,*,441,6873,1684
45935,A,A,*,*,441,6873,1685
45936,A,A,*,*,441,6873,1686
45937,T,T,*,*,441,6873,1687
45938,A,A,*,*,441,6873,1688
45939,C,C,*,*,441,6873,1689
45940,A,A,*,*,441,6873,1690
45941,G,G,*,*,441,6873,1691
45942,A,A,*,*,441,6873,1692
45943,A,A,*,*,441,6873,1693
45944,A,A,*,*,441,6873,1694
45945,T,T,*,*,441,6873,1695
45946,A,A,*,*,441,6873,1696
45947,G,G,*,*,441,6873,1697
45948,G,G,*,*,441,6873,1698
45949,C,C,*,*,441,6873,1699
45950,C,C,*,*,441,6873,1700
45951,T,T,*,*,441,6873,1701
45952,A,A,*,*,441,6873,1702
45953,G,G,*,*,441,6873,1703
45954,C,C,*,*,441,6873,1704
45955,G,A,*,*,441,6873,1705
45956,T,T,*,*,441,6873,1706
45957,G,G,*,*,441,6873,1707
45958,G,G,*,*,441,6873,1708
45959,T,T,*,*,441,6873,1709
45960,G,G,*,*,441,6873,1710
45961,G,G,*,*,441,6873,1711
45962,C,C,*,*,441,6873,1712
45963,T,T,*,*,441,6873,1713
45964,C,C,*,*,441,6873,1714
45965,A,A,*,*,441,6873,1715
45966,T,T,*,*,441,6873,1716
45967,G,G,*,*,441,6873,1717
45968,C,C,*,*,441,6873,1718
45969,C,C,*,*,441,6873,1719
45970,T,T,*,*,441,6873,1720
45971,T,T,*,*,441,6873,1721
45972,T,T,*,*,441,6873,1722
45973,A,A,*,*,441,6873,1723
45974,A,A,*,*,441,6873,1724
45975,T,T,*,*,441,6873,1725
45976,C,C,*,*,441,6873,1726
45977,C,C,*,*,441,6873,1727
45978,C,C,*,*,441,6873,1728
45979,A,A,*,*,441,6873,1729
45980,G,G,*,*,441,6873,1730
45981,T,T,*,*,441,6873,1731
45982,A,A,*,*,441,6873,1732
45983,T,T,*,*,441,6873,1733
45984,T,T,*,*,441,6873,1734
45985,T,T,*,*,441,6873,1735
45986,T,T,*,*,441,6873,1736
45987,G,G,*,*,441,6873,1737
45988,G,G,*,*,441,6873,1738
45989,G,G,*,*,441,6873,1739
45990,A,A,*,*,441,6873,1740
45991,G,G,*,*,441,6873,1741
45992,G,G,*,*,441,6873,1742
45993,C,C,*,*,441,6873,1743
45994,T,T,*,*,441,6873,1744
45995,G,G,*,*,441,6873,1745
45996,A,A,*,*,441,6873,1746
45997,G,G,*,*,441,6873,1747
45998,T,T,*,*,441,6873,1748
45999,C,C,*,*,441,6873,1749
46000,A,A,*,*,441,6873,1750
46001,G,G,*,*,441,6873,1751
46002,G,G,*,*,441,6873,1752
46003,A,A,*,*,441,6873,1753
46004,G,G,*,*,441,6873,1754
46005,A,G,*,*,441,6873,1755
46006,A,A,*,*,441,6873,1756
46007,T,T,*,*,441,6873,1757
46008,C,C,*,*,441,6873,1758
46009,A,A,*,*,441,6873,1759
46010,C,C,*,*,441,6873,1760
46011,T,T,*,*,441,6873,1761
46012,T,T,*,*,441,6873,1762
46013,G,G,*,*,441,6873,1763
46014,A,A,*,*,441,6873,1764
46015,G,G,*,*,441,6873,1765
46016,A,G,*,*,441,6873,1766
46017,C,C,*,*,441,6873,1767
46018,C,C,*,*,441,6873,1768
46019,A,A,*,*,441,6873,1769
46020,A,A,*,*,441,6873,1770
46021,G,G,*,*,441,6873,1771
46022,A,A,*,*,441,6873,1772
46023,A,A,*,*,441,6873,1773
46024,A,A,*,*,441,6873,1774
46025,T,T,*,*,441,6873,1775
46026,C,C,*,*,441,6873,1776
46027,A,A,*,*,441,6873,1777
46028,A,A,*,*,441,6873,1778
46029,G,G,*,*,441,6873,1779
46030,A,A,*,*,441,6873,1780
46031,A,A,*,*,441,6873,1781
46032,C,C,*,*,441,6873,1782
46033,A,A,*,*,441,6873,1783
46034,G,G,*,*,441,6873,1784
46035,C,C,*,*,441,6873,1785
46036,C,C,*,*,441,6873,1786
46037,T,T,*,*,441,6873,1787
46038,G,G,*,*,441,6873,1788
46039,A,A,*,*,441,6873,1789
46040,G,G,*,*,441,6873,1790
46041,C,C,*,*,441,6873,1791
46042,A,A,*,*,441,6873,1792
46043,A,A,*,*,441,6873,1793
46044,T,T,*,*,441,6873,1794
46045,A,G,*,*,441,6873,1795
46046,T,T,*,*,441,6873,1796
46047,G,G,*,*,441,6873,1797
46048,G,G,*,*,441,6873,1798
46049,C,C,*,*,441,6873,1799
46050,A,A,*,*,441,6873,1800
46051,A,A,*,*,441,6873,1801
46052,A,A,*,*,441,6873,1802
46053,A,A,*,*,441,6876,1803
46054,C,C,*,*,441,6876,1804
46055,T,T,*,*,441,6876,1805
46057,C,C,*,*,441,6876,1806
46058,C,C,*,*,441,6876,1807
46059,A,A,*,*,441,6876,1808
46060,T,T,*,*,441,6876,1809
46061,C,C,*,*,441,6876,1810
46062,A,A,*,*,441,6876,1811
46063,A,A,*,*,441,6876,1812
46064,T,T,*,*,441,6880,1813
46065,A,A,*,*,441,6880,1814
46066,C,C,*,*,441,6880,1815
46067,A,A,*,*,441,6880,1816
46068,A,A,*,*,441,6880,1817
46069,A,A,*,*,441,6880,1818
46070,A,A,*,*,441,6880,1819
46071,T,T,*,*,441,6880,1820
46073,A,A,*,*,441,6892,1821
46074,A,A,*,*,441,6892,1822
46075,A,A,*,*,441,6892,1823
46076,A,A,*,*,441,6892,1824
46077,T,T,*,*,441,6892,1825
46078,T,A,*,*,441,6892,1826
46079,A,A,*,*,441,6892,1827
46080,A,A,*,*,441,6892,1828
46081,A,A,*,*,441,6892,1829
46082,A,A,*,*,441,6892,1830
46083,A,A,*,*,441,6892,1831
46084,T,T,*,*,441,6892,1832
46085,T,T,*,*,441,6892,1833
46086,T,T,*,*,441,6892,1834
46087,A,A,*,*,441,6892,1835
46088,G,G,*,*,441,6892,1836
46089,C,C,*,*,441,6892,1837
46090,C,C,*,*,441,6892,1838
46091,A,A,*,*,441,6892,1839
46092,G,G,*,*,441,6892,1840
46093,G,G,*,*,441,6892,1841
46094,T,T,*,*,441,6892,1842
46095,G,G,*,*,441,6892,1843
46096,T,T,*,*,441,6892,1844
46097,G,G,*,*,441,6892,1845
46098,G,G,*,*,441,6892,1846
46099,T,T,*,*,441,6892,1847
46100,G,G,*,*,441,6892,1848
46101,C,C,*,*,441,6892,1849
46102,T,T,*,*,441,6892,1850
46103,G,G,*,*,441,6892,1851
46104,T,T,*,*,441,6892,1852
46105,G,G,*,*,441,6892,1853
46106,T,T,*,*,441,6892,1854
46107,G,G,*,*,441,6892,1855
46108,C,C,*,*,441,6892,1856
46109,C,C,*,*,441,6892,1857
46110,T,T,*,*,441,6892,1858
46111,G,G,*,*,441,6892,1859
46112,T,T,*,*,441,6892,1860
46113,G,G,*,*,441,6892,1861
46114,G,G,*,*,441,6892,1862
46115,T,T,*,*,441,6892,1863
46116,C,C,*,*,441,6892,1864
46117,C,C,*,*,441,6892,1865
46118,C,C,*,*,441,6892,1866
46119,A,A,*,*,441,6892,1867
46120,G,G,*,*,441,6892,1868
46121,C,C,*,*,441,6892,1869
46122,T,T,*,*,441,6892,1870
46123,A,A,*,*,441,6892,1871
46124,C,C,*,*,441,6892,1872
46125,T,T,*,*,441,6892,1873
46126,T,T,*,*,441,6892,1874
46127,A,A,*,*,441,6892,1875
46128,G,G,*,*,441,6892,1876
46129,G,G,*,*,441,6892,1877
46130,T,A,*,*,441,6892,1878
46131,G,G,*,*,441,6892,1879
46132,G,G,*,*,441,6892,1880
46133,C,C,*,*,441,6892,1881
46134,T,T,*,*,441,6892,1882
46135,G,G,*,*,441,6892,1883
46136,A,A,*,*,441,6892,1884
46137,G,G,*,*,441,6892,1885
46138,G,G,*,*,441,6892,1886
46139,C,C,*,*,441,6892,1887
46140,A,A,*,*,441,6892,1888
46141,G,G,*,*,441,6892,1889
46142,G,G,*,*,441,6892,1890
46143,A,A,*,*,441,6892,1891
46144,G,G,*,*,441,6892,1892
46145,G,G,*,*,441,6892,1893
46146,A,A,*,*,441,6892,1894
46147,T,T,*,*,441,6892,1895
46148,C,C,*,*,441,6892,1896
46149,A,A,*,*,441,6892,1897
46150,C,C,*,*,441,6892,1898
46151,T,T,*,*,441,6892,1899
46152,T,T,*,*,441,6892,1900
46153,G,G,*,*,441,6892,1901
46154,A,A,*,*,441,6892,1902
46155,G,G,*,*,441,6892,1903
46156,C,C,*,*,441,6892,1904
46157,C,C,*,*,441,6892,1905
46158,C,C,*,*,441,6892,1906
46159,A,A,*,*,441,6892,1907
46160,G,G,*,*,441,6892,1908
46161,G,G,*,*,441,6892,1909
46162,A,A,*,*,441,6892,1910
46163,G,G,*,*,441,6892,1911
46164,G,G,*,*,441,6892,1912
46165,C,C,*,*,441,6892,1913
46166,A,A,*,*,441,6892,1914
46167,G,G,*,*,441,6892,1915
46168,A,A,*,*,441,6892,1916
46169,T,T,*,*,441,6892,1917
46170,G,G,*,*,441,6892,1918
46171,C,C,*,*,441,6892,1919
46172,T,T,*,*,441,6892,1920
46173,G,G,*,*,441,6892,1921
46174,T,T,*,*,441,6892,1922
46175,A,A,*,*,441,6892,1923
46176,G,G,*,*,441,6892,1924
46177,T,T,*,*,441,6892,1925
46178,G,G,*,*,441,6892,1926
46179,A,A,*,*,441,6892,1927
46180,G,G,*,*,441,6892,1928
46181,C,C,*,*,441,6892,1929
46182,T,C,*,*,441,6892,1930
46183,G,G,*,*,441,6892,1931
46184,T,T,*,*,441,6892,1932
46185,G,G,*,*,441,6892,1933
46186,A,A,*,*,441,6892,1934
46187,T,T,*,*,441,6892,1935
46188,G,G,*,*,441,6892,1936
46189,G,G,*,*,441,6892,1937
46190,T,T,*,*,441,6892,1938
46191,G,G,*,*,441,6892,1939
46192,C,C,*,*,441,6892,1940
46193,T,T,*,*,441,6892,1941
46194,A,A,*,*,441,6892,1942
46195,C,C,*,*,441,6892,1943
46196,C,C,*,*,441,6892,1944
46197,G,G,*,*,441,6892,1945
46198,C,C,*,*,441,6892,1946
46199,A,A,*,*,441,6892,1947
46200,C,C,*,*,441,6892,1948
46201,T,T,*,*,441,6892,1949
46202,C,C,*,*,441,6892,1950
46203,C,C,*,*,441,6892,1951
46204,A,A,*,*,441,6892,1952
46206,C,C,*,*,441,6892,1953
46207,C,C,*,*,441,6892,1954
46208,T,T,*,*,441,6892,1955
46209,G,G,*,*,441,6893,1956
46210,G,G,*,*,441,6893,1957
46211,G,G,*,*,441,6893,1958
46212,C,C,*,*,441,6893,1959
46213,A,A,*,*,441,6893,1960
46214,A,A,*,*,441,6893,1961
46215,C,C,*,*,441,6893,1962
46216,A,A,*,*,441,6893,1963
46217,G,G,*,*,441,6893,1964
46218,A,A,*,*,441,6893,1965
46219,G,G,*,*,441,6893,1966
46220,C,C,*,*,441,6893,1967
46221,A,A,*,*,441,6893,1968
46222,A,A,*,*,441,6893,1969
46223,G,G,*,*,441,6893,1970
46224,A,A,*,*,441,6893,1971
46225,C,C,*,*,441,6893,1972
46226,T,T,*,*,441,6893,1973
46227,G,C,*,*,441,6893,1974
46228,C,C,*,*,441,6893,1975
46229,A,G,*,*,441,6893,1976
46230,T,T,*,*,441,6893,1977
46231,C,C,*,*,441,6893,1978
46232,T,T,*,*,441,6893,1979
46233,A,A,*,*,441,6893,1980
46234,A,A,*,*,441,6893,1981
46235,A,A,*,*,441,6893,1982
46236,A,A,*,*,441,6893,1983
46237,A,A,*,*,441,6893,1984
46238,A,A,*,*,441,6893,1985
46239,A,A,*,*,441,6893,1986
46240,A,A,*,*,441,6893,1987
46242,A,A,*,*,441,6913,1988
46243,T,T,*,*,441,6913,1989
46244,A,A,*,*,441,6913,1990
46245,C,C,*,*,441,6913,1991
46246,A,A,*,*,441,6913,1992
46247,C,C,*,*,441,6913,1993
46248,A,A,*,*,441,6913,1994
46249,C,T,*,*,441,6913,1995
46250,G,G,*,*,441,6913,1996
46251,C,C,*,*,441,6913,1997
46252,A,A,*,*,441,6913,1998
46253,C,C,*,*,441,6913,1999
46254,A,A,*,*,441,6913,2000
46255,C,C,*,*,441,6913,2001
46256,A,A,*,*,441,6927,2002
46257,C,C,*,*,441,6927,2003
46258,A,A,*,*,441,6927,2004
46259,C,C,*,*,441,6927,2005
46260,A,A,*,*,441,6927,2006
46261,C,C,*,*,441,6927,2007
46262,A,A,*,*,441,6927,2008
46263,C,C,*,*,441,6927,2009
46264,A,A,*,*,441,6927,2010
46265,G,C,*,*,441,6927,2011
46266,A,A,*,*,441,6927,2012
46267,T,C,*,*,441,6927,2013
46268,A,A,*,*,441,6927,2014
46269,T,C,*,*,441,6927,2015
46270,A,A,*,*,441,6927,2016
46271,G,C,*,*,441,6927,2017
46272,A,A,*,*,441,6927,2018
46273,T,C,*,*,441,6927,2019
46274,A,A,*,*,441,6927,2020
46275,T,C,*,*,441,6927,2021
46276,A,A,*,*,441,6927,2022
46277,G,C,*,*,441,6927,2023
46278,A,A,*,*,441,6927,2024
46279,T,C,*,*,441,6927,2025
46280,A,A,*,*,441,6927,2026
46281,T,C,*,*,441,6927,2027
46282,A,A,*,*,441,6927,2028
46283,G,G,*,*,441,6927,2029
46284,A,A,*,*,441,6927,2030
46323,A,G,-,*,441,6956,2031
46364,T,T,*,*,441,6958,2032
46940,A,A,T,T,442,6975,2032
47079,C,C,A,A,443,6988,2032
48113,G,G,A,A,444,7154,2032
48137,A,A,-,-,444,7158,2033
48138,A,A,-,-,444,7158,2034
48139,A,A,-,-,444,7158,2035
48140,T,T,-,-,444,7158,2036
48299,T,T,C,C,445,7171,2036
48301,C,C,T,T,446,7171,2036
48324,A,A,G,G,447,7171,2036
48355,T,T,C,C,448,7171,2036
48423,C,C,G,T,449,7172,2036
48605,A,A,T,T,450,7209,2036
48672,G,G,A,A,451,7209,2036
48695,T,T,C,C,452,7209,2036
48907,C,C,T,T,453,7210,2036
48923,G,G,-,-,453,7223,2037
48955,T,T,C,A,454,7223,2037
48964,C,C,T,T,455,7223,2037
48965,T,T,G,C,456,7223,2037
49098,C,C,T,T,457,7239,2037
49179,G,G,C,C,458,7239,2037
49236,A,A,G,G,459,7239,2037
49244,C,C,T,T,460,7239,2037
49303,A,A,G,G,461,7239,2037
49305,G,G,A,A,462,7242,2037
