123,A,A,G,C,1,4,0
412,C,C,T,T,2,40,0
413,A,A,G,G,3,40,0
515,A,A,G,G,4,40,0
521,A,A,C,C,5,40,0
538,C,C,T,T,6,40,0
540,T,T,C,C,7,40,0
541,G,G,C,C,8,40,0
549,T,T,C,C,9,40,0
550,T,T,C,C,10,40,0
551,G,G,A,A,11,40,0
1124,C,C,T,T,12,69,0
1255,T,T,C,C,13,86,0
1304,C,C,T,T,14,151,0
1341,C,C,G,G,15,156,0
1421,C,C,T,T,16,164,0
1461,-,-,G,G,16,166,0
1494,T,T,G,G,17,168,0
1600,T,T,-,-,17,177,1
1601,C,C,-,-,17,177,2
2471,-,-,C,A,17,290,2
2503,A,A,T,T,18,309,2
2701,A,A,G,G,19,314,2
2704,T,T,C,C,20,314,2
2713,T,T,C,C,21,314,2
2730,T,T,C,G,22,318,2
2831,G,G,C,T,23,327,2
2851,A,A,G,G,24,334,2
2998,G,G,A,A,25,349,2
3122,G,G,A,A,26,379,2
3125,A,A,-,*,26,379,3
3253,A,A,-,*,26,413,4
3613,A,A,-,-,26,426,5
3614,T,T,-,-,26,426,6
3615,G,G,-,-,26,426,7
3618,T,T,G,G,27,426,7
3634,C,C,T,G,28,426,7
3680,C,C,A,T,29,427,7
3813,C,C,T,A,30,428,7
3844,G,G,A,A,31,447,7
3999,C,C,T,A,32,460,7
4041,A,A,G,G,33,469,7
4046,G,G,A,A,34,469,7
4051,A,A,G,G,35,470,7
4053,A,A,G,G,36,470,7
4081,T,T,C,C,37,476,7
4129,G,G,T,C,38,480,7
4138,G,G,A,C,39,481,7
4139,G,G,A,T,40,481,7
4177,A,A,G,G,41,482,7
4178,A,A,C,C,42,488,7
4239,C,C,T,G,43,495,7
4362,T,T,C,G,44,507,7
4464,G,G,A,A,45,548,7
4520,G,G,A,A,46,553,7
4525,C,C,T,T,47,557,7
4552,C,C,T,T,48,557,7
4617,G,G,A,A,49,575,7
4682,T,T,C,C,50,581,7
4713,A,A,T,G,51,606,7
4720,A,A,G,G,52,606,7
4731,G,G,A,A,53,606,7
5213,A,T,-,-,53,631,8
5214,A,A,-,-,53,631,9
5364,C,C,G,G,54,642,9
5618,C,C,G,T,55,651,9
5991,G,G,-,*,55,676,10
6013,G,G,-,*,55,677,11
6104,A,A,-,*,55,678,12
6117,A,A,-,*,55,678,13
6118,A,A,-,*,55,678,14
6162,C,C,-,*,55,679,15
6246,C,C,-,*,55,679,16
6252,C,C,-,*,55,679,17
6264,A,A,-,*,55,679,18
6270,A,A,-,*,55,679,19
6271,C,T,-,*,55,679,20
6280,C,C,-,*,55,690,21
6281,A,A,-,*,55,690,22
6403,A,A,-,*,55,711,23
6404,T,T,-,*,55,711,24
6405,T,T,-,*,55,711,25
6406,C,C,-,*,55,711,26
6480,C,C,-,*,55,743,27
6481,T,T,-,*,55,743,28
6482,G,G,-,*,55,743,29
6483,A,A,-,*,55,743,30
6665,T,T,C,C,56,807,30
6790,T,T,C,C,57,807,30
6972,C,C,A,T,58,882,30
6977,A,A,C,C,59,883,30
6984,G,G,A,A,60,898,30
7081,C,C,T,T,61,908,30
7107,G,G,A,A,62,909,30
7130,A,A,G,G,63,909,30
8179,T,T,C,C,64,1175,30
8217,C,C,T,T,65,1178,30
9793,C,C,A,A,66,1415,30
9798,C,C,A,A,67,1415,30
9813,G,G,A,C,68,1441,30
9950,C,C,T,T,69,1458,30
10137,-,-,A,A,69,1493,30
10137,-,-,G,G,69,1494,30
10137,-,-,A,A,69,1495,30
10137,-,-,G,G,69,1496,30
10380,C,C,T,G,70,1544,30
10460,G,G,-,-,70,1544,31
10461,T,T,-,-,70,1544,32
10479,-,-,A,A,70,1547,32
10479,-,-,A,A,70,1548,32
10479,-,-,C,C,70,1549,32
10564,A,A,C,C,71,1550,32
10630,G,G,A,A,72,1571,32
10679,A,A,G,G,73,1573,32
10690,T,T,C,G,74,1575,32
10693,C,C,A,A,75,1575,32
10876,A,A,C,T,76,1584,32
10876,-,-,T,G,76,1585,32
10896,C,C,T,T,77,1587,32
10933,T,T,C,C,78,1592,32
10950,G,G,A,A,79,1592,32
11298,A,A,C,C,80,1621,32
11308,G,G,T,T,81,1621,32
11351,G,G,A,A,82,1629,32
11569,G,G,A,A,83,1640,32
11672,C,C,T,A,84,1640,32
11839,G,G,A,A,85,1647,32
11896,A,A,G,G,86,1647,32
11902,G,G,A,A,87,1647,32
11970,-,-,C,C,87,1648,32
12120,G,G,A,A,88,1648,32
12137,A,A,-,*,88,1680,33
12138,A,A,-,*,88,1680,34
12139,A,A,-,*,88,1680,35
12140,A,A,-,*,88,1680,36
12312,T,T,A,G,89,1784,36
12314,G,G,A,A,90,1784,36
12391,C,C,T,T,91,1793,36
12490,A,A,G,C,92,1793,36
12768,C,C,G,G,93,1834,36
12810,T,T,C,C,94,1856,36
12939,T,T,G,G,95,1916,36
13068,T,T,C,C,96,1954,36
13075,T,T,G,G,97,1955,36
13077,A,A,G,G,98,1955,36
13078,A,A,C,C,99,1955,36
13085,T,T,C,C,100,1955,36
13102,G,G,C,C,101,1957,36
13149,A,A,G,G,102,1957,36
13150,G,G,A,A,103,1957,36
13290,A,A,G,G,104,1964,36
13390,-,-,A,A,104,1973,36
13515,A,A,G,C,105,1999,36
13518,C,C,G,G,106,1999,36
13573,A,A,G,G,107,2006,36
13588,A,A,T,G,108,2006,36
13627,C,C,T,T,109,2024,36
13667,C,C,T,T,110,2046,36
13798,T,T,A,G,111,2054,36
14063,G,G,*,*,111,2076,37
14064,T,T,*,*,111,2076,38
14065,T,T,*,*,111,2076,39
14066,T,T,*,*,111,2076,40
14067,C,T,*,*,111,2079,41
14068,T,T,*,*,111,2079,42
14069,T,T,*,*,111,2079,43
14070,T,T,*,*,111,2079,44
14073,T,T,*,*,111,2092,45
14074,T,T,*,*,111,2094,46
14075,T,T,*,*,111,2094,47
14076,T,T,*,*,111,2094,48
14077,T,T,*,*,111,2094,49
14078,T,T,*,*,111,2094,50
14079,T,T,*,*,111,2094,51
14080,T,T,*,*,111,2094,52
14081,T,T,*,*,111,2094,53
14082,T,T,*,*,111,2094,54
14083,G,G,*,*,111,2094,55
14084,A,A,*,*,111,2095,56
14085,G,G,*,*,111,2095,57
14086,A,A,*,*,111,2095,58
14087,C,C,*,*,111,2095,59
14088,A,A,*,*,111,2098,60
14089,G,G,*,*,111,2098,61
14090,T,T,*,*,111,2101,62
14091,C,C,*,*,111,2101,63
14092,T,T,*,*,111,2101,64
14093,C,C,*,*,111,2101,65
14094,A,A,*,*,111,2101,66
14095,C,C,*,*,111,2101,67
14096,T,T,*,*,111,2101,68
14097,C,C,*,*,111,2101,69
14098,T,T,*,*,111,2101,70
14099,G,G,*,*,111,2101,71
14100,T,T,*,*,111,2101,72
14101,C,C,*,*,111,2101,73
14102,G,G,*,*,111,2101,74
14103,C,C,*,*,111,2101,75
14104,C,C,*,*,111,2101,76
14105,C,C,*,*,111,2101,77
14106,A,A,*,*,111,2101,78
14107,G,G,*,*,111,2101,79
14108,G,G,*,*,111,2101,80
14109,T,T,*,*,111,2101,81
14110,T,T,*,*,111,2101,82
14111,G,G,*,*,111,2101,83
14112,G,G,*,*,111,2101,84
14113,A,A,*,*,111,2101,85
14114,G,G,*,*,111,2101,86
14115,T,T,*,*,111,2101,87
14116,G,G,*,*,111,2101,88
14117,C,C,*,*,111,2101,89
14118,A,A,*,*,111,2101,90
14119,G,G,*,*,111,2101,91
14120,T,T,*,*,111,2101,92
14121,G,G,*,*,111,2101,93
14122,G,G,*,*,111,2101,94
14123,C,C,*,*,111,2101,95
14124,G,G,*,*,111,2101,96
14126,C,C,*,*,111,2101,97
14127,G,G,*,*,111,2101,98
14128,A,A,*,*,111,2101,99
14129,T,T,*,*,111,2101,100
14130,T,T,*,*,111,2101,101
14131,T,T,*,*,111,2101,102
14132,C,C,*,*,111,2101,103
14133,G,G,*,*,111,2101,104
14134,G,G,*,*,111,2101,105
14135,C,C,*,*,111,2101,106
14136,T,T,*,*,111,2101,107
14137,C,C,*,*,111,2101,108
14138,A,A,*,*,111,2101,109
14139,C,C,*,*,111,2101,110
14140,T,T,*,*,111,2101,111
14141,G,G,*,*,111,2101,112
14142,C,C,*,*,111,2101,113
14143,A,A,*,*,111,2101,114
14144,A,A,*,*,111,2101,115
14145,G,G,*,*,111,2101,116
14146,C,C,*,*,111,2101,117
14147,T,T,*,*,111,2101,118
14148,C,C,*,*,111,2101,119
14149,C,C,*,*,111,2101,120
14150,G,G,*,*,111,2101,121
14151,C,C,*,*,111,2101,122
14152,C,C,*,*,111,2101,123
14153,T,T,*,*,111,2101,124
14154,C,C,*,*,111,2101,125
14155,C,C,*,*,111,2101,126
14156,C,C,*,*,111,2101,127
14157,G,G,*,*,111,2101,128
14158,G,G,*,*,111,2101,129
14159,G,G,*,*,111,2101,130
14160,T,T,*,*,111,2101,131
14161,T,T,*,*,111,2101,132
14162,C,C,*,*,111,2101,133
14163,A,A,*,*,111,2101,134
14164,C,C,*,*,111,2101,135
14165,G,G,*,*,111,2101,136
14166,C,C,*,*,111,2101,137
14167,C,C,*,*,111,2101,138
14168,A,A,*,*,111,2101,139
14169,T,T,*,*,111,2101,140
14170,T,T,*,*,111,2101,141
14171,C,C,*,*,111,2101,142
14172,T,T,*,*,111,2101,143
14173,C,C,*,*,111,2101,144
14174,C,C,*,*,111,2101,145
14175,T,T,*,*,111,2101,146
14176,A,A,*,*,111,2101,147
14177,C,C,*,*,111,2101,148
14178,C,C,*,*,111,2101,149
14179,T,T,*,*,111,2101,150
14180,C,C,*,*,111,2101,151
14181,A,A,*,*,111,2101,152
14182,G,G,*,*,111,2101,153
14183,C,C,*,*,111,2101,154
14184,C,C,*,*,111,2101,155
14185,T,T,*,*,111,2101,156
14186,C,C,*,*,111,2101,157
14187,C,C,*,*,111,2101,158
14188,T,C,*,*,111,2101,159
14189,T,G,*,*,111,2101,160
14190,A,A,*,*,111,2101,161
14191,G,G,*,*,111,2101,162
14192,T,T,*,*,111,2101,163
14193,A,A,*,*,111,2101,164
14194,G,G,*,*,111,2101,165
14195,C,C,*,*,111,2101,166
14196,T,T,*,*,111,2101,167
14197,G,G,*,*,111,2101,168
14198,G,G,*,*,111,2101,169
14199,G,G,*,*,111,2101,170
14200,A,A,*,*,111,2101,171
14201,C,C,*,*,111,2101,172
14202,T,T,*,*,111,2101,173
14203,A,A,*,*,111,2101,174
14204,C,C,*,*,111,2101,175
14205,A,A,*,*,111,2101,176
14206,G,G,*,*,111,2101,177
14207,A,A,*,*,111,2101,178
14208,C,C,*,*,111,2101,179
14209,G,T,*,*,111,2101,180
14210,C,C,*,*,111,2101,181
14211,C,C,*,*,111,2101,182
14212,C,C,*,*,111,2101,183
14213,G,A,*,*,111,2101,184
14214,C,C,*,*,111,2101,185
14215,C,C,*,*,111,2101,186
14216,A,A,*,*,111,2101,187
14217,C,C,*,*,111,2101,188
14218,C,C,*,*,111,2101,189
14219,A,A,*,*,111,2101,190
14220,C,C,*,*,111,2101,191
14221,G,G,*,*,111,2101,192
14222,C,C,*,*,111,2101,193
14223,C,C,*,*,111,2101,194
14224,C,C,*,*,111,2101,195
14225,G,G,*,*,111,2101,196
14226,G,G,*,*,111,2101,197
14227,C,C,*,*,111,2101,198
14228,T,C,*,*,111,2101,199
14229,A,A,*,*,111,2101,200
14230,A,T,*,*,111,2101,201
14231,T,T,*,*,111,2109,202
14232,T,T,*,*,111,2109,203
14233,T,T,*,*,111,2109,204
14234,T,T,*,*,111,2109,205
14235,T,T,*,*,111,2109,206
14236,T,T,*,*,111,2109,207
14237,T,T,*,*,111,2109,208
14238,G,G,*,*,111,2109,209
14239,T,T,*,*,111,2109,210
14240,A,A,*,*,111,2109,211
14241,T,T,*,*,111,2109,212
14242,T,T,*,*,111,2109,213
14243,T,T,*,*,111,2109,214
14244,T,T,*,*,111,2109,215
14245,T,T,*,*,111,2109,216
14246,A,A,*,*,111,2109,217
14247,G,G,*,*,111,2109,218
14248,T,T,*,*,111,2109,219
14249,A,A,*,*,111,2109,220
14250,G,G,*,*,111,2109,221
14251,A,A,*,*,111,2109,222
14252,G,G,*,*,111,2109,223
14253,A,A,*,*,111,2109,224
14254,C,C,*,*,111,2109,225
14255,A,A,*,*,111,2109,226
14256,G,G,*,*,111,2109,227
14257,G,G,*,*,111,2109,228
14258,G,G,*,*,111,2109,229
14259,T,T,*,*,111,2109,230
14260,T,T,*,*,111,2109,231
14261,T,T,*,*,111,2109,232
14262,C,C,*,*,111,2109,233
14263,A,A,*,*,111,2109,234
14264,C,C,*,*,111,2109,235
14265,C,C,*,*,111,2109,236
14266,G,G,*,*,111,2109,237
14267,T,T,*,*,111,2109,238
14268,G,G,*,*,111,2109,239
14269,T,T,*,*,111,2109,240
14270,T,T,*,*,111,2109,241
14271,A,A,*,*,111,2109,242
14272,G,G,*,*,111,2109,243
14273,C,C,*,*,111,2109,244
14274,C,C,*,*,111,2109,245
14275,A,A,*,*,111,2109,246
14276,A,G,*,*,111,2109,247
14277,G,G,*,*,111,2109,248
14278,A,A,*,*,111,2109,249
14279,T,T,*,*,111,2109,250
14280,G,G,*,*,111,2109,251
14281,G,G,*,*,111,2109,252
14282,T,T,*,*,111,2109,253
14283,C,C,*,*,111,2109,254
14284,T,T,*,*,111,2109,255
14286,G,G,*,*,111,2109,256
14287,A,A,*,*,111,2109,257
14288,T,T,*,*,111,2109,258
14289,C,T,*,*,111,2109,259
14290,T,T,*,*,111,2109,260
14291,C,C,*,*,111,2109,261
14292,C,C,*,*,111,2109,262
14293,T,T,*,*,111,2109,263
14294,G,G,*,*,111,2109,264
14295,A,A,*,*,111,2109,265
14296,C,C,*,*,111,2109,266
14297,C,C,*,*,111,2109,267
14298,T,T,*,*,111,2109,268
14299,C,C,*,*,111,2109,269
14300,G,G,*,*,111,2109,270
14301,T,T,*,*,111,2109,271
14302,G,G,*,*,111,2109,272
14303,A,A,*,*,111,2109,273
14304,T,T,*,*,111,2109,274
14305,C,C,*,*,111,2109,275
14306,C,C,*,*,111,2109,276
14307,G,G,*,*,111,2109,277
14308,C,C,*,*,111,2109,278
14309,C,C,*,*,111,2109,279
14310,C,C,*,*,111,2109,280
14311,G,G,*,*,111,2109,281
14312,C,C,*,*,111,2109,282
14313,C,C,*,*,111,2109,283
14314,T,T,*,*,111,2109,284
14315,C,C,*,*,111,2109,285
14316,G,G,*,*,111,2109,286
14317,G,G,*,*,111,2109,287
14318,T,C,*,*,111,2109,288
14319,C,C,*,*,111,2109,289
14320,T,T,*,*,111,2109,290
14321,C,C,*,*,111,2109,291
14322,C,C,*,*,111,2109,292
14323,C,C,*,*,111,2109,293
14324,A,A,*,*,111,2109,294
14325,A,A,*,*,111,2109,295
14326,A,A,*,*,111,2109,296
14327,G,G,*,*,111,2109,297
14328,T,T,*,*,111,2109,298
14329,G,G,*,*,111,2109,299
14330,C,C,*,*,111,2109,300
14331,A,A,*,*,111,2109,301
14332,G,G,*,*,111,2109,302
14333,G,G,*,*,111,2109,303
14334,G,G,*,*,111,2109,304
14335,A,A,*,*,111,2109,305
14336,T,T,*,*,111,2109,306
14337,T,T,*,*,111,2109,307
14338,A,A,*,*,111,2109,308
14339,C,C,*,*,111,2109,309
14340,A,A,*,*,111,2109,310
14341,G,G,*,*,111,2109,311
14342,G,G,*,*,111,2109,312
14343,C,C,*,*,111,2109,313
14344,G,G,*,*,111,2109,314
14345,C,C,*,*,111,2109,315
14346,C,G,*,*,111,2109,316
14347,A,G,*,*,111,2109,317
14348,G,G,*,*,111,2109,318
14349,T,C,*,*,111,2109,319
14350,C,C,*,*,111,2109,320
14351,A,A,*,*,111,2109,321
14352,C,C,*,*,111,2109,322
14353,C,C,*,*,111,2109,323
14354,G,G,*,*,111,2109,324
14355,C,C,*,*,111,2112,325
14356,G,G,*,*,111,2112,326
14357,C,C,*,*,111,2112,327
14358,C,C,*,*,111,2112,328
14359,C,C,*,*,111,2112,329
14360,G,G,*,*,111,2112,330
14361,G,G,*,*,111,2112,331
14362,C,C,*,*,111,2112,332
14363,G,G,*,*,111,2112,333
14364,C,C,*,*,111,2112,334
14365,A,A,*,*,111,2112,335
14366,A,A,*,*,111,2112,336
14367,T,T,*,*,111,2112,337
14368,G,G,*,*,111,2112,338
14369,G,G,*,*,111,2112,339
14370,T,C,*,*,111,2112,340
14447,A,A,*,-,111,2127,341
14448,A,A,*,-,111,2127,342
14449,T,T,*,-,111,2127,343
14450,T,T,*,-,111,2127,344
14451,T,T,*,-,111,2127,345
14452,T,T,*,*,111,2127,346
14453,T,T,*,*,111,2127,347
14454,A,A,*,*,111,2127,348
14455,A,A,*,*,111,2127,349
14456,A,A,*,*,111,2127,350
14457,A,A,*,*,111,2127,351
14458,T,T,*,*,111,2127,352
14522,T,T,C,C,112,2131,352
14528,C,C,A,A,113,2131,352
14537,T,T,G,G,114,2131,352
14566,-,-,C,C,114,2132,352
14577,G,G,A,T,115,2134,352
14608,-,-,T,T,115,2138,352
14697,T,T,C,C,116,2138,352
14736,A,A,G,G,117,2138,352
14762,T,T,-,-,117,2142,353
14763,T,T,-,-,117,2142,354
14773,G,G,T,T,118,2144,354
14788,C,C,T,T,119,2148,354
14800,G,G,T,T,120,2148,354
14829,A,A,T,T,121,2152,354
14833,T,T,C,C,122,2152,354
14955,C,C,A,A,123,2170,354
14987,C,C,G,G,124,2173,354
15068,A,A,G,G,125,2192,354
15114,A,A,C,C,126,2192,354
15165,G,A,-,-,126,2195,355
15361,A,A,G,G,127,2223,355
15373,A,A,T,C,128,2235,355
15374,A,A,G,G,129,2235,355
15569,A,A,C,C,130,2371,355
15587,G,G,A,A,131,2371,355
15798,G,G,A,A,132,2400,355
16037,T,T,C,C,133,2417,355
16039,T,T,C,C,134,2417,355
16106,A,A,T,G,135,2417,355
16135,G,G,T,T,136,2422,355
16193,A,A,G,G,137,2438,355
16257,C,C,G,G,138,2438,355
16306,G,G,T,A,139,2438,355
16382,T,T,A,C,140,2438,355
16472,C,C,T,T,141,2439,355
16490,G,G,T,T,142,2442,355
16550,G,G,A,A,143,2442,355
16611,A,A,G,G,144,2489,355
16710,A,A,C,G,145,2490,355
16730,-,-,G,G,145,2491,355
16750,T,T,C,C,146,2491,355
16774,G,G,T,T,147,2492,355
16906,C,C,G,G,148,2504,355
16956,A,A,T,G,149,2505,355
16976,C,C,T,T,150,2505,355
17024,A,A,T,T,151,2515,355
17045,-,-,T,T,151,2591,355
17045,-,-,T,T,151,2592,355
17045,-,-,A,C,151,2593,355
17045,-,-,C,C,151,2594,355
17193,C,C,T,A,152,2643,355
17340,A,A,G,G,153,2643,355
17443,T,T,C,C,154,2643,355
17485,A,A,G,G,155,2643,355
17532,C,C,-,-,155,2728,356
17581,T,T,G,G,156,2731,356
17582,G,G,A,A,157,2731,356
17584,A,A,C,C,158,2731,356
17586,G,G,-,-,158,2731,357
17587,G,G,-,-,158,2731,358
17588,A,A,-,-,158,2731,359
17589,C,C,-,-,158,2731,360
17590,A,A,-,-,158,2731,361
17628,T,T,C,C,159,2732,361
17628,-,-,T,T,159,2750,361
17628,-,-,T,C,159,2751,361
17628,-,-,T,T,159,2752,361
17628,-,-,T,T,159,2753,361
17628,-,-,T,T,159,2754,361
17653,C,C,T,T,160,2755,361
17684,T,T,C,C,161,2755,361
17709,G,G,A,T,162,2755,361
17727,T,T,G,G,163,2755,361
17742,G,G,A,A,164,2755,361
17756,G,G,C,C,165,2755,361
17803,G,G,T,T,166,2755,361
17867,A,A,G,G,167,2756,361
17929,G,G,A,T,168,2765,361
17931,T,T,C,C,169,2765,361
17954,C,C,G,G,170,2765,361
18058,G,G,A,A,171,2765,361
18066,T,T,A,G,172,2765,361
18101,T,T,G,G,173,2767,361
18500,T,T,C,C,174,2882,361
18548,G,G,A,A,175,2885,361
18697,T,T,G,G,176,2886,361
18741,A,A,G,G,177,2886,361
18755,T,T,C,C,178,2886,361
18833,T,T,G,G,179,2900,361
18924,T,T,G,G,180,2914,361
18947,T,T,C,C,181,2914,361
19011,T,T,C,C,182,2915,361
19052,A,A,C,C,183,2924,361
19125,C,C,T,T,184,2928,361
19216,A,A,T,T,185,2947,361
19237,T,T,C,C,186,2947,361
19261,T,T,G,G,187,2950,361
19262,T,T,G,G,188,2950,361
19336,G,G,A,A,189,2950,361
19403,G,G,C,C,190,2950,361
19416,T,T,C,C,191,2950,361
19435,T,T,C,C,192,2950,361
19439,T,T,-,-,192,2952,362
19440,T,C,-,-,192,2952,363
19452,T,G,-,-,192,2954,364
19453,T,T,-,-,192,2954,365
19454,T,T,-,-,192,2954,366
19455,T,T,-,-,192,2954,367
19478,T,T,-,-,192,2954,368
19533,-,-,G,G,192,2959,368
19533,-,-,T,T,192,2960,368
19533,-,-,G,G,192,2961,368
19533,-,-,C,C,192,2962,368
19533,-,-,A,A,192,2963,368
19533,-,-,T,T,192,2964,368
19533,-,-,T,T,192,2965,368
19533,-,-,A,A,192,2966,368
19533,-,-,T,T,192,2967,368
19533,-,-,C,C,192,2968,368
19533,-,-,T,T,192,2970,368
19533,-,-,G,G,192,2971,368
19747,A,A,G,G,193,2976,368
19782,G,G,A,A,194,2990,368
19800,A,A,C,T,195,2990,368
19835,-,-,A,G,195,2995,368
19889,C,C,T,T,196,3013,368
19890,A,A,G,G,197,3029,368
19974,T,T,C,A,198,3069,368
20040,C,C,T,T,199,3069,368
20069,-,-,G,C,199,3070,368
20215,-,-,G,G,199,3129,368
20322,C,C,T,T,200,3169,368
20404,T,T,C,C,201,3171,368
20488,G,G,C,A,202,3181,368
20688,T,T,C,C,203,3222,368
20690,-,-,G,C,203,3223,368
20690,-,-,T,T,203,3224,368
20690,-,-,C,C,203,3225,368
20690,-,-,T,T,203,3226,368
20691,C,C,T,G,204,3226,368
20799,C,C,T,T,205,3239,368
20920,G,G,C,C,206,3257,368
21116,A,A,T,T,207,3324,368
21213,-,-,C,T,207,3340,368
21327,A,A,T,T,208,3343,368
21362,C,C,G,G,209,3346,368
21526,C,C,A,A,210,3391,368
21740,T,T,C,C,211,3420,368
21796,A,A,G,G,212,3421,368
21815,G,G,T,T,213,3422,368
21950,-,-,G,G,213,3454,368
21958,T,T,C,C,214,3454,368
22080,G,G,A,A,215,3454,368
22145,C,C,T,T,216,3460,368
22146,T,T,G,G,217,3460,368
22187,A,A,T,G,218,3462,368
22262,G,G,T,T,219,3463,368
22271,G,G,A,A,220,3464,368
22284,A,A,G,G,221,3464,368
22291,C,C,A,A,222,3464,368
22454,A,A,G,C,223,3476,368
22579,A,A,T,T,224,3488,368
22710,T,T,A,A,225,3637,368
22884,G,G,A,A,226,3646,368
22947,C,C,T,T,227,3646,368
22960,A,A,G,G,228,3646,368
22993,A,A,G,G,229,3646,368
22999,C,C,T,T,230,3646,368
23110,T,T,G,G,231,3655,368
23271,T,T,C,C,232,3669,368
23353,A,A,G,G,233,3671,368
23426,A,A,G,G,234,3676,368
