355,G,G,*,-,0,29,1
507,C,C,*,-,0,56,2
508,C,A,*,-,0,56,3
509,T,T,*,-,0,56,4
510,A,A,*,-,0,56,5
511,A,A,*,-,0,56,6
512,T,T,*,-,0,56,7
513,T,T,*,-,0,56,8
514,T,T,*,-,0,56,9
515,A,C,*,-,0,56,10
516,A,A,*,-,0,56,11
517,C,C,*,-,0,56,12
518,T,T,*,-,0,56,13
519,G,G,*,-,0,56,14
520,C,C,*,-,0,56,15
521,T,T,*,-,0,56,16
522,A,A,*,-,0,56,17
523,A,A,*,-,0,56,18
524,T,T,*,-,0,56,19
525,T,T,*,-,0,56,20
526,T,T,*,-,0,56,21
527,A,A,*,-,0,56,22
528,A,A,*,-,0,56,23
529,C,C,*,-,0,62,24
530,T,T,*,-,0,62,25
531,T,T,*,-,0,62,26
736,T,T,*,*,0,180,27
737,T,T,*,*,0,180,28
738,A,A,*,*,0,181,29
739,G,G,*,*,0,181,30
740,C,C,*,*,0,181,31
741,T,T,*,*,0,181,32
742,A,A,*,*,0,181,33
743,C,C,*,*,0,181,34
744,T,T,*,*,0,181,35
745,C,C,*,*,0,183,36
746,C,C,*,*,0,183,37
747,T,T,*,*,0,183,38
748,T,T,*,*,0,183,39
749,C,C,*,*,0,183,40
750,C,C,*,*,0,183,41
751,C,C,*,*,0,183,42
752,T,T,*,*,0,183,43
753,C,C,*,*,0,183,44
754,C,C,*,*,0,184,45
755,C,C,*,*,0,184,46
756,C,C,*,*,0,184,47
757,T,T,*,*,0,184,48
758,T,T,*,*,0,184,49
759,C,C,*,*,0,184,50
760,A,A,*,*,0,184,51
761,T,T,*,*,0,184,52
762,G,G,*,*,0,184,53
763,G,G,*,*,0,184,54
764,G,G,*,*,0,184,55
765,C,C,*,*,0,184,56
766,T,T,*,*,0,184,57
767,C,C,*,*,0,184,58
768,C,C,*,*,0,184,59
769,A,A,*,*,0,184,60
770,A,A,*,*,0,184,61
771,A,A,*,*,0,184,62
772,T,T,*,*,0,184,63
773,T,T,*,*,0,184,64
774,T,T,*,*,0,184,65
775,T,T,*,*,0,184,66
776,C,C,*,*,0,184,67
777,T,T,*,*,0,184,68
778,C,C,*,*,0,184,69
779,C,C,*,*,0,184,70
780,C,C,*,*,0,184,71
781,T,C,*,*,0,184,72
782,T,T,*,*,0,184,73
783,C,C,*,*,0,184,74
784,C,C,*,*,0,184,75
785,C,C,*,*,0,184,76
786,T,T,*,*,0,184,77
787,C,C,*,*,0,188,78
788,C,T,*,*,0,188,79
789,C,C,*,*,0,197,80
790,T,T,*,*,0,197,81
791,C,C,*,*,0,197,82
792,C,C,*,*,0,197,83
793,C,C,*,*,0,197,84
794,T,T,*,*,0,197,85
795,T,C,*,*,0,217,86
796,C,C,*,*,0,217,87
797,C,T,*,*,0,217,88
798,A,C,*,*,0,217,89
799,C,C,*,*,0,217,90
800,C,C,*,*,0,217,91
801,C,C,*,*,0,217,92
802,T,T,*,*,0,217,93
803,C,T,*,*,0,217,94
804,C,C,*,*,0,217,95
805,C,C,*,*,0,217,96
806,T,C,*,*,0,217,97
807,C,C,*,*,0,217,98
808,C,T,*,*,0,217,99
809,T,T,*,*,0,217,100
810,T,C,*,*,0,217,101
811,C,C,*,*,0,217,102
812,C,C,*,*,0,217,103
813,C,C,*,*,0,217,104
814,T,T,*,*,0,217,105
815,T,T,*,*,0,217,106
816,C,C,*,*,0,218,107
817,C,C,*,*,0,218,108
818,C,C,*,*,0,218,109
819,C,C,*,*,0,218,110
820,T,T,*,*,0,218,111
821,T,T,*,*,0,218,112
822,C,C,*,*,0,218,113
823,C,C,*,*,0,218,114
824,C,C,*,*,0,218,115
1855,A,A,C,C,1,430,115
2002,G,G,A,A,2,437,115
2066,T,T,G,G,3,437,115
2087,C,C,T,A,4,437,115
2163,A,A,G,T,5,453,115
2319,T,T,C,C,6,464,115
2479,A,A,G,G,7,487,115
2483,T,T,C,C,8,487,115
2504,C,C,G,G,9,487,115
2520,T,T,C,C,10,487,115
2535,T,T,C,C,11,487,115
2636,A,A,T,G,12,492,115
2642,T,T,C,G,13,492,115
2671,-,-,A,A,13,493,115
2826,T,T,C,C,14,499,115
2905,A,A,G,G,15,510,115
2930,T,T,-,-,15,533,116
2931,T,T,-,-,15,533,117
2932,T,T,-,-,15,533,118
2933,A,A,-,-,15,533,119
2934,T,T,-,-,15,533,120
2935,T,T,-,-,15,533,121
2936,T,T,-,-,15,533,122
2937,T,T,-,-,15,533,123
2938,A,A,-,-,15,553,124
2939,T,T,-,-,15,553,125
2940,T,T,-,-,15,553,126
2941,T,T,-,-,15,553,127
2942,T,T,-,-,15,553,128
2943,A,A,-,-,15,553,129
2972,A,A,G,G,16,565,129
3020,G,G,C,C,17,565,129
3050,C,C,A,A,18,565,129
3053,A,A,G,G,19,565,129
3076,T,T,C,C,20,565,129
3106,-,-,T,C,20,566,129
3143,C,C,T,T,21,566,129
3180,-,-,T,C,21,567,129
3180,-,-,C,C,21,568,129
3232,C,C,G,T,22,568,129
3418,A,A,C,T,23,609,129
3430,G,G,A,T,24,609,129
3697,G,G,-,*,24,630,130
3698,C,C,-,*,24,630,131
3699,C,C,-,*,24,630,132
3700,T,T,-,*,24,630,133
4187,C,C,-,*,24,773,134
4188,G,A,-,*,24,773,135
4189,G,G,-,*,24,773,136
4190,G,G,-,*,24,773,137
4191,T,T,-,*,24,773,138
4192,T,T,-,*,24,773,139
4193,C,C,-,*,24,773,140
4194,A,A,-,*,24,773,141
4195,C,C,-,*,24,773,142
4196,G,G,-,*,24,773,143
4197,C,C,-,*,24,773,144
4198,C,C,-,*,24,773,145
4199,A,A,-,*,24,773,146
4200,T,T,-,*,24,773,147
4201,T,T,-,*,24,773,148
4202,C,C,-,*,24,773,149
4203,T,T,-,*,24,773,150
4204,C,C,-,*,24,773,151
4205,C,C,-,*,24,773,152
4206,T,T,-,*,24,773,153
4207,G,G,-,*,24,773,154
4208,C,C,-,*,24,773,155
4209,C,C,-,*,24,773,156
4210,T,T,-,*,24,773,157
4211,C,C,-,*,24,773,158
4212,A,A,-,*,24,773,159
4213,G,G,-,*,24,773,160
4243,T,C,-,*,24,773,161
4425,A,A,G,G,25,789,161
4473,A,A,G,G,26,789,161
4538,C,C,A,A,27,804,161
4682,C,C,T,T,28,814,161
4724,T,T,C,C,29,814,161
4747,T,T,A,A,30,817,161
4907,G,G,A,A,31,900,161
4999,T,T,A,A,32,905,161
5097,G,G,A,A,33,943,161
5144,T,T,C,C,34,981,161
5326,C,C,T,T,35,1027,161
5332,T,T,C,C,36,1027,161
5347,C,C,T,T,37,1028,161
5366,C,C,G,G,38,1028,161
5376,G,G,T,T,39,1029,161
5508,C,C,G,G,40,1041,161
5509,C,C,G,A,41,1041,161
5524,A,A,T,T,42,1044,161
5560,C,C,T,T,43,1046,161
5597,T,T,C,C,44,1046,161
5698,A,A,G,G,45,1049,161
5742,G,G,A,A,46,1049,161
5894,-,-,T,C,46,1057,161
5894,-,-,G,G,46,1058,161
5905,C,C,T,T,47,1064,161
5976,A,A,G,G,48,1073,161
6166,A,A,-,-,48,1115,162
6167,T,T,-,-,48,1115,163
6168,T,T,-,-,48,1115,164
6169,C,C,-,-,48,1115,165
6276,A,A,G,G,49,1127,165
6459,G,G,C,C,50,1154,165
6460,G,G,C,T,51,1154,165
6535,C,C,T,G,52,1189,165
6536,A,A,G,G,53,1189,165
6552,A,A,G,T,54,1189,165
6611,C,C,T,T,55,1193,165
6645,T,T,C,G,56,1193,165
6729,A,A,C,T,57,1196,165
6826,C,C,T,T,58,1207,165
6833,A,A,G,G,59,1207,165
6943,T,T,C,G,60,1210,165
6953,T,T,C,C,61,1211,165
7080,C,C,T,T,62,1213,165
7129,A,A,T,T,63,1214,165
7130,A,A,G,G,64,1214,165
7185,A,A,G,G,65,1217,165
7253,C,C,G,T,66,1221,165
7261,A,A,C,C,67,1221,165
7282,G,G,A,A,68,1221,165
7334,A,A,G,G,69,1227,165
7535,-,*,G,G,69,1297,165
7535,-,*,A,A,69,1298,165
7535,-,*,G,A,69,1299,165
7589,-,*,G,A,69,1304,165
7589,-,*,A,A,69,1305,165
7671,A,A,G,G,70,1305,165
7724,T,T,C,C,71,1306,165
7748,A,A,C,C,72,1306,165
7792,G,G,C,T,73,1328,165
7817,T,T,C,C,74,1328,165
7849,C,C,G,T,75,1328,165
7917,A,A,G,G,76,1364,165
7927,T,T,C,C,77,1374,165
7928,G,G,A,A,78,1374,165
7936,A,A,G,G,79,1374,165
7947,A,A,T,G,80,1374,165
8069,A,A,C,C,81,1420,165
8080,C,C,G,G,82,1422,165
8105,C,C,T,T,83,1422,165
8106,T,T,A,G,84,1422,165
8230,C,C,T,T,85,1434,165
8322,C,C,T,T,86,1434,165
8388,A,A,-,-,86,1524,166
8452,A,A,G,G,87,1524,166
8527,G,G,A,A,88,1687,166
8538,T,T,C,C,89,1720,166
8556,T,T,C,C,90,1720,166
8592,A,A,C,C,91,1721,166
8631,C,C,T,T,92,1723,166
8880,T,T,C,C,93,1876,166
8894,G,G,A,A,94,1883,166
9115,-,-,G,G,94,2043,166
9115,-,-,A,G,94,2045,166
9115,-,-,C,T,94,2046,166
9115,-,-,G,G,94,2047,166
9115,-,-,G,G,94,2048,166
9115,-,-,A,A,94,2049,166
9115,-,-,A,A,94,2050,166
9115,-,-,G,G,94,2051,166
9115,-,-,C,C,94,2052,166
9115,-,-,G,G,94,2054,166
9115,-,-,G,G,94,2055,166
9115,-,-,G,G,94,2056,166
9115,-,-,T,T,94,2057,166
9115,-,-,C,C,94,2058,166
9115,-,-,T,T,94,2059,166
9165,T,T,A,A,95,2066,166
9166,T,T,C,C,96,2066,166
9238,T,T,C,C,97,2074,166
9407,C,C,T,T,98,2095,166
9479,-,-,G,G,98,2102,166
9479,-,-,T,T,98,2103,166
9479,-,-,A,A,98,2104,166
9479,-,-,G,G,98,2105,166
9479,-,-,G,G,98,2106,166
9479,-,-,T,T,98,2107,166
9479,-,-,C,C,98,2108,166
9479,-,-,T,T,98,2109,166
9479,-,-,G,G,98,2110,166
9479,-,-,G,G,98,2111,166
9710,A,A,G,G,99,2162,166
9723,G,G,A,A,100,2162,166
9762,A,A,G,G,101,2174,166
9780,T,T,C,C,102,2177,166
9881,T,T,G,A,103,2193,166
9946,A,A,G,G,104,2248,166
9997,T,T,G,G,105,2253,166
10015,-,-,C,C,105,2256,166
10015,-,-,T,T,105,2258,166
10015,-,-,T,T,105,2259,166
10015,-,-,T,T,105,2260,166
10144,C,C,T,G,106,2269,166
10310,T,T,C,C,107,2352,166
10321,A,A,-,-,107,2352,167
10322,G,G,-,-,107,2352,168
10580,T,T,C,C,108,2366,168
11226,A,C,-,-,108,2446,169
11227,C,C,-,-,108,2446,170
11228,C,C,-,-,108,2446,171
11286,A,A,G,G,109,2449,171
11310,C,C,G,G,110,2451,171
11314,C,C,T,T,111,2453,171
11412,-,-,A,A,111,2470,171
11412,-,-,C,C,111,2472,171
11509,A,A,-,-,111,2478,172
11510,C,C,-,-,111,2478,173
11511,A,A,-,-,111,2478,174
11512,C,C,-,-,111,2478,175
11513,A,A,-,-,111,2478,176
11514,C,C,-,-,111,2478,177
11515,A,A,-,-,111,2478,178
11516,C,C,-,-,111,2478,179
11517,A,A,-,-,111,2478,180
11518,C,C,-,-,111,2478,181
11519,A,A,-,-,111,2478,182
11520,C,C,-,-,111,2478,183
11533,A,A,T,T,112,2484,183
11583,A,A,-,-,112,2493,184
11585,A,A,G,G,113,2493,184
11591,T,T,C,C,114,2493,184
11621,T,T,C,C,115,2494,184
11992,T,T,C,C,116,2533,184
12040,C,C,T,T,117,2538,184
12049,C,C,T,T,118,2538,184
12053,T,T,C,C,119,2538,184
12106,T,T,G,C,120,2560,184
12138,A,A,G,G,121,2567,184
12242,A,A,T,T,122,2578,184
12352,A,A,G,G,123,2617,184
12522,A,A,C,C,124,2629,184
13151,A,A,G,G,125,2742,184
13420,G,G,A,A,126,2779,184
13459,A,A,G,G,127,2785,184
13498,C,C,T,T,128,2788,184
13652,T,T,-,-,128,2842,185
13653,T,T,-,-,128,2842,186
13709,T,T,C,C,129,2856,186
13715,T,T,C,C,130,2856,186
13716,G,G,A,A,131,2856,186
13727,G,G,C,C,132,2859,186
13728,-,-,T,C,132,2860,186
13770,G,G,A,A,133,2860,186
13832,C,C,T,T,134,2872,186
13836,A,A,G,G,135,2872,186
13837,C,C,T,G,136,2872,186
13838,A,A,G,G,137,2872,186
14079,-,-,T,T,137,2917,186
14079,-,-,C,C,137,2918,186
14079,-,-,G,G,137,2919,186
14079,-,-,T,T,137,2920,186
14079,-,-,A,A,137,2921,186
14079,-,-,G,G,137,2922,186
14079,-,-,C,C,137,2923,186
14079,-,-,C,C,137,2924,186
14079,-,-,C,T,137,2925,186
14136,G,G,A,A,138,2931,186
14505,A,A,G,G,139,2942,186
14666,A,A,-,-,139,3002,187
14667,A,A,-,-,139,3002,188
14790,A,A,C,C,140,3014,188
14791,G,G,A,A,141,3014,188
14794,T,T,C,C,142,3014,188
14803,T,T,C,C,143,3015,188
14826,T,T,C,C,144,3022,188
14930,A,A,C,T,145,3031,188
14941,A,A,C,C,146,3031,188
15021,A,A,G,G,147,3032,188
15029,A,A,G,G,148,3033,188
15077,T,T,C,C,149,3036,188
15254,G,G,A,A,150,3046,188
15386,C,C,G,T,151,3103,188
15395,A,A,G,G,152,3104,188
15412,A,A,G,G,153,3128,188
15442,T,T,C,C,154,3133,188
15669,G,G,A,A,155,3244,188
15758,A,A,G,G,156,3297,188
15769,G,G,A,A,157,3298,188
15814,T,T,C,C,158,3353,188
15823,T,T,C,C,159,3382,188
15936,T,T,C,C,160,3481,188
16423,T,T,A,A,161,3535,188
16504,T,T,C,C,162,3602,188
16558,C,C,G,A,163,3607,188
16559,A,A,G,G,164,3607,188
16577,T,T,C,C,165,3616,188
16666,T,T,G,C,166,3623,188
16732,T,T,G,G,167,3632,188
16758,C,C,G,A,168,3649,188
16785,A,A,G,G,169,3649,188
17207,A,A,-,-,169,3717,189
17347,G,G,A,A,170,3730,189
17522,C,C,G,G,171,3731,189
17677,A,A,G,C,172,3735,189
17808,G,G,C,C,173,3736,189
17997,A,A,G,G,174,3751,189
18160,A,A,G,G,175,3773,189
18261,T,T,C,A,176,3776,189
18504,C,C,T,T,177,3784,189
18615,T,T,G,C,178,3808,189
18651,-,-,G,C,178,3810,189
18668,G,G,A,A,179,3813,189
18792,A,A,G,G,180,3831,189
18919,C,C,A,A,181,3847,189
19068,G,G,A,T,182,3876,189
19082,A,A,-,-,182,3878,190
19083,C,G,-,-,182,3878,191
19195,A,A,G,G,183,3912,191
19220,T,T,C,C,184,3914,191
19263,C,C,T,T,185,3922,191
19326,T,T,C,C,186,3930,191
19363,A,A,G,C,187,3957,191
19527,G,G,C,C,188,3997,191
19767,A,A,G,G,189,4019,191
19772,G,G,A,A,190,4019,191
19889,-,-,A,A,190,4062,191
19905,A,A,C,C,191,4065,191
19954,T,T,C,C,192,4066,191
19959,T,T,C,C,193,4066,191
19977,T,T,C,C,194,4067,191
20044,C,C,T,T,195,4067,191
20056,C,C,A,A,196,4071,191
20096,G,G,A,A,197,4073,191
20134,G,G,C,A,198,4073,191
20331,G,G,-,*,198,4093,192
20332,A,A,-,*,198,4093,193
20333,G,G,-,*,198,4093,194
20334,T,T,-,*,198,4093,195
20335,G,A,-,*,198,4093,196
20378,T,T,-,*,198,4094,197
20465,C,C,T,T,199,4094,197
20673,G,G,C,C,200,4095,197
20684,C,C,T,A,201,4095,197
20685,C,C,A,A,202,4095,197
20714,T,T,C,C,203,4105,197
20753,T,T,C,C,204,4123,197
20775,T,T,A,G,205,4123,197
20821,T,T,C,C,206,4123,197
20927,G,G,T,C,207,4159,197
20941,C,G,-,-,207,4177,198
21011,T,T,C,C,208,4190,198
21036,T,T,C,C,209,4222,198
21046,A,A,C,G,210,4222,198
21113,A,A,G,G,211,4280,198
21142,T,T,A,A,212,4280,198
21166,C,C,T,T,213,4284,198
21248,A,A,G,G,214,4295,198
21602,G,G,A,A,215,4502,198
21603,C,C,G,G,216,4503,198
21613,A,A,G,G,217,4503,198
21624,C,C,T,T,218,4503,198
21635,G,G,C,C,219,4503,198
21699,T,T,C,C,220,4505,198
21711,T,T,C,C,221,4505,198
21818,A,A,G,G,222,4514,198
21882,A,A,G,G,223,4691,198
21944,A,A,G,G,224,4721,198
22277,G,G,A,A,225,4765,198
22318,A,A,G,G,226,4817,198
22339,A,A,G,G,227,4817,198
22357,A,A,G,G,228,4817,198
22363,G,G,A,A,229,4817,198
22364,T,T,C,C,230,4817,198
22373,T,T,C,C,231,4817,198
22399,T,T,C,A,232,4817,198
22470,C,C,T,T,233,4834,198
22852,G,G,A,A,234,4955,198
22979,C,C,T,A,235,5012,198
23146,T,T,C,C,236,5046,198
23179,T,T,G,C,237,5051,198
23258,T,T,-,-,237,5084,199
23338,A,A,C,G,238,5084,199
23440,C,C,T,G,239,5084,199
23599,C,C,T,T,240,5174,199
23747,G,G,A,C,241,5242,199
23774,G,G,A,A,242,5242,199
23811,C,C,T,T,243,5244,199
23830,C,C,T,T,244,5244,199
23978,G,G,C,C,245,5263,199
24018,C,C,T,T,246,5284,199
24018,-,-,G,G,246,5285,199
24086,A,A,-,-,246,5303,200
24253,C,C,T,T,247,5366,200
24266,T,T,C,C,248,5372,200
24644,T,T,C,C,249,5484,200
25084,T,T,C,C,250,5560,200
25198,A,A,G,G,251,5560,200
25219,T,T,G,C,252,5560,200
25509,G,G,C,C,253,5772,200
25618,T,T,C,C,254,5844,200
25658,G,G,C,A,255,5844,200
25670,G,G,T,T,256,5844,200
25723,C,C,A,A,257,5859,200
25736,C,C,A,A,258,5859,200
26166,C,C,T,T,259,5881,200
26589,T,T,C,C,260,5905,200
26678,T,T,C,A,261,5929,200
26892,-,-,C,C,261,5933,200
26997,C,C,T,T,262,5939,200
27309,C,C,T,T,263,5977,200
27343,A,A,-,-,263,5978,201
27378,A,A,T,C,264,5986,201
27424,G,G,T,T,265,5989,201
27487,C,C,T,T,266,5990,201
27507,A,A,G,G,267,5991,201
27617,G,G,A,A,268,6009,201
27785,G,G,A,C,269,6046,201
27796,T,T,C,C,270,6047,201
27798,T,T,C,C,271,6047,201
28029,T,T,G,G,272,6099,201
28125,G,G,A,A,273,6101,201
28151,G,G,A,A,274,6127,201
28219,C,C,G,G,275,6129,201
28275,T,T,C,C,276,6129,201
28306,T,T,G,A,277,6144,201
28352,G,G,T,A,278,6144,201
28406,T,T,C,C,279,6193,201
28518,C,C,G,T,280,6203,201
28622,A,A,C,G,281,6220,201
28678,T,T,C,C,282,6243,201
28746,T,T,C,C,283,6248,201
28839,C,C,-,-,283,6271,202
28846,A,A,C,G,284,6275,202
28870,G,G,C,A,285,6292,202
29026,T,T,C,A,286,6292,202
29145,T,T,-,-,286,6339,203
29146,G,G,-,-,286,6339,204
29207,C,C,-,-,286,6343,205
29238,T,T,G,G,287,6346,205
29305,A,A,G,C,288,6365,205
29347,G,G,C,A,289,6369,205
29405,T,T,C,C,290,6373,205
29425,A,A,G,C,291,6378,205
29641,A,A,G,C,292,6380,205
29678,G,G,A,C,293,6414,205
29869,A,A,G,G,294,6435,205
30057,G,G,A,A,295,6453,205
30294,C,C,T,T,296,6466,205
30470,G,G,C,C,297,6544,205
30471,G,G,A,A,298,6544,205
30581,G,G,A,A,299,6584,205
30684,A,A,G,G,300,6589,205
30701,T,T,C,C,301,6589,205
30702,G,G,A,T,302,6589,205
30803,G,G,A,A,303,6711,205
30830,T,T,C,C,304,6715,205
30948,G,G,A,C,305,6737,205
31005,C,C,T,T,306,6756,205
31155,T,T,C,C,307,6767,205
31194,C,C,A,A,308,6767,205
31265,G,G,T,T,309,6778,205
31340,T,T,C,C,310,6781,205
31368,T,T,C,G,311,6781,205
31384,T,T,C,G,312,6784,205
31419,T,T,C,C,313,6790,205
31424,T,T,C,C,314,6791,205
31491,C,C,T,T,315,6791,205
31764,G,G,A,T,316,6879,205
31820,G,G,A,A,317,6880,205
31868,C,C,G,T,318,6880,205
31873,T,T,G,G,319,6880,205
31974,C,C,T,A,320,6888,205
32025,T,T,C,C,321,6889,205
32196,T,T,C,C,322,6903,205
32208,G,G,A,A,323,6903,205
32247,A,A,G,C,324,6907,205
32807,C,C,T,T,325,6979,205
32964,G,G,A,A,326,6989,205
32971,C,C,T,T,327,6996,205
33043,G,G,A,A,328,7007,205
33084,G,G,T,T,329,7023,205
33119,A,A,G,G,330,7023,205
33128,C,C,T,T,331,7023,205
33129,A,A,G,G,332,7023,205
33144,C,C,T,A,333,7023,205
33203,A,A,G,G,334,7023,205
33221,G,G,C,C,335,7023,205
33271,A,A,T,T,336,7025,205
33346,C,C,T,T,337,7026,205
33384,A,A,G,G,338,7104,205
33519,A,A,G,C,339,7117,205
33538,T,T,G,C,340,7126,205
33560,C,C,T,T,341,7126,205
33565,G,G,-,-,341,7126,206
33609,A,A,G,T,342,7134,206
33672,-,-,A,A,342,7135,206
33672,-,-,G,G,342,7136,206
33672,-,-,A,A,342,7137,206
33672,-,-,C,G,342,7138,206
33687,G,G,A,A,343,7139,206
33688,A,A,G,G,344,7139,206
34066,T,T,G,G,345,7245,206
34105,G,G,A,T,346,7251,206
34137,C,C,T,T,347,7285,206
34621,T,T,*,*,347,7302,207
34622,T,T,*,*,347,7302,208
34623,G,G,*,*,347,7302,209
34624,T,T,*,*,347,7302,210
34625,T,T,*,*,347,7302,211
34626,T,T,*,*,347,7302,212
34627,T,T,*,*,347,7302,213
34628,G,G,*,*,347,7302,214
34629,T,T,*,*,347,7302,215
34630,T,T,*,*,347,7302,216
34631,T,T,*,*,347,7302,217
34632,T,T,*,*,347,7302,218
34633,A,A,*,*,347,7302,219
34634,T,T,*,*,347,7302,220
34635,A,A,*,*,347,7302,221
34636,T,T,*,*,347,7302,222
34637,A,A,*,*,347,7302,223
34638,T,T,*,*,347,7302,224
34639,A,A,*,*,347,7318,225
34640,A,A,*,*,347,7318,226
34641,T,T,*,*,347,7318,227
34642,T,T,*,*,347,7318,228
34643,T,T,*,*,347,7318,229
34644,T,T,*,*,347,7318,230
34645,T,T,*,*,347,7319,231
34646,T,T,*,*,347,7319,232
35028,A,A,G,G,348,7323,232
35136,T,T,G,G,349,7331,232
35148,C,C,T,T,350,7331,232
35149,A,A,G,G,351,7331,232
35194,C,C,T,T,352,7332,232
35352,C,C,G,T,353,7336,232
35454,A,A,G,G,354,7339,232
35464,T,T,C,C,355,7341,232
35511,A,A,C,C,356,7341,232
35512,G,G,C,C,357,7341,232
35588,G,G,A,T,358,7343,232
35665,T,T,-,-,358,7350,233
35666,T,T,-,-,358,7350,234
35667,T,T,-,-,358,7350,235
35828,T,T,C,G,359,7415,235
36122,T,T,C,G,360,7415,235
36183,G,G,-,-,360,7419,236
36192,T,T,C,C,361,7419,236
36286,A,A,G,G,362,7439,236
36419,T,T,C,C,363,7487,236
36457,C,C,T,T,364,7491,236
36483,T,T,C,C,365,7527,236
36513,T,T,G,G,366,7527,236
36564,C,C,T,G,367,7533,236
36613,T,T,C,C,368,7535,236
36711,C,C,T,T,369,7547,236
36714,T,T,C,C,370,7547,236
36735,C,C,T,T,371,7548,236
36803,T,T,C,C,372,7553,236
37193,A,A,-,-,372,7613,237
37194,A,A,-,-,372,7613,238
37224,A,A,G,C,373,7613,238
37273,G,G,C,A,374,7628,238
37301,G,G,T,T,375,7668,238
37459,T,T,A,A,376,7675,238
37587,C,C,T,T,377,7677,238
37717,C,C,T,G,378,7683,238
38243,C,C,G,G,379,7777,238
38293,G,G,C,C,380,7780,238
38358,C,T,-,*,380,7831,239
38359,G,C,-,*,380,7831,240
38360,T,T,-,*,380,7831,241
38460,T,T,G,A,381,7873,241
38478,A,A,G,G,382,7888,241
38527,A,A,-,-,382,7909,242
38528,A,A,-,-,382,7909,243
38638,A,A,G,G,383,7922,243
38651,T,T,C,C,384,7923,243
38653,G,G,A,A,385,7923,243
38667,G,G,C,A,386,7923,243
38672,G,G,A,A,387,7929,243
38711,G,G,T,C,388,7936,243
38788,A,A,G,G,389,7947,243
38816,G,G,T,T,390,7948,243
38824,C,C,T,T,391,7948,243
38831,G,G,A,A,392,7948,243
38885,-,-,C,A,392,7950,243
38971,T,T,C,C,393,7952,243
38988,C,C,T,T,394,7952,243
39048,A,A,G,C,395,7952,243
39057,-,-,A,A,395,7955,243
39057,-,-,A,A,395,7956,243
39118,A,A,G,G,396,7999,243
39223,A,A,G,T,397,8018,243
39248,A,A,G,G,398,8042,243
39261,A,A,G,C,399,8053,243
39267,C,C,G,A,400,8053,243
39343,A,A,-,-,400,8063,244
39344,A,A,-,-,400,8063,245
39371,T,T,C,C,401,8066,245
39441,C,C,T,T,402,8071,245
39601,A,A,G,C,403,8105,245
39752,G,G,A,A,404,8197,245
39767,A,A,G,G,405,8206,245
39779,T,T,A,A,406,8206,245
39842,G,G,A,A,407,8241,245
39951,C,C,T,T,408,8260,245
40067,C,C,T,T,409,8269,245
40164,A,A,G,G,410,8279,245
40188,A,A,G,G,411,8281,245
40237,C,C,T,T,412,8287,245
40270,G,G,T,A,413,8293,245
40345,G,G,A,A,414,8305,245
40369,C,C,T,T,415,8305,245
40430,T,T,C,C,416,8311,245
40461,T,T,A,C,417,8314,245
40526,T,T,C,C,418,8355,245
40560,C,C,-,-,418,8365,246
40561,T,T,-,-,418,8365,247
40562,A,A,-,-,418,8365,248
40563,T,T,-,-,418,8365,249
40634,A,A,G,C,419,8385,249
40668,G,G,A,A,420,8386,249
40713,A,A,C,T,421,8389,249
40714,G,G,A,A,422,8389,249
40720,G,G,A,A,423,8389,249
40726,G,G,A,A,424,8389,249
40808,C,C,T,T,425,8392,249
40810,T,T,C,C,426,8393,249
40887,T,T,G,G,427,8406,249
40901,A,A,G,G,428,8406,249
40907,T,T,C,C,429,8406,249
40914,C,C,T,T,430,8406,249
40973,C,C,G,G,431,8408,249
41077,G,G,C,A,432,8414,249
41166,A,A,G,G,433,8419,249
41282,C,C,G,G,434,8440,249
41344,G,G,A,A,435,8441,249
41387,A,A,G,G,436,8445,249
41422,A,A,G,T,437,8445,249
41435,T,T,C,C,438,8479,249
41497,A,A,G,G,439,8494,249
41545,A,A,G,G,440,8496,249
41584,A,A,G,G,441,8497,249
41603,C,C,T,T,442,8502,249
41661,A,A,G,G,443,8508,249
41670,C,C,G,G,444,8508,249
41715,T,T,A,A,445,8544,249
41828,A,A,T,T,446,8554,249
41881,A,A,C,C,447,8566,249
41899,T,T,C,C,448,8566,249
41900,G,G,A,A,449,8566,249
41902,C,C,T,G,450,8566,249
41910,C,C,G,A,451,8566,249
41919,A,A,G,G,452,8566,249
41922,G,G,T,T,453,8566,249
41942,A,A,G,G,454,8567,249
41953,C,C,A,A,455,8567,249
41976,G,G,T,T,456,8567,249
42051,C,C,A,A,457,8600,249
42086,T,T,C,C,458,8601,249
42133,C,C,T,T,459,8603,249
42134,T,T,C,C,460,8603,249
42135,G,G,A,A,461,8603,249
42138,T,T,C,G,462,8603,249
42167,A,A,G,G,463,8604,249
42173,G,G,A,A,464,8604,249
42281,-,-,T,T,464,8607,249
42388,C,C,T,T,465,8622,249
42548,T,T,C,C,466,8635,249
42677,T,T,C,C,467,8789,249
42769,G,G,A,C,468,8841,249
42790,T,T,G,G,469,8883,249
42826,T,T,C,C,470,8908,249
42835,A,A,G,G,471,8908,249
42858,G,G,T,T,472,8911,249
43117,A,A,G,G,473,8935,249
43265,A,A,G,C,474,8953,249
43278,T,T,-,-,474,8956,250
43279,A,A,-,-,474,8956,251
43280,T,T,-,-,474,8956,252
43281,T,T,-,-,474,8956,253
43282,A,A,-,-,474,8956,254
43283,C,C,-,-,474,8956,255
43369,C,C,G,G,475,8975,255
43540,T,T,C,C,476,8994,255
43546,C,C,T,T,477,8994,255
43613,C,C,T,T,478,8999,255
43691,T,T,C,C,479,9192,255
43719,A,A,-,-,479,9194,256
43720,C,C,-,-,479,9194,257
43721,T,T,-,-,479,9194,258
43722,T,C,-,-,479,9194,259
43767,T,T,C,C,480,9201,259
43882,A,A,C,G,481,9203,259
43952,T,T,A,A,482,9214,259
43964,A,A,G,G,483,9220,259
43968,A,A,G,G,484,9220,259
43977,T,T,C,C,485,9230,259
43994,A,A,G,G,486,9230,259
44057,C,C,T,G,487,9289,259
44081,A,A,T,T,488,9289,259
44122,C,C,T,T,489,9293,259
44340,C,C,A,G,490,9452,259
44359,A,A,G,G,491,9456,259
44427,A,A,G,G,492,9471,259
44428,A,A,G,G,493,9471,259
44481,C,C,-,-,493,9483,260
44482,A,A,-,-,493,9483,261
44483,C,C,-,-,493,9483,262
44484,A,A,-,-,493,9483,263
44485,G,G,-,-,493,9483,264
44486,C,C,*,*,493,9484,265
44487,A,A,-,-,493,9484,266
44519,C,C,A,G,494,9491,266
44521,G,G,C,A,495,9496,266
44827,-,-,A,A,495,9569,266
44827,-,-,C,T,495,9570,266
44827,-,-,G,C,495,9571,266
44827,-,-,A,A,495,9572,266
44827,-,-,A,A,495,9573,266
45070,G,G,A,A,496,9643,266
45249,A,A,G,G,497,9667,266
45275,T,T,C,C,498,9668,266
46071,G,G,A,A,499,9962,266
46282,T,T,C,C,500,9976,266
46520,G,G,A,A,501,9984,266
46521,T,T,C,A,502,9984,266
46621,C,C,T,T,503,9987,266
46631,-,-,T,T,503,9991,266
46631,-,-,T,G,503,9993,266
46664,C,C,T,T,504,9995,266
46766,C,C,T,T,505,10041,266
46897,T,T,C,C,506,10066,266
46956,C,C,G,G,507,10073,266
47231,G,G,A,A,508,10080,266
47622,T,T,C,C,509,10128,266
47705,T,T,C,C,510,10137,266
47863,T,T,C,C,511,10179,266
47929,T,A,-,-,511,10218,267
47930,T,A,-,-,511,10218,268
47931,T,T,-,-,511,10218,269
48536,A,A,G,T,512,10243,269
48600,A,A,-,-,512,10256,270
48601,A,A,-,-,512,10256,271
48602,C,C,-,-,512,10256,272
48603,C,C,-,-,512,10256,273
48607,T,T,C,C,513,10256,273
48658,G,G,A,A,514,10277,273
48774,T,T,C,C,515,10306,273
48894,A,A,G,T,516,10338,273
49149,T,T,C,C,517,10397,273
49233,T,T,C,G,518,10397,273
49264,-,-,G,A,518,10434,273
49264,-,-,G,T,518,10435,273
49287,A,A,G,G,519,10435,273
49808,A,A,G,G,520,10502,273
49863,A,A,G,G,521,10502,273
49894,T,T,C,C,522,10502,273
49906,G,G,A,A,523,10502,273
49928,T,T,C,C,524,10502,273
49929,A,A,T,T,525,10502,273
50013,T,T,C,C,526,10513,273
50018,T,T,-,-,526,10513,274
50019,A,A,-,-,526,10513,275
50042,T,T,G,G,527,10524,275
50073,A,A,G,G,528,10524,275
50161,A,A,G,G,529,10545,275
50236,G,G,A,A,530,10546,275
50277,T,T,C,C,531,10546,275
50287,-,-,A,A,531,10549,275
50287,-,-,A,A,531,10550,275
50287,-,-,C,A,531,10551,275
50287,-,-,A,A,531,10552,275
50287,-,-,A,A,531,10553,275
50287,-,-,A,A,531,10554,275
50287,-,-,C,A,531,10555,275
50287,-,-,A,A,531,10556,275
50287,-,-,A,A,531,10557,275
50287,-,-,A,A,531,10558,275
50287,-,-,C,A,531,10559,275
50287,-,-,A,A,531,10560,275
50287,-,-,C,A,531,10565,275
50354,G,G,A,A,532,10574,275
50379,G,T,-,-,532,10576,276
50396,C,C,T,T,533,10614,276
50403,A,A,G,G,534,10615,276
50446,A,A,-,-,534,10648,277
50447,A,A,-,-,534,10648,278
50448,A,A,-,-,534,10648,279
50449,G,A,-,-,534,10648,280
50450,A,A,-,-,534,10648,281
50451,A,A,-,-,534,10648,282
50452,A,A,-,-,534,10648,283
50469,T,T,C,C,535,10653,283
50490,C,C,A,A,536,10656,283
50509,C,C,A,T,537,10659,283
50590,A,G,-,-,537,10719,284
50591,T,T,-,-,537,10719,285
50656,G,G,-,-,537,10758,286
50657,C,C,-,-,537,10759,287
50658,T,T,-,-,537,10759,288
50659,G,G,-,-,537,10759,289
50660,A,A,-,-,537,10759,290
50661,A,A,-,-,537,10759,291
50721,G,G,C,C,538,10762,291
51207,C,C,T,T,539,10989,291
51214,A,A,C,C,540,10989,291
51261,C,C,T,T,541,11005,291
51298,A,A,G,G,542,11022,291
51309,T,T,C,C,543,11055,291
51365,G,G,A,A,544,11072,291
51459,C,C,T,A,545,11093,291
51461,A,A,C,C,546,11093,291
51502,T,T,C,C,547,11137,291
51520,A,A,C,C,548,11171,291
51529,-,-,T,T,548,11172,291
51585,T,T,C,C,549,11172,291
51609,A,A,G,G,550,11172,291
51621,C,C,G,G,551,11193,291
51630,C,C,T,T,552,11212,291
51631,A,A,G,G,553,11212,291
51671,G,G,C,T,554,11286,291
51736,A,A,T,T,555,11289,291
51820,A,A,G,G,556,11344,291
52029,T,T,C,C,557,11366,291
52041,A,A,C,C,558,11366,291
52115,C,C,A,A,559,11367,291
52151,G,G,A,A,560,11381,291
52175,G,G,A,C,561,11381,291
52184,T,T,C,C,562,11381,291
52283,T,T,C,G,563,11404,291
52351,T,T,G,G,564,11431,291
52360,G,G,C,C,565,11431,291
52383,-,-,G,G,565,11433,291
52459,T,T,A,A,566,11488,291
52500,C,C,A,A,567,11492,291
52530,C,C,T,T,568,11493,291
52538,G,G,-,-,568,11495,292
52539,A,A,-,-,568,11495,293
52540,T,T,-,-,568,11495,294
52635,G,G,A,C,569,11504,294
52662,C,C,G,T,570,11507,294
53038,-,-,T,T,570,11525,294
53038,-,-,T,T,570,11526,294
53038,-,-,A,A,570,11527,294
53163,T,T,G,C,571,11587,294
53168,G,G,A,A,572,11587,294
53371,G,G,A,A,573,11600,294
53410,A,A,-,-,573,11602,295
53411,A,A,-,-,573,11602,296
53596,A,A,G,G,574,11614,296
53597,C,C,T,A,575,11614,296
53683,T,T,C,C,576,11621,296
53745,A,A,C,C,577,11627,296
53866,C,C,T,T,578,11746,296
53952,T,T,C,C,579,11818,296
54420,T,T,C,C,580,11904,296
54438,A,A,C,G,581,11914,296
54675,C,C,T,T,582,11987,296
54784,C,C,T,T,583,12025,296
54785,A,A,G,G,584,12025,296
54909,T,T,-,*,584,12072,297
55037,G,G,-,*,584,12099,298
55038,A,A,-,*,584,12099,299
55075,A,A,-,*,584,12101,300
55133,G,G,-,*,584,12109,301
55134,C,C,-,*,584,12109,302
55135,A,A,-,*,584,12109,303
55136,G,G,-,*,584,12109,304
55137,T,T,-,*,584,12109,305
55138,T,T,-,*,584,12109,306
55139,A,A,-,*,584,12109,307
55140,T,T,-,*,584,12109,308
55141,T,T,-,*,584,12109,309
55142,T,T,-,*,584,12109,310
55143,T,T,-,*,584,12109,311
55634,G,G,-,*,584,12220,312
55635,T,T,-,*,584,12220,313
55636,G,G,-,*,584,12220,314
55637,G,G,-,*,584,12220,315
55703,C,C,-,*,584,12232,316
55704,C,C,-,*,584,12232,317
56112,G,G,C,C,585,12259,317
56253,T,T,C,C,586,12260,317
56378,-,-,T,T,586,12265,317
56378,-,-,C,T,586,12266,317
56378,-,-,T,T,586,12267,317
56378,-,-,C,C,586,12268,317
56407,T,T,C,C,587,12331,317
56481,C,C,T,G,588,12333,317
56485,T,T,C,C,589,12333,317
56488,T,T,C,C,590,12333,317
56489,A,A,C,C,591,12333,317
56600,C,C,T,G,592,12349,317
56601,A,A,G,G,593,12349,317
57551,A,A,-,*,593,12417,318
57560,C,C,-,*,593,12417,319
57587,T,T,C,C,594,12417,319
57765,G,G,A,T,595,12438,319
57854,C,C,T,T,596,12441,319
58088,T,T,C,C,597,12463,319
58306,A,A,G,G,598,12515,319
58325,T,T,C,C,599,12524,319
58446,A,A,T,T,600,12533,319
58492,A,A,G,G,601,12533,319
58523,C,C,G,G,602,12542,319
58549,T,T,C,C,603,12543,319
58666,G,G,A,A,604,12577,319
58699,A,A,C,C,605,12577,319
58728,G,G,A,A,606,12580,319
58814,T,T,G,A,607,12587,319
58840,T,T,C,C,608,12588,319
58899,T,T,C,C,609,12591,319
58902,A,A,C,C,610,12591,319
58916,T,T,-,-,610,12591,320
58927,A,A,C,G,611,12591,320
59029,C,C,*,-,611,12594,321
59102,T,T,C,C,612,12598,321
59109,G,G,A,A,613,12598,321
59133,T,T,G,C,614,12600,321
59250,A,A,G,G,615,12625,321
59277,T,T,C,C,616,12630,321
59333,G,G,A,A,617,12632,321
59335,G,G,T,A,618,12646,321
59408,T,T,C,C,619,12660,321
59534,A,A,-,-,619,12665,322
59635,T,T,A,C,620,12670,322
59637,C,C,T,T,621,12670,322
59661,T,C,-,-,621,12686,323
59690,T,T,C,A,622,12691,323
59764,T,T,C,C,623,12704,323
59808,A,A,C,C,624,12705,323
59866,T,T,C,C,625,12711,323
59868,A,A,G,G,626,12711,323
59906,A,A,G,G,627,12712,323
60199,C,C,T,T,628,12732,323
60357,C,C,T,A,629,12736,323
60735,C,C,G,G,630,12821,323
60810,T,T,C,A,631,12827,323
60821,C,C,A,A,632,12828,323
60930,T,T,C,C,633,12839,323
60935,G,G,A,C,634,12839,323
60958,A,A,G,G,635,12848,323
61001,A,A,G,G,636,12848,323
61060,G,G,C,A,637,12869,323
61072,A,A,C,C,638,12871,323
61107,A,A,C,G,639,12896,323
61122,T,T,C,G,640,12896,323
61386,G,G,A,A,641,12985,323
61391,G,G,A,C,642,12985,323
61506,A,A,G,G,643,13002,323
61540,G,G,A,C,644,13009,323
61661,G,G,C,T,645,13058,323
61717,G,G,C,C,646,13059,323
61798,T,T,C,C,647,13087,323
61811,A,A,C,C,648,13097,323
61908,T,T,C,C,649,13258,323
61944,G,G,C,C,650,13265,323
62008,T,T,C,C,651,13268,323
62068,T,T,C,C,652,13272,323
62277,T,T,C,C,653,13278,323
62299,-,-,G,G,653,13289,323
62299,-,-,G,G,653,13290,323
62335,A,A,G,G,654,13295,323
62340,A,A,G,G,655,13295,323
62399,A,A,G,G,656,13348,323
62418,-,-,T,T,656,13353,323
62418,-,-,T,T,656,13354,323
62418,-,-,C,G,656,13355,323
62420,C,C,T,T,657,13355,323
62461,A,T,-,*,657,13369,324
62503,G,G,A,A,658,13373,324
62567,C,C,-,-,658,13378,325
62569,T,T,C,G,659,13382,325
62570,T,T,C,C,660,13382,325
62573,T,T,C,C,661,13382,325
62631,A,A,G,G,662,13390,325
62788,T,T,-,-,662,13428,326
62789,G,G,-,-,662,13428,327
62790,G,G,-,-,662,13428,328
62791,G,G,-,-,662,13428,329
62796,A,A,G,G,663,13428,329
62846,-,-,T,A,663,13441,329
62909,A,A,G,G,664,13465,329
62917,C,C,A,A,665,13468,329
62924,G,G,A,A,666,13468,329
63979,G,G,A,A,667,13671,329
63991,C,C,T,T,668,13692,329
64247,A,A,G,T,669,13747,329
64249,G,G,A,A,670,13747,329
64268,T,T,C,C,671,13747,329
64327,A,A,T,T,672,13775,329
64392,T,T,C,C,673,13791,329
64470,A,A,C,C,674,13797,329
64475,C,C,T,T,675,13797,329
64499,A,A,G,G,676,13797,329
64517,G,G,C,C,677,13802,329
64583,C,C,T,A,678,13821,329
64602,A,A,G,G,679,13822,329
64680,G,G,A,C,680,13826,329
64885,C,C,T,T,681,13909,329
64890,G,G,T,T,682,13909,329
64898,A,A,G,G,683,13909,329
64991,T,T,C,C,684,13916,329
65092,G,G,A,A,685,13926,329
65161,C,C,T,T,686,13927,329
65507,G,G,A,A,687,13985,329
65566,G,G,A,A,688,13996,329
65620,G,A,-,-,688,14001,330
65685,A,A,-,-,688,14085,331
65863,G,G,A,A,689,14112,331
66653,A,A,G,G,690,14269,331
66829,G,G,T,T,691,14323,331
67049,T,T,C,C,692,14426,331
67204,A,A,G,G,693,14428,331
67281,C,C,T,T,694,14435,331
67371,G,G,A,A,695,14445,331
67415,T,T,C,C,696,14448,331
67453,A,A,G,G,697,14510,331
67489,C,C,T,T,698,14599,331
67490,T,T,C,G,699,14599,331
67589,C,C,G,A,700,14788,331
67648,C,C,T,T,701,14821,331
67648,-,-,G,G,701,14822,331
67648,-,-,C,C,701,14823,331
67648,-,-,C,C,701,14824,331
67648,-,-,T,T,701,14825,331
67680,C,C,T,T,702,14835,331
67750,G,G,A,A,703,14868,331
67843,A,A,C,C,704,14875,331
67844,C,C,T,T,705,14875,331
67937,T,T,G,G,706,14925,331
67980,C,C,T,T,707,14950,331
67996,C,C,T,T,708,14951,331
68034,T,T,A,A,709,14951,331
68076,T,T,C,C,710,14961,331
68152,A,A,G,G,711,14968,331
68202,T,T,A,G,712,14975,331
68296,A,A,G,G,713,15017,331
68304,A,A,G,G,714,15017,331
68316,C,C,T,T,715,15018,331
68374,T,T,C,C,716,15019,331
68375,G,G,A,A,717,15019,331
68476,C,C,A,T,718,15087,331
68477,A,A,G,G,719,15087,331
68519,C,C,T,T,720,15088,331
68562,A,A,-,-,720,15102,332
68574,G,G,A,A,721,15102,332
68669,C,C,T,T,722,15111,332
68843,T,T,C,C,723,15143,332
68854,T,T,C,C,724,15147,332
68975,C,C,T,T,725,15183,332
69014,A,A,C,C,726,15194,332
69303,T,T,C,C,727,15321,332
69324,A,A,G,G,728,15324,332
69533,A,A,G,G,729,15346,332
69572,G,G,A,A,730,15349,332
69663,A,A,C,C,731,15362,332
69725,T,T,G,G,732,15370,332
69745,G,G,A,A,733,15410,332
69815,G,G,-,-,733,15418,333
69816,C,C,-,-,733,15418,334
69817,C,C,-,-,733,15418,335
69818,C,C,-,-,733,15418,336
69819,T,T,-,-,733,15424,337
69820,C,C,-,-,733,15424,338
69821,T,T,-,-,733,15424,339
69822,T,T,-,-,733,15424,340
69823,T,T,-,-,733,15424,341
69824,A,A,-,-,733,15424,342
69825,T,T,-,-,733,15424,343
69826,A,A,-,-,733,15424,344
69827,A,A,-,-,733,15424,345
69828,A,A,-,-,733,15424,346
69829,G,G,-,-,733,15424,347
69830,C,C,-,-,733,15424,348
69831,C,C,-,-,733,15424,349
69956,C,C,A,A,734,15430,349
70093,C,C,A,G,735,15487,349
70206,A,A,C,C,736,15500,349
70229,G,G,C,C,737,15507,349
70303,G,G,T,T,738,15514,349
70311,A,A,G,G,739,15514,349
70450,C,C,T,T,740,15519,349
70462,G,G,C,T,741,15521,349
70483,T,T,C,C,742,15522,349
70492,T,T,-,-,742,15522,350
70493,T,T,C,A,743,15522,350
70516,G,G,T,A,744,15530,350
70747,C,C,A,T,745,15615,350
71110,C,C,T,T,746,15621,350
71205,-,-,A,A,746,15626,350
71297,T,T,C,C,747,15694,350
71457,A,A,G,G,748,15722,350
71522,C,G,*,*,748,15734,351
71573,T,T,*,*,748,15765,352
71574,G,G,*,*,748,15765,353
71653,C,C,T,T,749,15802,353
71659,C,C,T,T,750,15808,353
71729,A,A,C,T,751,15840,353
71764,G,G,A,T,752,15853,353
71779,-,-,C,C,752,15868,353
71779,-,-,C,C,752,15869,353
71779,-,-,T,C,752,15870,353
71779,-,-,G,C,752,15871,353
71779,-,-,A,A,752,15872,353
71782,C,C,T,T,753,15885,353
71783,T,T,C,C,754,15885,353
71790,C,C,T,T,755,15885,353
71793,T,T,A,A,756,15885,353
71796,T,T,G,A,757,15925,353
71899,T,T,C,C,758,15955,353
72328,T,T,A,A,759,16000,353
72455,-,-,A,A,759,16024,353
72455,-,-,A,A,759,16025,353
72455,-,-,C,C,759,16026,353
73339,A,A,G,G,760,16187,353
73685,T,T,C,C,761,16216,353
73873,-,-,T,T,761,16294,353
73873,-,-,A,A,761,16295,353
73900,-,-,A,A,761,16305,353
73900,-,-,G,G,761,16306,353
73900,-,-,G,G,761,16309,353
74036,T,T,C,C,762,16343,353
74120,G,G,T,T,763,16386,353
74124,A,A,G,G,764,16386,353
74351,T,T,C,C,765,16410,353
74559,A,A,G,G,766,16440,353
74588,G,G,A,A,767,16447,353
76995,-,-,C,C,767,16807,353
76995,-,-,C,C,767,16808,353
76995,-,-,T,G,767,16809,353
77012,C,C,-,-,767,16817,354
77298,T,T,C,C,768,16933,354
77357,C,C,T,T,769,16942,354
77399,C,C,T,T,770,16943,354
77574,C,C,G,G,771,17006,354
77624,G,G,C,C,772,17008,354
77686,G,G,A,A,773,17042,354
77743,A,A,G,G,774,17043,354
78099,A,A,G,G,775,17182,354
78154,T,T,G,G,776,17182,354
78346,C,T,-,-,776,17194,355
78412,T,T,G,A,777,17202,355
78440,A,A,G,G,778,17210,355
78454,T,T,G,G,779,17210,355
79263,T,T,C,A,780,17347,355
79819,-,-,G,T,780,17393,355
79843,A,A,-,-,780,17393,356
79844,A,A,-,-,780,17393,357
79845,A,A,-,-,780,17393,358
79846,T,T,-,-,780,17393,359
79847,A,A,-,-,780,17393,360
79848,A,A,-,-,780,17393,361
80042,C,C,T,T,781,17412,361
80202,A,A,G,G,782,17426,361
80449,T,T,C,C,783,17433,361
80463,C,C,G,G,784,17433,361
80586,T,T,C,A,785,17483,361
80660,C,C,T,T,786,17486,361
81163,C,C,A,T,787,17573,361
81173,-,-,G,G,787,17575,361
81173,-,-,A,A,787,17576,361
81173,-,-,G,G,787,17577,361
81173,-,-,A,A,787,17578,361
81239,C,C,T,T,788,17598,361
81276,C,C,A,A,789,17601,361
81337,T,T,G,G,790,17617,361
81419,T,T,C,C,791,17650,361
81687,G,G,A,A,792,17742,361
81792,G,G,C,C,793,17753,361
81875,A,A,T,T,794,17756,361
82103,G,G,C,T,795,17806,361
82557,C,C,G,A,796,17842,361
82600,T,T,C,C,797,17851,361
82719,T,T,C,C,798,17866,361
82788,T,T,C,C,799,17869,361
82843,A,A,G,G,800,17883,361
83222,C,C,T,T,801,17935,361
84025,T,T,G,A,802,18141,361
84177,A,A,G,T,803,18205,361
84191,T,T,C,C,804,18205,361
84193,C,C,A,A,805,18205,361
84194,C,C,G,G,806,18207,361
84270,T,T,G,G,807,18229,361
84279,A,A,G,G,808,18230,361
84306,T,T,C,C,809,18232,361
84382,T,T,C,C,810,18234,361
84413,A,A,G,C,811,18236,361
84414,A,A,G,G,812,18236,361
84493,T,T,C,C,813,18303,361
84583,T,T,C,C,814,18307,361
84641,G,G,T,T,815,18311,361
84675,A,A,G,C,816,18321,361
84702,T,T,G,G,817,18329,361
84715,G,G,A,C,818,18338,361
84812,T,T,C,C,819,18357,361
84871,A,A,G,G,820,18367,361
84896,G,G,A,A,821,18396,361
84999,G,G,-,-,821,18503,362
85000,G,G,-,-,821,18503,363
85001,G,G,-,-,821,18503,364
85002,G,G,-,-,821,18503,365
85003,C,C,-,-,821,18503,366
85004,G,G,-,-,821,18503,367
85005,G,G,-,-,821,18503,368
85049,A,A,C,C,822,18525,368
85067,G,G,A,A,823,18537,368
85148,G,G,A,A,824,18544,368
85443,G,G,A,A,825,18612,368
85539,A,A,G,C,826,18638,368
85595,A,A,G,G,827,18723,368
85604,C,C,T,T,828,18723,368
85641,C,C,T,T,829,18724,368
85791,T,T,C,C,830,18735,368
85794,G,G,C,C,831,18735,368
85804,T,T,C,C,832,18735,368
85830,A,A,T,G,833,18736,368
85832,A,A,G,G,834,18736,368
85956,T,T,C,C,835,18751,368
86039,A,A,T,T,836,18757,368
86105,T,T,-,*,836,18773,369
86106,T,T,-,*,836,18773,370
86107,C,C,-,*,836,18773,371
86108,C,C,-,*,836,18773,372
86109,C,C,-,*,836,18773,373
86110,C,C,-,*,836,18773,374
86828,A,A,G,G,837,18817,374
86852,T,T,C,C,838,18822,374
86855,A,A,G,G,839,18822,374
86877,A,A,G,G,840,18824,374
88467,A,A,G,G,841,19069,374
88485,T,T,C,C,842,19069,374
88504,C,C,G,G,843,19074,374
88562,G,G,A,A,844,19078,374
88592,C,C,T,T,845,19079,374
88617,T,T,C,C,846,19079,374
88683,G,G,C,A,847,19100,374
88692,G,G,A,A,848,19100,374
88718,T,T,C,C,849,19100,374
88733,T,C,-,-,849,19102,375
88763,C,C,-,-,849,19103,376
88853,A,A,T,C,850,19112,376
89029,T,T,C,C,851,19150,376
89038,A,A,G,G,852,19151,376
89040,C,C,G,G,853,19151,376
89131,G,G,C,C,854,19170,376
89324,G,G,T,T,855,19344,376
89375,T,T,C,C,856,19344,376
89390,G,G,A,A,857,19345,376
89536,G,G,A,A,858,19390,376
89578,A,A,T,T,859,19390,376
89613,T,T,C,C,860,19390,376
89641,G,G,T,T,861,19391,376
89682,T,T,C,C,862,19392,376
89750,C,C,T,T,863,19392,376
89756,T,T,C,G,864,19392,376
89825,A,A,C,C,865,19392,376
90028,G,G,A,A,866,19434,376
90208,C,C,-,-,866,19441,377
90209,A,A,-,-,866,19441,378
90210,A,A,-,-,866,19443,379
90211,C,C,-,-,866,19443,380
90212,C,C,-,-,866,19443,381
90332,-,-,A,A,866,19456,381
90332,-,-,C,C,866,19457,381
90332,-,-,A,A,866,19458,381
90332,-,-,A,A,866,19459,381
90332,-,-,A,A,866,19460,381
90332,-,-,A,C,866,19461,381
90375,G,G,A,A,867,19483,381
90384,A,A,G,G,868,19483,381
90386,T,T,C,A,869,19483,381
90492,G,G,A,A,870,19485,381
90558,G,G,A,A,871,19485,381
90601,A,A,G,G,872,19485,381
90721,A,A,C,C,873,19493,381
90807,A,A,G,G,874,19493,381
90888,T,T,*,*,874,19495,382
90889,C,C,*,*,874,19495,383
90890,T,T,*,*,874,19495,384
90891,T,T,*,*,874,19495,385
90892,T,T,*,*,874,19495,386
90893,T,T,*,*,874,19495,387
90894,C,C,*,*,874,19495,388
90895,T,T,*,*,874,19495,389
90896,C,C,*,*,874,19495,390
90897,T,T,*,*,874,19495,391
90898,C,C,*,*,874,19495,392
90899,T,T,*,*,874,19495,393
90900,C,C,*,*,874,19495,394
90901,T,T,*,*,874,19495,395
90902,C,T,*,*,874,19495,396
90903,T,T,*,*,874,19495,397
90904,C,T,*,*,874,19495,398
90925,T,T,*,*,874,19495,399
90926,T,T,*,*,874,19495,400
90927,T,T,*,*,874,19495,401
90928,T,T,*,*,874,19495,402
90929,T,T,*,*,874,19495,403
90930,T,T,*,*,874,19495,404
90931,T,T,*,*,874,19495,405
91339,T,T,C,C,875,19501,405
91370,T,T,C,C,876,19501,405
91418,A,A,G,G,877,19504,405
91644,T,T,C,C,878,19542,405
91782,A,A,C,C,879,19577,405
91942,C,C,G,G,880,19595,405
92040,G,G,A,A,881,19595,405
92077,G,G,A,A,882,19595,405
92208,A,A,*,-,882,19615,406
92209,A,A,*,-,882,19615,407
92214,A,A,*,-,882,19623,408
92215,A,A,*,-,882,19623,409
92216,A,A,*,-,882,19623,410
92217,C,A,*,-,882,19623,411
92218,A,A,*,-,882,19623,412
92219,A,A,*,-,882,19623,413
92220,A,A,*,-,882,19623,414
92221,C,C,*,-,882,19623,415
92222,A,A,*,-,882,19623,416
92495,T,T,*,-,882,19718,417
92496,G,G,*,-,882,19718,418
92497,A,A,*,-,882,19718,419
92498,A,A,*,-,882,19718,420
92499,G,G,*,-,882,19718,421
92500,G,G,*,-,882,19718,422
92501,A,A,*,-,882,19718,423
92502,G,G,*,-,882,19718,424
92521,T,T,*,-,882,19724,425
92522,A,A,*,-,882,19724,426
92538,G,A,*,-,882,19724,427
92562,C,C,*,-,882,19738,428
92576,T,G,*,-,882,19738,429
92648,G,G,*,-,882,19757,430
92673,G,G,*,*,882,19759,431
92674,A,A,*,*,882,19759,432
92675,G,G,*,*,882,19759,433
92676,A,A,*,*,882,19759,434
92677,C,C,*,*,882,19759,435
92678,A,A,*,*,882,19759,436
92679,A,A,*,*,882,19759,437
92680,G,G,*,*,882,19759,438
92681,G,G,*,*,882,19759,439
92682,C,C,*,*,882,19759,440
92683,C,T,*,*,882,19759,441
92684,G,G,*,*,882,19759,442
92685,G,G,*,*,882,19759,443
92686,G,G,*,*,882,19759,444
92687,C,C,*,*,882,19759,445
92688,G,G,*,*,882,19759,446
92689,C,T,*,*,882,19759,447
92690,G,G,*,*,882,19759,448
92691,G,G,*,*,882,19759,449
92692,T,T,*,*,882,19786,450
92693,A,G,*,*,882,19786,451
92694,G,G,*,*,882,19786,452
92695,G,G,*,*,882,19786,453
92696,A,A,*,*,882,19786,454
92697,G,G,*,*,882,19786,455
92698,G,G,*,*,882,19786,456
92699,C,C,*,*,882,19786,457
92700,C,C,*,*,882,19786,458
92701,C,A,*,*,882,19786,459
92702,A,A,*,*,882,19786,460
92703,G,G,*,*,882,19786,461
92704,G,G,*,*,882,19786,462
92705,C,C,*,*,882,19786,463
92706,G,G,*,*,882,19786,464
92707,G,G,*,*,882,19786,465
92708,C,C,*,*,882,19786,466
92709,C,C,*,*,882,19786,467
92710,G,G,*,*,882,19786,468
92711,G,G,*,*,882,19786,469
92712,A,A,*,*,882,19786,470
92713,T,T,*,*,882,19786,471
92714,C,C,*,*,882,19788,472
92715,A,A,*,*,882,19788,473
92716,T,T,*,*,882,19788,474
92717,G,G,*,*,882,19788,475
92718,A,A,*,*,882,19788,476
92719,G,G,*,*,882,19788,477
92720,G,G,*,*,882,19788,478
92721,T,T,*,*,882,19788,479
92722,C,C,*,*,882,19788,480
92723,A,A,*,*,882,19788,481
92724,G,G,*,*,882,19788,482
92725,G,G,*,*,882,19788,483
92726,A,A,*,*,882,19788,484
92727,G,G,*,*,882,19788,485
92728,A,A,*,*,882,19788,486
92729,T,T,*,*,882,19788,487
92730,C,C,*,*,882,19788,488
92731,G,G,*,*,882,19788,489
92732,A,A,*,*,882,19788,490
92733,G,G,*,*,882,19788,491
92734,A,A,*,*,882,19788,492
92735,C,C,*,*,882,19788,493
92736,C,C,*,*,882,19788,494
92737,A,A,*,*,882,19788,495
92738,T,T,*,*,882,19788,496
92739,C,C,*,*,882,19788,497
92740,C,C,*,*,882,19788,498
92741,T,T,*,*,882,19788,499
92742,G,G,*,*,882,19788,500
92743,G,G,*,*,882,19788,501
92744,C,C,*,*,882,19788,502
92745,T,T,*,*,882,19788,503
92746,A,A,*,*,882,19788,504
92747,A,A,*,*,882,19788,505
92748,C,C,*,*,882,19788,506
92749,A,A,*,*,882,19788,507
92750,C,C,*,*,882,19788,508
92751,G,G,*,*,882,19788,509
92752,G,G,*,*,882,19788,510
92753,T,T,*,*,882,19788,511
92754,G,G,*,*,882,19788,512
92755,A,A,*,*,882,19788,513
92756,A,A,*,*,882,19788,514
92757,A,A,*,*,882,19788,515
92758,C,C,*,*,882,19788,516
92759,A,A,*,*,882,19788,517
92760,C,C,*,*,882,19789,518
92761,C,C,*,*,882,19789,519
92762,G,G,*,*,882,19789,520
92763,T,T,*,*,882,19789,521
92764,C,C,*,*,882,19789,522
92765,T,T,*,*,882,19789,523
92766,C,C,*,*,882,19789,524
92767,T,T,*,*,882,19789,525
92768,A,A,*,*,882,19789,526
92769,C,C,*,*,882,19789,527
92770,T,T,*,*,882,19789,528
92771,A,A,*,*,882,19789,529
92772,A,A,*,*,882,19789,530
92773,A,A,*,*,882,19789,531
92774,A,A,*,*,882,19789,532
92775,A,A,*,*,882,19789,533
92776,T,T,*,*,882,19789,534
92777,A,G,*,*,882,19789,535
92778,C,C,*,*,882,19789,536
92779,A,A,*,*,882,19789,537
92780,A,A,*,*,882,19789,538
92781,A,A,*,*,882,19789,539
92782,A,A,*,*,882,19789,540
92783,A,A,*,*,882,19789,541
92784,A,A,*,*,882,19789,542
92785,T,T,*,*,882,19789,543
92786,T,T,*,*,882,19789,544
92787,A,A,*,*,882,19789,545
92788,G,G,*,*,882,19789,546
92789,C,C,*,*,882,19789,547
92790,C,C,*,*,882,19789,548
92791,G,G,*,*,882,19789,549
92792,G,G,*,*,882,19789,550
92793,G,G,*,*,882,19789,551
92794,C,C,*,*,882,19789,552
92795,G,G,*,*,882,19789,553
92796,T,T,*,*,882,19789,554
92797,G,G,*,*,882,19789,555
92798,G,G,*,*,882,19789,556
92799,T,T,*,*,882,19789,557
92800,G,G,*,*,882,19789,558
92801,G,G,*,*,882,19789,559
92802,T,C,*,*,882,19789,560
92803,G,G,*,*,882,19789,561
92804,G,G,*,*,882,19789,562
92890,C,C,-,*,882,19789,563
93000,T,T,C,A,883,19869,563
93015,A,A,G,G,884,19870,563
93026,T,T,G,G,885,19870,563
93128,A,A,C,G,886,19887,563
93492,A,A,-,*,886,19901,564
93493,A,A,-,*,886,19901,565
93494,A,A,-,*,886,19901,566
93533,A,A,G,G,887,19904,566
93581,A,A,G,T,888,19904,566
93588,C,C,T,T,889,19904,566
93604,A,A,G,G,890,19905,566
93682,C,C,T,T,891,19912,566
93749,A,A,C,G,892,19944,566
93878,T,T,G,G,893,19957,566
93981,-,-,C,C,893,19987,566
93981,-,-,T,T,893,19988,566
93981,-,-,C,C,893,19989,566
94062,T,T,C,A,894,19997,566
94063,G,G,A,A,895,19998,566
