433,-,-,T,C,0,143,0
433,-,-,C,C,0,144,0
433,-,-,T,T,0,145,0
433,-,-,C,C,0,146,0
462,C,C,G,G,1,155,0
475,T,T,C,C,2,158,0
518,A,A,G,G,3,168,0
1466,A,A,G,G,4,361,0
1900,T,T,A,A,5,388,0
1901,-,-,C,C,5,389,0
1985,A,A,G,G,6,395,0
2004,T,T,C,C,7,396,0
2006,A,A,G,G,8,396,0
2046,C,C,T,T,9,399,0
2078,G,G,A,T,10,401,0
2091,C,C,T,A,11,403,0
2097,G,G,A,A,12,413,0
2947,T,T,-,*,12,557,1
3000,T,T,-,*,12,594,2
3001,T,T,-,*,12,594,3
3002,T,T,-,*,12,594,4
3240,A,A,-,*,12,710,5
3241,G,G,-,*,12,710,6
3421,C,C,T,A,13,762,6
3510,G,G,*,-,13,792,7
3511,A,A,*,-,13,792,8
3512,G,C,*,-,13,792,9
3513,G,G,*,-,13,792,10
3514,C,C,*,-,13,792,11
3515,A,A,*,-,13,792,12
3516,C,C,*,-,13,792,13
3544,-,-,T,G,13,794,13
3559,T,T,G,G,14,796,13
3635,A,A,-,-,14,821,14
3636,A,A,-,-,14,821,15
3637,T,T,-,-,14,821,16
3638,A,A,-,-,14,821,17
3639,A,A,-,-,14,821,18
3663,C,C,T,T,15,824,18
3730,G,G,C,C,16,837,18
3793,G,G,A,A,17,852,18
3978,-,-,G,C,17,865,18
3978,-,-,G,A,17,866,18
3978,-,-,G,A,17,867,18
4075,A,A,G,G,18,900,18
4201,A,A,C,C,19,908,18
4253,G,G,A,A,20,921,18
4427,C,C,A,A,21,994,18
4467,A,A,G,G,22,994,18
4498,T,T,C,C,23,994,18
4511,T,T,G,G,24,994,18
4626,C,C,T,T,25,1001,18
4676,A,A,-,-,25,1001,19
4677,T,T,-,-,25,1001,20
4678,C,C,-,-,25,1001,21
4843,-,-,A,A,25,1012,21
4843,-,-,C,C,25,1013,21
4844,C,C,T,A,26,1014,21
4851,C,C,A,A,27,1017,21
4864,A,A,C,G,28,1029,21
4868,-,-,A,A,28,1058,21
4868,-,-,C,C,28,1059,21
4868,-,-,C,A,28,1060,21
4868,-,-,A,A,28,1061,21
4868,-,-,A,A,28,1062,21
4912,A,A,-,-,28,1068,22
4970,A,A,G,G,29,1075,22
4997,A,A,G,G,30,1079,22
5121,-,-,C,T,30,1084,22
5121,-,-,A,A,30,1089,22
5124,C,C,G,G,31,1089,22
5202,A,A,C,C,32,1090,22
5900,G,G,C,C,33,1187,22
5947,G,G,A,A,34,1187,22
6201,T,T,C,C,35,1234,22
6210,G,G,T,T,36,1234,22
6211,T,T,C,C,37,1234,22
6212,C,C,T,T,38,1234,22
6322,C,C,G,T,39,1343,22
6422,C,C,G,G,40,1385,22
6631,T,T,A,C,41,1425,22
6718,G,G,A,A,42,1440,22
6732,G,G,A,A,43,1442,22
6766,A,A,T,T,44,1451,22
6946,T,T,-,-,44,1481,23
7055,C,C,G,G,45,1495,23
7089,-,-,T,T,45,1510,23
7089,-,-,G,A,45,1511,23
7152,G,G,A,A,46,1533,23
7199,T,T,C,C,47,1534,23
7324,A,A,-,*,47,1554,24
7325,C,C,-,*,47,1554,25
7326,C,C,-,-,47,1554,26
7327,C,C,-,-,47,1554,27
7328,A,A,-,-,47,1554,28
7329,G,G,-,-,47,1554,29
7330,G,G,-,-,47,1554,30
7331,A,A,-,-,47,1554,31
7347,C,C,T,G,48,1555,31
7348,A,A,G,G,49,1555,31
7372,-,-,T,T,49,1557,31
7372,-,-,T,T,49,1558,31
7372,-,-,G,G,49,1559,31
7372,-,-,A,A,49,1560,31
7653,T,T,A,G,50,1568,31
7734,C,C,A,A,51,1573,31
7982,C,C,G,G,52,1651,31
8114,-,-,A,A,52,1744,31
8114,-,-,A,A,52,1745,31
8114,-,-,C,C,52,1746,31
8122,A,A,-,-,52,1749,32
8127,T,T,A,A,53,1749,32
8130,C,C,T,G,54,1749,32
8135,C,C,A,T,55,1749,32
8548,T,T,C,C,56,1853,32
8752,-,-,A,T,56,1887,32
8859,A,A,-,*,56,1892,33
8935,A,A,-,*,56,1909,34
8936,A,A,-,*,56,1909,35
8937,C,C,-,*,56,1909,36
8956,A,A,-,*,56,1909,37
8957,C,C,-,*,56,1909,38
8964,A,A,-,*,56,1909,39
9016,C,C,-,*,56,1911,40
9088,G,G,*,*,56,1914,41
9089,C,C,*,*,56,1914,42
9090,A,A,*,*,56,1914,43
9091,A,A,*,*,56,1914,44
9092,C,C,*,*,56,1914,45
9093,A,A,*,*,56,1914,46
9094,A,A,*,*,56,1914,47
9095,G,G,*,*,56,1914,48
9096,A,A,*,*,56,1914,49
9103,A,A,*,*,56,1916,50
9104,T,T,*,*,56,1916,51
9105,C,C,*,*,56,1916,52
9106,T,T,*,*,56,1916,53
9107,C,C,*,*,56,1916,54
9108,A,A,*,*,56,1916,55
9183,A,A,*,-,56,1973,56
9184,C,C,*,-,56,1973,57
9185,T,T,*,-,56,1973,58
9186,A,A,*,-,56,1973,59
9332,C,C,A,A,57,1985,59
9342,C,C,T,A,58,1985,59
9416,-,-,A,A,58,1996,59
9416,-,-,T,T,58,1997,59
9416,-,-,C,C,58,1998,59
9416,-,-,T,C,58,1999,59
9420,T,T,G,G,59,2012,59
9548,G,G,A,A,60,2023,59
9556,T,T,C,G,61,2023,59
9557,A,A,G,G,62,2023,59
10319,T,T,G,C,63,2148,59
10341,T,T,G,G,64,2151,59
10598,C,C,A,A,65,2375,59
10872,G,G,-,-,65,2425,60
10873,G,G,-,-,65,2425,61
10874,C,C,-,-,65,2425,62
10875,C,C,-,-,65,2425,63
10876,A,A,-,-,65,2425,64
10877,A,A,-,-,65,2425,65
10878,G,G,-,-,65,2432,66
10917,T,T,A,C,66,2443,66
10962,C,C,T,T,67,2461,66
10987,T,T,G,G,68,2474,66
11135,C,C,T,T,69,2497,66
11136,G,G,C,A,70,2497,66
11190,A,A,G,G,71,2497,66
11287,G,G,A,A,72,2519,66
11319,A,A,C,C,73,2519,66
11651,A,A,G,G,74,2849,66
12012,T,T,-,-,74,2879,67
12013,T,T,-,-,74,2879,68
12014,A,A,-,-,74,2879,69
12015,C,C,-,-,74,2879,70
12025,A,A,G,T,75,2879,70
12077,T,C,-,-,75,2888,71
12078,A,A,-,-,75,2888,72
12183,T,T,G,G,76,2903,72
12229,T,T,A,A,77,2903,72
12242,T,T,C,C,78,2907,72
12259,C,C,T,T,79,2908,72
12270,-,-,T,T,79,2909,72
12270,-,-,C,C,79,2910,72
12270,-,-,T,T,79,2911,72
12270,-,-,A,A,79,2912,72
12370,T,T,A,A,80,2917,72
12373,C,C,A,A,81,2917,72
12469,T,C,-,-,81,2917,73
12562,T,T,C,C,82,2947,73
12599,C,C,-,-,82,2969,74
12600,T,T,-,-,82,2969,75
12601,T,T,-,-,82,2969,76
12602,T,T,-,-,82,2969,77
12603,T,T,-,-,82,2969,78
12604,G,G,-,-,82,2969,79
12605,G,G,-,-,82,2969,80
12606,T,T,-,-,82,2969,81
12607,T,T,-,-,82,2969,82
12608,T,T,-,-,82,2969,83
12609,T,T,-,-,82,2969,84
12610,T,T,-,-,82,2969,85
12611,C,C,-,-,82,2969,86
12612,T,T,-,-,82,2984,87
12698,A,A,-,-,82,3009,88
12699,C,C,-,-,82,3009,89
12700,C,C,-,-,82,3009,90
12701,T,T,-,-,82,3009,91
12702,C,C,-,-,82,3009,92
12703,C,C,-,-,82,3009,93
12745,T,T,C,C,83,3012,93
12746,G,G,A,A,84,3012,93
12765,T,T,C,C,85,3012,93
12841,T,T,G,G,86,3015,93
12843,A,A,C,T,87,3015,93
12872,T,T,C,C,88,3016,93
12901,G,G,A,A,89,3019,93
12917,A,A,G,G,90,3019,93
12948,G,G,-,-,90,3066,94
12968,-,-,C,C,90,3067,94
13912,A,A,-,-,90,3250,95
13936,A,A,G,G,91,3259,95
13995,A,A,G,G,92,3271,95
14097,C,C,-,-,92,3304,96
14098,T,T,-,-,92,3304,97
14099,G,G,-,-,92,3304,98
14230,C,C,-,-,92,3350,99
14231,A,A,-,-,92,3354,100
14232,G,G,-,-,92,3354,101
14233,T,T,-,-,92,3354,102
14358,T,T,C,C,93,3454,102
14394,T,T,C,C,94,3488,102
14501,G,G,T,T,95,3538,102
14563,A,A,G,G,96,3579,102
14619,G,G,A,A,97,3597,102
14817,C,C,T,T,98,3610,102
14852,G,G,T,T,99,3612,102
14895,G,G,A,A,100,3615,102
15134,C,C,T,A,101,3652,102
15281,A,A,C,C,102,3667,102
15312,A,A,G,G,103,3667,102
15319,C,C,T,T,104,3667,102
15370,G,G,T,T,105,3670,102
15594,C,C,A,G,106,3686,102
15602,A,A,G,G,107,3689,102
15621,A,A,G,G,108,3689,102
15668,A,A,C,G,109,3689,102
15710,T,T,G,C,110,3691,102
15856,A,A,C,C,111,3714,102
15868,G,G,A,A,112,3714,102
15874,G,C,-,*,112,3719,103
15875,T,T,-,*,112,3719,104
16020,A,A,-,*,112,3741,105
16021,C,C,-,*,112,3741,106
16022,A,A,-,*,112,3741,107
16123,G,G,-,*,112,3778,108
16125,C,C,-,*,112,3779,109
16126,C,C,-,*,112,3779,110
16127,T,T,-,*,112,3779,111
16168,C,C,*,*,112,3779,112
16169,T,T,*,*,112,3779,113
16170,G,G,*,*,112,3779,114
16171,C,C,*,*,112,3779,115
16172,G,G,*,*,112,3779,116
16173,C,C,*,*,112,3779,117
16174,C,C,*,*,112,3779,118
16175,C,C,*,*,112,3779,119
16176,G,G,*,*,112,3779,120
16177,G,G,*,*,112,3779,121
16178,C,C,*,*,112,3779,122
16179,C,C,*,*,112,3779,123
16180,C,C,*,*,112,3779,124
16181,A,A,*,*,112,3779,125
16182,T,T,*,*,112,3779,126
16183,T,T,*,*,112,3779,127
16184,C,C,*,*,112,3779,128
16185,T,T,*,*,112,3779,129
16186,G,G,*,*,112,3780,130
16187,C,T,*,*,112,3780,131
16243,G,G,*,-,112,3780,132
16291,C,C,*,-,112,3786,133
16576,G,G,*,-,112,3849,134
16589,G,G,*,-,112,3849,135
16590,A,A,*,-,112,3849,136
16591,G,G,*,-,112,3849,137
16592,G,G,*,-,112,3849,138
16593,G,G,*,-,112,3849,139
16594,G,G,*,-,112,3849,140
16595,G,G,*,-,112,3849,141
16596,T,T,*,-,112,3849,142
16597,C,C,*,-,112,3849,143
16607,C,C,*,-,112,3873,144
16608,C,C,*,-,112,3873,145
16609,G,G,*,-,112,3876,146
16773,C,C,*,-,112,3959,147
16774,A,A,*,-,112,3959,148
16775,C,T,*,-,112,3959,149
16776,C,C,*,-,112,3959,150
16880,T,T,*,*,112,4093,151
16881,T,T,*,*,112,4093,152
16882,T,T,*,*,112,4093,153
16883,T,T,*,*,112,4093,154
16884,T,T,*,*,112,4093,155
16885,T,T,*,*,112,4094,156
16886,T,T,*,*,112,4094,157
16887,T,T,*,*,112,4094,158
16888,T,T,*,*,112,4094,159
16889,T,T,*,*,112,4094,160
16890,T,T,*,*,112,4094,161
16891,T,T,*,*,112,4094,162
16897,C,C,*,*,112,4094,163
16898,T,T,*,*,112,4094,164
16899,T,T,*,*,112,4094,165
16900,G,G,*,*,112,4094,166
16901,A,A,*,*,112,4094,167
16902,G,A,*,*,112,4094,168
16903,A,A,*,*,112,4094,169
16904,C,C,*,*,112,4094,170
16907,A,A,*,*,112,4094,171
16908,G,G,*,*,112,4094,172
16909,T,T,*,*,112,4094,173
16910,T,T,*,*,112,4094,174
16911,T,T,*,*,112,4094,175
16912,C,C,*,*,112,4094,176
16913,G,G,*,*,112,4094,177
16914,C,C,*,*,112,4098,178
16915,T,T,*,*,112,4098,179
16916,C,G,*,*,112,4098,180
16917,T,T,*,*,112,4098,181
16918,T,T,*,*,112,4098,182
16919,T,T,*,*,112,4098,183
16920,C,C,*,*,112,4098,184
16921,A,A,*,*,112,4098,185
16922,T,C,*,*,112,4098,186
16923,T,C,*,*,112,4098,187
16924,C,C,*,*,112,4098,188
16925,A,A,*,*,112,4098,189
16926,G,G,*,*,112,4098,190
16927,G,G,*,*,112,4098,191
16928,C,C,*,*,112,4098,192
16929,T,T,*,*,112,4098,193
16930,G,G,*,*,112,4098,194
16931,G,G,*,*,112,4098,195
16932,A,A,*,*,112,4098,196
16933,G,G,*,*,112,4098,197
16934,T,T,*,*,112,4098,198
16935,G,G,*,*,112,4098,199
16936,A,A,*,*,112,4098,200
16937,A,A,*,*,112,4098,201
16938,G,G,*,*,112,4098,202
16939,T,T,*,*,112,4098,203
16940,G,G,*,*,112,4098,204
16941,G,G,*,*,112,4098,205
16942,C,C,*,*,112,4098,206
16943,G,G,*,*,112,4098,207
16944,C,C,*,*,112,4098,208
16945,G,G,*,*,112,4098,209
16946,G,G,*,*,112,4098,210
16947,T,T,*,*,112,4098,211
16948,C,G,*,*,112,4098,212
16949,T,T,*,*,112,4098,213
16950,C,C,*,*,112,4098,214
16951,G,G,*,*,112,4098,215
16952,G,G,*,*,112,4098,216
16953,C,C,*,*,112,4098,217
16954,T,T,*,*,112,4098,218
16955,C,C,*,*,112,4098,219
16956,A,A,*,*,112,4098,220
16957,C,C,*,*,112,4098,221
16958,T,T,*,*,112,4098,222
16959,G,G,*,*,112,4098,223
16960,C,C,*,*,112,4101,224
16961,A,A,*,*,112,4101,225
16962,A,A,*,*,112,4101,226
16963,C,C,*,*,112,4101,227
16964,C,C,*,*,112,4101,228
16965,T,T,*,*,112,4101,229
16966,C,C,*,*,112,4101,230
16967,C,C,*,*,112,4101,231
16968,G,G,*,*,112,4101,232
16969,C,C,*,*,112,4101,233
16970,C,C,*,*,112,4101,234
16971,C,C,*,*,112,4101,235
16972,T,C,*,*,112,4101,236
16973,C,C,*,*,112,4101,237
16974,T,C,*,*,112,4101,238
16977,G,G,*,*,112,4101,239
16978,T,T,*,*,112,4101,240
16979,T,T,*,*,112,4101,241
16980,C,C,*,*,112,4101,242
16981,A,A,*,*,112,4101,243
16982,A,A,*,*,112,4101,244
16983,A,A,*,*,112,4101,245
16984,C,C,*,*,112,4101,246
16989,G,G,*,*,112,4101,247
16990,A,A,*,*,112,4101,248
16991,T,T,*,*,112,4101,249
16992,T,T,*,*,112,4101,250
16993,C,C,*,*,112,4101,251
16994,T,T,*,*,112,4101,252
16995,C,C,*,*,112,4101,253
16996,C,C,*,*,112,4101,254
16997,T,T,*,*,112,4101,255
16998,G,G,*,*,112,4101,256
16999,C,C,*,*,112,4101,257
17000,C,C,*,*,112,4101,258
17001,T,T,*,*,112,4101,259
17002,C,C,*,*,112,4101,260
17003,A,A,*,*,112,4101,261
17004,G,G,*,*,112,4101,262
17005,C,C,*,*,112,4101,263
17006,C,C,*,*,112,4101,264
17007,T,T,*,*,112,4101,265
17008,C,C,*,*,112,4101,266
17009,C,C,*,*,112,4101,267
17010,C,C,*,*,112,4101,268
17011,G,C,*,*,112,4101,269
17012,A,A,*,*,112,4101,270
17013,G,G,*,*,112,4101,271
17014,T,T,*,*,112,4101,272
17015,A,A,*,*,112,4101,273
17016,G,G,*,*,112,4102,274
17017,C,C,*,*,112,4102,275
17018,T,T,*,*,112,4102,276
17019,G,G,*,*,112,4102,277
17020,G,G,*,*,112,4102,278
17021,G,G,*,*,112,4102,279
17022,A,A,*,*,112,4102,280
17023,T,T,*,*,112,4102,281
17024,T,T,*,*,112,4102,282
17025,A,A,*,*,112,4102,283
17026,C,C,*,*,112,4102,284
17027,A,A,*,*,112,4102,285
17028,G,G,*,*,112,4102,286
17029,G,G,*,*,112,4102,287
17030,C,C,*,*,112,4102,288
17031,G,G,*,*,112,4102,289
17032,C,C,*,*,112,4102,290
17033,C,C,*,*,112,4102,291
17034,T,T,*,*,112,4102,292
17035,G,G,*,*,112,4102,293
17036,C,C,*,*,112,4102,294
17037,C,C,*,*,112,4102,295
17038,A,A,*,*,112,4102,296
17040,C,C,*,*,112,4102,297
17041,A,A,*,*,112,4102,298
17042,C,C,*,*,112,4102,299
17043,G,A,*,*,112,4102,300
17044,C,C,*,*,112,4103,301
17045,T,T,*,*,112,4103,302
17046,C,C,*,*,112,4103,303
17047,G,G,*,*,112,4103,304
17048,G,G,*,*,112,4103,305
17049,C,C,*,*,112,4103,306
17050,T,T,*,*,112,4103,307
17051,A,A,*,*,112,4103,308
17052,A,A,*,*,112,4103,309
17053,T,T,*,*,112,4103,310
17054,T,T,*,*,112,4103,311
17055,T,T,*,*,112,4103,312
17056,T,T,*,*,112,4103,313
17057,T,T,*,*,112,4103,314
17058,G,G,*,*,112,4103,315
17059,T,T,*,*,112,4103,316
17060,A,A,*,*,112,4103,317
17061,T,T,*,*,112,4103,318
17062,T,T,*,*,112,4103,319
17063,T,T,*,*,112,4103,320
17064,T,T,*,*,112,4103,321
17065,T,T,*,*,112,4104,322
17066,A,A,*,*,112,4104,323
17067,G,G,*,*,112,4104,324
17068,T,T,*,*,112,4104,325
17069,A,A,*,*,112,4104,326
17070,G,G,*,*,112,4104,327
17071,A,A,*,*,112,4104,328
17072,G,G,*,*,112,4104,329
17073,A,A,*,*,112,4104,330
17074,T,T,*,*,112,4104,331
17075,G,G,*,*,112,4105,332
17076,G,G,*,*,112,4105,333
17077,G,G,*,*,112,4105,334
17078,G,G,*,*,112,4105,335
17079,T,T,*,*,112,4105,336
17080,T,T,*,*,112,4105,337
17081,T,T,*,*,112,4106,338
17082,C,C,*,*,112,4106,339
17083,A,A,*,*,112,4106,340
17084,C,C,*,*,112,4106,341
17085,C,C,*,*,112,4106,342
17086,A,A,*,*,112,4106,343
17087,T,T,*,*,112,4106,344
17088,G,G,*,*,112,4106,345
17089,T,T,*,*,112,4106,346
17090,T,T,*,*,112,4106,347
17091,G,G,*,*,112,4106,348
17092,T,T,*,*,112,4106,349
17093,C,C,*,*,112,4106,350
17094,C,C,*,*,112,4106,351
17095,A,A,*,*,112,4106,352
17096,G,G,*,*,112,4106,353
17097,G,G,*,*,112,4106,354
17098,C,C,*,*,112,4106,355
17099,T,T,*,*,112,4106,356
17100,G,G,*,*,112,4106,357
17101,G,G,*,*,112,4106,358
17102,T,T,*,*,112,4106,359
17103,C,C,*,*,112,4106,360
17283,G,G,*,*,112,4158,361
17284,G,G,*,*,112,4158,362
17285,A,A,*,*,112,4158,363
17286,G,G,*,*,112,4158,364
17287,T,T,*,*,112,4158,365
17288,T,T,*,*,112,4158,366
17289,C,C,*,*,112,4158,367
17290,C,C,*,*,112,4158,368
17291,A,A,*,*,112,4158,369
17292,G,G,*,*,112,4158,370
17293,C,C,*,*,112,4158,371
17294,C,C,*,*,112,4158,372
17295,C,C,*,*,112,4158,373
17296,A,A,*,*,112,4158,374
17297,G,G,*,*,112,4158,375
17298,C,C,*,*,112,4158,376
17299,C,C,*,*,112,4158,377
17300,T,T,*,*,112,4158,378
17301,G,G,*,*,112,4158,379
17302,G,G,*,*,112,4158,380
17303,T,C,*,*,112,4163,381
17304,C,C,*,*,112,4163,382
17305,A,A,*,*,112,4163,383
17306,A,A,*,*,112,4163,384
17307,A,A,*,*,112,4163,385
17308,A,A,*,*,112,4169,386
17309,T,T,*,*,112,4169,387
17310,G,G,*,*,112,4169,388
17311,G,G,*,*,112,4169,389
17312,T,C,*,*,112,4169,390
17313,G,G,*,*,112,4169,391
17314,A,A,*,*,112,4169,392
17315,A,A,*,*,112,4169,393
17316,A,A,*,*,112,4169,394
17317,C,C,*,*,112,4170,395
17318,C,C,*,*,112,4170,396
17319,C,C,*,*,112,4170,397
17320,C,C,*,*,112,4170,398
17321,T,T,*,*,112,4170,399
17322,T,T,*,*,112,4170,400
17323,C,C,*,*,112,4170,401
17324,T,T,*,*,112,4171,402
17325,C,C,*,*,112,4171,403
17326,T,T,*,*,112,4171,404
17327,A,A,*,*,112,4171,405
17328,C,C,*,*,112,4171,406
17329,T,T,*,*,112,4171,407
17330,A,A,*,*,112,4172,408
17331,A,A,*,*,112,4172,409
17332,A,A,*,*,112,4172,410
17333,A,A,*,*,112,4172,411
17334,A,A,*,*,112,4172,412
17335,T,T,*,*,112,4172,413
17336,A,A,*,*,112,4172,414
17337,C,C,*,*,112,4172,415
17338,A,A,*,*,112,4172,416
17339,A,A,*,*,112,4172,417
17340,A,A,*,*,112,4172,418
17341,A,A,*,*,112,4172,419
17342,A,A,*,*,112,4172,420
17343,T,T,*,*,112,4172,421
17344,T,T,*,*,112,4172,422
17345,A,A,*,*,112,4172,423
17346,G,G,*,*,112,4172,424
17347,C,C,*,*,112,4173,425
17348,T,T,*,*,112,4173,426
17349,G,G,*,*,112,4173,427
17350,G,G,*,*,112,4173,428
17351,G,G,*,*,112,4173,429
17352,C,C,*,*,112,4173,430
17353,G,G,*,*,112,4173,431
17354,T,T,*,*,112,4174,432
17355,G,G,*,*,112,4174,433
17356,G,G,*,*,112,4174,434
17357,T,T,*,*,112,4174,435
17358,G,G,*,*,112,4174,436
17359,G,G,*,*,112,4174,437
17360,C,C,*,*,112,4174,438
17361,G,G,*,*,112,4174,439
17362,C,C,*,*,112,4174,440
17363,A,A,*,*,112,4174,441
17364,C,C,*,*,112,4174,442
17366,C,C,*,*,112,4174,443
17367,C,C,*,*,112,4174,444
17368,T,T,*,*,112,4174,445
17369,G,G,*,*,112,4174,446
17370,T,T,*,*,112,4174,447
17371,A,A,*,*,112,4174,448
17372,A,A,*,*,112,4174,449
17373,T,T,*,*,112,4174,450
17374,C,C,*,*,112,4174,451
17375,C,C,*,*,112,4174,452
17376,C,C,*,*,112,4174,453
17377,A,A,*,*,112,4174,454
17378,G,G,*,*,112,4174,455
17379,C,C,*,*,112,4174,456
17380,T,T,*,*,112,4174,457
17381,C,C,*,*,112,4174,458
17382,C,C,*,*,112,4174,459
17383,T,T,*,*,112,4174,460
17384,C,T,*,*,112,4174,461
17385,G,G,*,*,112,4174,462
17386,G,G,*,*,112,4174,463
17387,G,G,*,*,112,4176,464
17388,A,A,*,*,112,4176,465
17389,G,G,*,*,112,4176,466
17390,G,G,*,*,112,4176,467
17391,C,C,*,*,112,4176,468
17392,T,T,*,*,112,4176,469
17393,G,G,*,*,112,4176,470
17394,C,A,*,*,112,4176,471
17395,G,G,*,*,112,4176,472
17396,G,G,*,*,112,4176,473
17397,G,C,*,*,112,4176,474
17398,A,A,*,*,112,4176,475
17399,G,G,*,*,112,4176,476
17400,G,G,*,*,112,4176,477
17401,A,A,*,*,112,4176,478
17402,G,G,*,*,112,4176,479
17403,A,A,*,*,112,4176,480
17404,A,A,*,*,112,4176,481
17405,T,T,*,*,112,4176,482
17406,C,C,*,*,112,4176,483
17407,G,G,*,*,112,4176,484
17408,C,C,*,*,112,4176,485
17409,T,T,*,*,112,4176,486
17410,T,T,*,*,112,4176,487
17411,G,G,*,*,112,4176,488
17412,A,A,*,*,112,4176,489
17413,A,A,*,*,112,4176,490
17414,C,C,*,*,112,4176,491
17415,C,C,*,*,112,4176,492
17416,C,C,*,*,112,4176,493
17418,G,G,*,*,112,4176,494
17419,G,G,*,*,112,4176,495
17420,A,A,*,*,112,4176,496
17421,G,G,*,*,112,4176,497
17422,G,G,*,*,112,4176,498
17423,C,C,*,*,112,4177,499
17424,A,G,*,*,112,4177,500
17425,G,G,*,*,112,4177,501
17426,A,A,*,*,112,4177,502
17427,G,G,*,*,112,4177,503
17428,G,G,*,*,112,4177,504
17429,T,T,*,*,112,4177,505
17430,T,T,*,*,112,4177,506
17431,G,G,*,*,112,4177,507
17432,C,C,*,*,112,4177,508
17433,A,A,*,*,112,4177,509
17434,T,T,*,*,112,4177,510
17435,T,T,*,*,112,4177,511
17436,T,T,*,*,112,4178,512
17437,A,A,*,*,112,4178,513
17438,G,G,*,*,112,4178,514
17439,C,C,*,*,112,4178,515
17440,C,C,*,*,112,4178,516
17441,A,A,*,*,112,4179,517
17442,A,A,*,*,112,4179,518
17443,G,G,*,*,112,4179,519
17444,A,A,*,*,112,4179,520
17445,T,T,*,*,112,4179,521
17446,C,C,*,*,112,4179,522
17447,G,G,*,*,112,4179,523
17448,C,T,*,*,112,4179,524
17449,G,G,*,*,112,4179,525
17450,C,C,*,*,112,4179,526
17451,C,C,*,*,112,4179,527
17452,A,A,*,*,112,4179,528
17453,C,C,*,*,112,4179,529
17454,T,T,*,*,112,4179,530
17455,A,G,*,*,112,4179,531
17456,C,C,*,*,112,4179,532
17457,A,A,*,*,112,4179,533
17458,C,C,*,*,112,4179,534
17459,T,T,*,*,112,4179,535
17460,C,C,*,*,112,4179,536
17461,C,C,*,*,112,4179,537
17462,A,A,*,*,112,4179,538
17463,G,G,*,*,112,4179,539
17464,C,C,*,*,112,4179,540
17465,C,C,*,*,112,4179,541
17466,T,T,*,*,112,4179,542
17467,G,G,*,*,112,4179,543
17468,G,G,*,*,112,4179,544
17469,G,G,*,*,112,4179,545
17470,C,C,*,*,112,4179,546
17471,A,A,*,*,112,4179,547
17472,A,A,*,*,112,4179,548
17473,G,G,*,*,112,4179,549
17474,A,A,*,*,112,4179,550
17475,A,A,*,*,112,4179,551
17476,G,G,*,*,112,4179,552
17477,A,A,*,*,112,4179,553
17478,G,G,*,*,112,4179,554
17479,C,C,*,*,112,4179,555
17480,A,A,*,*,112,4179,556
17481,A,A,*,*,112,4179,557
17482,A,A,*,*,112,4180,558
17483,A,A,*,*,112,4180,559
17484,C,C,*,*,112,4180,560
17485,T,T,*,*,112,4180,561
17486,C,C,*,*,112,4180,562
17487,C,C,*,*,112,4180,563
17488,A,G,*,*,112,4180,564
17489,T,T,*,*,112,4180,565
17490,A,A,*,*,112,4180,566
17491,T,T,*,*,112,4180,567
17492,C,C,*,*,112,4180,568
17495,A,A,*,*,112,4191,569
17496,A,A,*,*,112,4191,570
17497,A,A,*,*,112,4191,571
17498,A,A,*,*,112,4191,572
17499,A,A,*,*,112,4191,573
17500,A,A,*,*,112,4191,574
17501,A,A,*,*,112,4191,575
17502,A,A,*,*,112,4191,576
17503,A,A,*,*,112,4191,577
17504,A,A,*,*,112,4191,578
17505,A,A,*,*,112,4191,579
17506,A,A,*,*,112,4191,580
17507,A,A,*,*,112,4191,581
17508,A,A,*,*,112,4191,582
17509,A,A,*,*,112,4191,583
17510,G,G,*,*,112,4191,584
17511,G,G,*,*,112,4191,585
17512,A,C,*,*,112,4191,586
17513,G,G,*,*,112,4191,587
17514,G,G,*,*,112,4191,588
17515,C,C,*,*,112,4191,589
17516,C,C,*,*,112,4191,590
17517,G,G,*,*,112,4191,591
17518,G,G,*,*,112,4191,592
17519,G,G,*,*,112,4191,593
17520,T,T,*,*,112,4191,594
17521,G,G,*,*,112,4191,595
17522,C,C,*,*,112,4191,596
17523,A,A,*,*,112,4191,597
17524,G,G,*,*,112,4191,598
17525,C,C,*,*,112,4191,599
17526,G,G,*,*,112,4191,600
17527,G,G,*,*,112,4191,601
17528,C,C,*,*,112,4191,602
17529,T,T,*,*,112,4192,603
17530,C,C,*,*,112,4192,604
17531,A,A,*,*,112,4192,605
17532,C,A,*,*,112,4192,606
17533,G,G,*,*,112,4192,607
17534,T,T,*,*,112,4192,608
17535,C,C,*,*,112,4192,609
17536,T,T,*,*,112,4192,610
17537,G,G,*,*,112,4192,611
17538,T,T,*,*,112,4192,612
17539,A,A,*,*,112,4192,613
17540,A,A,*,*,112,4192,614
17541,T,T,*,*,112,4192,615
17543,C,C,*,*,112,4192,616
17544,C,C,*,*,112,4192,617
17545,G,A,*,*,112,4192,618
17546,G,G,*,*,112,4192,619
17547,C,C,*,*,112,4192,620
17548,A,A,*,*,112,4192,621
17549,C,C,*,*,112,4192,622
17550,T,T,*,*,112,4192,623
17551,G,G,*,*,112,4192,624
17552,T,T,*,*,112,4192,625
17553,G,G,*,*,112,4192,626
17554,G,A,*,*,112,4192,627
17555,A,G,*,*,112,4192,628
17556,A,A,*,*,112,4192,629
17557,T,G,*,*,112,4192,630
17558,G,G,*,*,112,4192,631
17559,C,C,*,*,112,4192,632
17560,C,C,*,*,112,4192,633
17561,G,G,*,*,112,4192,634
17562,A,A,*,*,112,4192,635
17563,G,G,*,*,112,4192,636
17564,G,G,*,*,112,4192,637
17565,C,T,*,*,112,4192,638
17566,G,G,*,*,112,4192,639
17567,G,G,*,*,112,4192,640
17568,G,G,*,*,112,4192,641
17569,C,C,*,*,112,4192,642
17570,G,G,*,*,112,4192,643
17571,G,G,*,*,112,4192,644
17572,A,A,*,*,112,4192,645
17573,T,T,*,*,112,4192,646
17574,C,C,*,*,112,4192,647
17575,A,A,*,*,112,4192,648
17576,C,C,*,*,112,4192,649
17577,G,G,*,*,112,4194,650
17578,A,A,*,*,112,4194,651
17579,G,G,*,*,112,4194,652
17580,G,G,*,*,112,4194,653
17581,T,T,*,*,112,4194,654
17582,C,C,*,*,112,4194,655
17583,A,A,*,*,112,4194,656
17584,G,G,*,*,112,4194,657
17585,G,G,*,*,112,4194,658
17586,A,A,*,*,112,4194,659
17587,G,G,*,*,112,4194,660
17589,T,G,*,*,112,4194,661
17590,T,T,*,*,112,4194,662
17591,G,G,*,*,112,4194,663
17592,A,A,*,*,112,4194,664
17593,G,G,*,*,112,4194,665
17594,A,A,*,*,112,4194,666
17595,C,C,*,*,112,4225,667
17596,C,C,*,*,112,4225,668
17597,A,A,*,*,112,4225,669
17598,G,G,*,*,112,4225,670
17599,C,C,*,*,112,4225,671
17600,C,C,*,*,112,4225,672
17601,T,T,*,*,112,4225,673
17602,G,G,*,*,112,4225,674
17603,G,G,*,*,112,4225,675
17604,G,G,*,*,112,4225,676
17605,T,T,*,*,112,4225,677
17606,A,A,*,*,112,4225,678
17607,A,A,*,*,112,4225,679
17608,C,C,*,*,112,4225,680
17609,A,A,*,*,112,4225,681
17610,C,C,*,*,112,4225,682
17611,G,A,*,*,112,4225,683
17612,A,G,*,*,112,4225,684
17613,T,T,*,*,112,4226,685
17614,G,G,*,*,112,4226,686
17615,A,A,*,*,112,4226,687
17616,A,A,*,*,112,4226,688
17617,A,A,*,*,112,4226,689
17618,C,C,*,*,112,4226,690
17619,C,C,*,*,112,4226,691
17620,C,C,*,*,112,4226,692
17621,C,C,*,*,112,4226,693
17622,G,G,*,*,112,4226,694
17623,C,C,*,*,112,4226,695
17624,C,C,*,*,112,4226,696
17625,T,T,*,*,112,4226,697
17626,C,C,*,*,112,4226,698
17627,T,T,*,*,112,4226,699
17628,A,A,*,*,112,4230,700
17629,C,C,*,*,112,4230,701
17634,A,A,*,*,112,4230,702
17635,A,A,*,*,112,4230,703
17636,A,A,*,*,112,4230,704
17637,A,T,*,*,112,4230,705
17638,A,A,*,*,112,4230,706
17639,A,C,*,*,112,4230,707
17640,A,A,*,*,112,4230,708
17641,A,A,*,*,112,4230,709
17642,A,A,*,*,112,4230,710
17643,A,A,*,*,112,4230,711
17644,A,A,*,*,112,4230,712
17645,T,T,*,*,112,4230,713
17646,T,T,*,*,112,4230,714
17647,A,A,*,*,112,4230,715
17648,G,G,*,*,112,4230,716
17649,C,C,*,*,112,4230,717
17650,C,C,*,*,112,4230,718
17651,T,G,*,*,112,4230,719
17652,G,A,*,*,112,4230,720
17653,G,G,*,*,112,4230,721
17654,T,T,*,*,112,4230,722
17655,G,G,*,*,112,4230,723
17656,T,T,*,*,112,4230,724
17657,G,G,*,*,112,4230,725
17658,G,G,*,*,112,4230,726
17659,T,T,*,*,112,4230,727
17660,G,G,*,*,112,4230,728
17661,G,G,*,*,112,4230,729
17662,T,C,*,*,112,4230,730
17663,G,G,*,*,112,4230,731
17664,C,C,*,*,112,4230,732
17665,G,G,*,*,112,4230,733
17666,C,T,*,*,112,4230,734
17667,G,G,*,*,112,4230,735
17668,C,C,*,*,112,4230,736
17669,C,C,*,*,112,4230,737
17670,T,T,*,*,112,4230,738
17671,G,G,*,*,112,4230,739
17672,T,T,*,*,112,4230,740
17673,A,A,*,*,112,4230,741
17674,G,G,*,*,112,4230,742
17675,T,T,*,*,112,4230,743
17676,C,C,*,*,112,4230,744
17677,C,C,*,*,112,4230,745
17678,C,C,*,*,112,4230,746
17679,A,A,*,*,112,4230,747
17680,C,C,*,*,112,4230,748
17681,C,C,*,*,112,4230,749
17682,T,T,*,*,112,4230,750
17683,A,A,*,*,112,4230,751
17684,C,C,*,*,112,4230,752
17685,T,T,*,*,112,4230,753
17686,C,C,*,*,112,4230,754
17687,G,G,*,*,112,4230,755
17688,G,G,*,*,112,4230,756
17689,G,G,*,*,112,4230,757
17690,A,A,*,*,112,4230,758
17691,G,G,*,*,112,4230,759
17692,G,G,*,*,112,4230,760
17693,C,C,*,*,112,4230,761
17819,A,A,-,*,112,4234,762
17820,A,A,-,*,112,4234,763
17841,A,A,G,T,113,4236,763
18004,A,A,G,G,114,4237,763
18054,A,A,G,G,115,4237,763
18071,T,T,A,A,116,4237,763
18078,C,C,T,T,117,4237,763
18190,T,T,C,C,118,4251,763
18953,G,G,A,A,119,4576,763
18977,G,G,T,A,120,4576,763
19102,T,T,C,C,121,4576,763
19244,T,T,-,-,121,4634,764
19245,G,T,-,-,121,4634,765
19251,A,A,T,T,122,4635,765
19253,-,-,T,C,122,4638,765
19253,-,-,A,A,122,4639,765
19283,C,C,-,-,122,4641,766
19302,-,-,C,T,122,4642,766
19381,A,A,G,G,123,4642,766
19724,T,T,C,G,124,4656,766
19861,C,C,T,T,125,4658,766
19978,A,A,G,G,126,4671,766
20035,A,A,G,G,127,4673,766
20215,T,T,C,C,128,4692,766
20216,G,G,A,A,129,4692,766
20227,T,T,C,C,130,4692,766
20228,G,G,A,A,131,4692,766
20269,G,G,C,C,132,4692,766
20284,G,G,A,A,133,4692,766
20307,G,G,A,A,134,4692,766
20564,G,G,A,A,135,4703,766
