115,T,T,C,C,1,11,0
173,A,A,G,G,2,13,0
299,T,T,C,C,3,47,0
514,A,A,G,G,4,73,0
538,T,T,C,C,5,82,0
905,A,A,C,T,6,104,0
909,C,C,T,A,7,125,0
949,T,T,C,C,8,150,0
984,G,G,A,A,9,150,0
1212,T,T,-,-,9,193,1
1216,C,C,T,T,10,196,1
1217,C,C,T,T,11,196,1
1222,T,T,C,C,12,196,1
1227,-,-,T,T,12,200,1
1227,-,-,T,T,12,202,1
1227,-,-,A,A,12,203,1
1248,T,T,A,A,13,204,1
1252,T,T,C,C,14,204,1
1258,C,C,T,T,15,204,1
1316,A,A,G,G,16,207,1
1320,C,C,T,G,17,207,1
1716,A,A,G,G,18,276,1
2126,A,A,G,G,19,367,1
2153,-,-,C,G,19,368,1
2195,G,G,A,A,20,373,1
2761,C,C,T,T,21,435,1
3602,C,C,G,G,22,495,1
3645,G,G,A,A,23,499,1
3754,A,A,G,G,24,499,1
3909,T,T,C,C,25,526,1
3983,T,T,A,G,26,535,1
3998,C,C,T,A,27,537,1
4195,T,T,C,C,28,572,1
4240,A,A,G,G,29,573,1
4298,A,A,G,G,30,574,1
4323,A,A,G,T,31,584,1
4344,G,G,C,C,32,594,1
4411,T,T,-,-,32,595,2
4412,T,T,-,-,32,595,3
4440,T,T,-,-,32,600,4
4515,T,T,C,C,33,600,4
4516,G,G,A,A,34,600,4
4599,G,G,C,A,35,618,4
4741,C,C,-,-,35,621,5
4800,A,A,C,C,36,626,5
4805,T,T,A,A,37,626,5
4867,A,A,-,-,37,762,6
5508,C,C,T,T,38,861,6
5517,A,A,G,G,39,861,6
5658,T,T,C,A,40,887,6
5710,G,G,C,T,41,890,6
5855,A,A,G,G,42,908,6
6059,A,A,G,G,43,919,6
6177,T,T,C,C,44,939,6
6322,T,T,G,G,45,976,6
6345,C,C,G,T,46,976,6
6483,A,A,-,-,46,987,7
6634,-,*,T,T,46,1076,7
7058,A,A,G,G,47,1150,7
7098,G,G,A,A,48,1150,7
7234,G,G,C,C,49,1165,7
7268,C,C,T,T,50,1165,7
7332,T,T,G,G,51,1167,7
7839,A,A,-,-,51,1190,8
7876,-,-,G,G,51,1191,8
7876,-,-,T,T,51,1192,8
7876,-,-,A,A,51,1193,8
7876,-,-,G,G,51,1194,8
7876,-,-,T,T,51,1195,8
7876,-,-,C,C,51,1196,8
7876,-,-,C,C,51,1197,8
7876,-,-,C,C,51,1198,8
7876,-,-,A,A,51,1199,8
7888,A,A,G,G,52,1199,8
7972,T,T,A,A,53,1199,8
8096,T,T,C,C,54,1217,8
8149,A,A,G,G,55,1223,8
8233,G,G,A,A,56,1262,8
8354,C,C,G,T,57,1282,8
8372,G,G,A,C,58,1296,8
8384,T,T,C,C,59,1296,8
8476,T,T,C,A,60,1298,8
8499,T,T,C,C,61,1298,8
8519,C,C,G,G,62,1298,8
8705,T,T,C,C,63,1304,8
8786,A,A,G,G,64,1317,8
9156,T,T,G,G,65,1349,8
9188,C,C,T,T,66,1349,8
9259,A,A,G,G,67,1361,8
9290,G,G,A,A,68,1362,8
9318,T,T,C,C,69,1387,8
9783,A,A,T,T,70,1450,8
9833,T,T,C,C,71,1456,8
10207,T,T,C,C,72,1471,8
10341,A,A,G,G,73,1471,8
10438,T,T,C,C,74,1471,8
10747,A,A,G,C,75,1471,8
10830,C,C,T,T,76,1480,8
10924,G,G,C,A,77,1495,8
11320,T,T,-,-,77,1546,9
11363,C,C,T,T,78,1549,9
11411,A,A,G,G,79,1556,9
11424,G,G,A,A,80,1559,9
11517,G,G,A,C,81,1607,9
11603,T,T,A,A,82,1608,9
11707,T,T,C,C,83,1629,9
11779,T,T,C,C,84,1637,9
11842,A,A,G,G,85,1639,9
11843,A,A,T,C,86,1639,9
11885,T,T,G,A,87,1646,9
11886,G,G,T,C,88,1646,9
11908,G,G,C,C,89,1666,9
12003,A,A,G,G,90,1679,9
12052,T,T,C,C,91,1696,9
12125,A,A,G,G,92,1697,9
12134,C,C,A,A,93,1697,9
12149,A,A,C,C,94,1699,9
12185,A,A,C,C,95,1706,9
12286,T,T,C,C,96,1716,9
12326,G,T,-,*,96,1725,10
12343,T,T,C,C,97,1750,10
12386,A,A,G,G,98,1752,10
12391,A,A,G,G,99,1752,10
12468,C,C,A,T,100,1757,10
12535,A,A,C,C,101,1768,10
12787,C,C,-,*,101,1775,11
12788,A,A,-,*,101,1775,12
14358,T,T,-,-,101,1858,13
14439,A,A,G,G,102,1858,13
14472,T,T,C,C,103,1858,13
14606,G,G,C,A,104,1875,13
14875,C,C,A,G,105,1987,13
14876,A,A,G,G,106,1987,13
15019,T,T,-,-,106,2009,14
15029,T,T,*,*,106,2010,15
15036,A,A,*,-,106,2010,16
15089,T,T,*,*,106,2010,17
15096,C,C,*,*,106,2010,18
15097,T,T,*,*,106,2010,19
15098,T,T,*,*,106,2010,20
15099,T,T,*,*,106,2010,21
15100,T,T,*,*,106,2010,22
15101,C,C,*,*,106,2010,23
15102,T,T,*,*,106,2010,24
15103,C,C,*,*,106,2010,25
15104,T,T,*,*,106,2010,26
15105,C,C,*,*,106,2010,27
15106,T,T,*,*,106,2010,28
15107,C,C,*,*,106,2010,29
15108,T,T,*,*,106,2010,30
15109,C,T,*,*,106,2010,31
15110,T,C,*,*,106,2010,32
15161,C,C,*,*,106,2010,33
15162,T,T,*,*,106,2010,34
15163,C,T,*,*,106,2010,35
15164,C,T,*,*,106,2010,36
15165,T,T,*,*,106,2010,37
15166,T,C,*,*,106,2010,38
15167,T,T,*,*,106,2010,39
15168,C,C,*,*,106,2010,40
15169,T,T,*,*,106,2010,41
15170,T,G,*,*,106,2010,42
15171,C,T,*,*,106,2010,43
15172,T,C,*,*,106,2010,44
15173,T,T,*,*,106,2010,45
15174,T,C,*,*,106,2010,46
15175,T,T,*,*,106,2010,47
15176,C,C,*,-,106,2010,48
15181,C,T,*,-,106,2012,49
15182,T,T,*,-,106,2012,50
15183,C,T,*,-,106,2012,51
16434,T,T,*,-,106,2140,52
16535,G,A,*,-,106,2141,53
16638,T,T,*,-,106,2144,54
16639,G,G,*,-,106,2144,55
16643,T,T,*,-,106,2144,56
16644,C,C,*,-,106,2144,57
16645,C,C,*,-,106,2144,58
16646,T,T,*,-,106,2144,59
16647,G,G,*,-,106,2144,60
16648,G,G,*,-,106,2144,61
16649,C,C,*,-,106,2144,62
16650,C,C,*,-,106,2144,63
16651,T,T,*,-,106,2144,64
16652,C,C,*,-,106,2144,65
16653,A,A,*,-,106,2144,66
16654,G,G,*,-,106,2144,67
16655,G,G,*,-,106,2144,68
16656,T,T,*,-,106,2144,69
16657,G,G,*,-,106,2144,70
16658,A,A,*,-,106,2144,71
16659,T,T,*,-,106,2144,72
16660,T,T,*,-,106,2144,73
16661,C,C,*,-,106,2144,74
16662,T,T,*,-,106,2144,75
16663,C,C,*,-,106,2144,76
16664,C,C,*,-,106,2144,77
16665,A,G,*,-,106,2144,78
16666,G,G,*,-,106,2144,79
16773,A,A,G,G,107,2145,79
16779,G,G,T,T,108,2149,79
16908,C,C,-,*,108,2158,80
16909,A,A,-,*,108,2158,81
16959,A,A,-,*,108,2160,82
16960,T,T,-,*,108,2160,83
17039,T,T,-,*,108,2175,84
17060,G,G,-,*,108,2177,85
17102,G,G,-,*,108,2196,86
17195,C,C,*,-,108,2415,87
17196,A,A,*,-,108,2415,88
17282,T,T,C,C,109,2470,88
17306,T,T,C,C,110,2480,88
17316,T,T,C,C,111,2480,88
17362,C,C,A,T,112,2481,88
17442,T,T,-,-,112,2505,89
17443,G,G,-,-,112,2505,90
17444,G,G,-,-,112,2505,91
17445,T,T,-,-,112,2506,92
17446,G,G,-,-,112,2506,93
17473,C,C,A,T,113,2507,93
17498,G,G,T,T,114,2511,93
17530,A,A,G,G,115,2516,93
17540,A,A,G,G,116,2516,93
17591,C,C,T,T,117,2518,93
17637,C,C,T,T,118,2522,93
17773,G,G,*,*,118,2580,94
17774,C,C,*,*,118,2580,95
17775,C,C,*,*,118,2580,96
17776,T,C,*,*,118,2580,97
17777,G,A,*,*,118,2580,98
17778,G,G,*,*,118,2580,99
17779,C,T,*,*,118,2580,100
17780,C,A,*,*,118,2581,101
17781,C,C,*,*,118,2581,102
17782,A,A,*,*,118,2581,103
17783,A,A,*,*,118,2581,104
17784,G,G,*,*,118,2581,105
17785,T,T,*,*,118,2581,106
17786,C,C,*,*,118,2582,107
17787,C,C,*,*,118,2582,108
17788,C,C,*,*,118,2582,109
17791,G,G,*,*,118,2585,110
17792,A,A,*,*,118,2585,111
17794,T,T,*,*,118,2585,112
17795,T,T,*,*,118,2585,113
17796,T,T,*,*,118,2585,114
17797,T,T,*,*,118,2585,115
17815,A,A,-,*,118,2600,116
17816,G,G,-,*,118,2600,117
17817,T,T,-,*,118,2600,118
17848,G,G,-,*,118,2603,119
17882,T,T,-,*,118,2608,120
17905,T,T,-,*,118,2608,121
17922,T,T,-,*,118,2609,122
17923,G,G,-,*,118,2609,123
18874,T,T,C,C,119,2699,123
18879,C,C,T,T,120,2699,123
18898,T,T,C,C,121,2699,123
18979,T,T,C,C,122,2699,123
19072,T,T,C,C,123,2702,123
19549,A,A,*,*,123,2732,124
19550,A,A,*,*,123,2732,125
19551,G,G,*,*,123,2745,126
19552,G,G,*,*,123,2745,127
19553,G,G,*,*,123,2745,128
19554,C,C,*,*,123,2749,129
19555,C,C,*,*,123,2749,130
19556,C,G,*,*,123,2749,131
19557,G,G,*,*,123,2749,132
19558,G,G,*,*,123,2749,133
19559,C,C,*,*,123,2749,134
19560,G,G,*,*,123,2749,135
19561,T,C,*,*,123,2749,136
19562,G,G,*,*,123,2749,137
19563,G,G,*,*,123,2749,138
19564,T,T,*,*,123,2749,139
19565,G,G,*,*,123,2749,140
19566,G,G,*,*,123,2749,141
19567,C,C,*,*,123,2749,142
19568,T,T,*,*,123,2749,143
19569,C,C,*,*,123,2749,144
19570,A,A,*,*,123,2749,145
19571,C,C,*,*,123,2749,146
19572,G,G,*,*,123,2749,147
19573,C,C,*,*,123,2749,148
19574,C,C,*,*,123,2749,149
19575,T,T,*,*,123,2749,150
19576,G,A,*,*,123,2749,151
19577,T,T,*,*,123,2749,152
19578,A,A,*,*,123,2749,153
19579,A,A,*,*,123,2749,154
19580,T,T,*,*,123,2749,155
19581,C,C,*,*,123,2749,156
19582,C,C,*,*,123,2749,157
19583,C,C,*,*,123,2749,158
19584,A,A,*,*,123,2749,159
19585,G,G,*,*,123,2749,160
19586,C,C,*,*,123,2749,161
19587,A,A,*,*,123,2749,162
19588,C,C,*,*,123,2749,163
19589,T,T,*,*,123,2749,164
19590,T,T,*,*,123,2749,165
19591,T,T,*,*,123,2749,166
19592,G,C,*,*,123,2749,167
19593,G,A,*,*,123,2749,168
19594,G,G,*,*,123,2749,169
19595,A,A,*,*,123,2749,170
19596,G,G,*,*,123,2749,171
19597,G,G,*,*,123,2749,172
19598,C,C,*,*,123,2749,173
19599,C,C,*,*,123,2749,174
19600,G,G,*,*,123,2749,175
19601,A,A,*,*,123,2749,176
19602,G,G,*,*,123,2749,177
19603,G,G,*,*,123,2749,178
19604,T,C,*,*,123,2750,179
19605,G,G,*,*,123,2750,180
19606,G,G,*,*,123,2750,181
19607,G,G,*,*,123,2750,182
19608,C,C,*,*,123,2750,183
19609,A,A,*,*,123,2750,184
19610,G,G,*,*,123,2750,185
19611,A,A,*,*,123,2750,186
19612,T,T,*,*,123,2750,187
19613,C,C,*,*,123,2750,188
19614,A,A,*,*,123,2750,189
19615,C,T,*,*,123,2752,190
19616,G,G,*,*,123,2752,191
19617,A,A,*,*,123,2752,192
19618,G,G,*,*,123,2752,193
19619,G,G,*,*,123,2752,194
19620,T,T,*,*,123,2752,195
19621,C,C,*,*,123,2752,196
19622,A,A,*,*,123,2752,197
19623,G,G,*,*,123,2752,198
19624,G,G,*,*,123,2752,199
19625,A,A,*,*,123,2752,200
19626,G,G,*,*,123,2752,201
19627,A,A,*,*,123,2752,202
19628,T,T,*,*,123,2752,203
19629,C,C,*,*,123,2752,204
19630,G,G,*,*,123,2752,205
19631,A,A,*,*,123,2752,206
19632,G,G,*,*,123,2752,207
19633,A,A,*,*,123,2752,208
19634,C,C,*,*,123,2752,209
19635,C,C,*,*,123,2752,210
19636,A,A,*,*,123,2752,211
19637,T,T,*,*,123,2752,212
19638,C,C,*,*,123,2752,213
19639,C,C,*,*,123,2752,214
19640,T,T,*,*,123,2752,215
19641,G,G,*,*,123,2752,216
19642,G,G,*,*,123,2752,217
19643,T,C,*,*,123,2752,218
19644,C,C,*,*,123,2752,219
19645,A,A,*,*,123,2752,220
19646,A,A,*,*,123,2752,221
19647,C,C,*,*,123,2752,222
19648,A,A,*,*,123,2752,223
19649,T,T,*,*,123,2752,224
19650,G,G,*,*,123,2752,225
19651,G,G,*,*,123,2752,226
19652,T,T,*,*,123,2752,227
19653,G,G,*,*,123,2752,228
19654,A,A,*,*,123,2752,229
19655,A,A,*,*,123,2752,230
19656,A,A,*,*,123,2752,231
19657,C,C,*,*,123,2752,232
19658,C,C,*,*,123,2752,233
19659,C,C,*,*,123,2752,234
19660,T,C,*,*,123,2752,235
19661,G,G,*,*,123,2752,236
19662,T,T,*,*,123,2752,237
19663,C,C,*,*,123,2752,238
19664,T,T,*,*,123,2752,239
19665,C,C,*,*,123,2752,240
19666,T,T,*,*,123,2752,241
19667,A,A,*,*,123,2752,242
19668,C,C,*,*,123,2752,243
19669,T,T,*,*,123,2752,244
19670,A,A,*,*,123,2752,245
19671,A,A,*,*,123,2752,246
19672,A,A,*,*,123,2752,247
19673,A,A,*,*,123,2752,248
19674,A,A,*,*,123,2752,249
19675,T,T,*,*,123,2752,250
19676,A,A,*,*,123,2752,251
19677,C,C,*,*,123,2752,252
19680,A,A,*,*,123,2764,253
19681,A,A,*,*,123,2764,254
19682,A,A,*,*,123,2764,255
19683,A,A,*,*,123,2764,256
19684,A,A,*,*,123,2764,257
19685,A,A,*,*,123,2764,258
19686,A,A,*,*,123,2764,259
19687,T,T,*,*,123,2764,260
19688,T,T,*,*,123,2764,261
19689,A,A,*,*,123,2764,262
19690,G,G,*,*,123,2764,263
19691,C,C,*,*,123,2764,264
19692,T,T,*,*,123,2764,265
19693,G,G,*,*,123,2764,266
19694,G,G,*,*,123,2764,267
19695,G,G,*,*,123,2764,268
19696,T,T,*,*,123,2764,269
19697,G,G,*,*,123,2764,270
19698,T,T,*,*,123,2764,271
19699,G,G,*,*,123,2764,272
19700,G,G,*,*,123,2764,273
19701,T,T,*,*,123,2764,274
19702,G,G,*,*,123,2764,275
19703,G,G,*,*,123,2764,276
19704,C,C,*,*,123,2764,277
19705,G,G,*,*,123,2764,278
19706,G,G,*,*,123,2764,279
19707,G,G,*,*,123,2764,280
19708,C,C,*,*,123,2764,281
19709,G,G,*,*,123,2764,282
19710,C,C,*,*,123,2764,283
19711,C,C,*,*,123,2764,284
19712,T,T,*,*,123,2764,285
19713,G,G,*,*,123,2764,286
19714,T,T,*,*,123,2764,287
19715,A,A,*,*,123,2764,288
19716,G,G,*,*,123,2764,289
19717,T,T,*,*,123,2764,290
19718,C,C,*,*,123,2764,291
19719,T,T,*,*,123,2764,292
19720,C,C,*,*,123,2764,293
19721,A,A,*,*,123,2764,294
19722,G,G,*,*,123,2764,295
19723,C,C,*,*,123,2764,296
19724,T,T,*,*,123,2764,297
19725,A,A,*,*,123,2764,298
19726,C,C,*,*,123,2764,299
19727,T,T,*,*,123,2764,300
19728,C,C,*,*,123,2764,301
19729,G,A,*,*,123,2764,302
19730,G,G,*,*,123,2764,303
19731,G,G,*,*,123,2764,304
19732,A,A,*,*,123,2764,305
19733,G,A,*,*,123,2764,306
19734,G,G,*,*,123,2764,307
19735,C,C,*,*,123,2764,308
19736,T,T,*,*,123,2764,309
19737,G,G,*,*,123,2764,310
19738,A,A,*,*,123,2764,311
19739,G,G,*,*,123,2764,312
19740,G,G,*,*,123,2764,313
19741,C,C,*,*,123,2764,314
19742,A,A,*,*,123,2764,315
19743,G,G,*,*,123,2764,316
19744,G,G,*,*,123,2764,317
19745,A,A,*,*,123,2764,318
19746,G,G,*,*,123,2764,319
19747,A,A,*,*,123,2764,320
19748,A,A,*,*,123,2764,321
19749,C,T,*,*,123,2764,322
19750,G,G,*,*,123,2764,323
19751,G,G,*,*,123,2764,324
19752,C,C,*,*,123,2764,325
19753,A,G,*,*,123,2764,326
19754,T,T,*,*,123,2764,327
19755,G,G,*,*,123,2764,328
19756,A,A,*,*,123,2764,329
19757,A,A,*,*,123,2764,330
19758,C,C,*,*,123,2764,331
19759,C,C,*,*,123,2764,332
19760,T,C,*,*,123,2764,333
19761,G,G,*,*,123,2764,334
19762,G,G,*,*,123,2764,335
19763,G,G,*,*,123,2764,336
19764,A,A,*,*,123,2764,337
19765,G,G,*,*,123,2764,338
19766,A,G,*,*,123,2764,339
19767,C,C,*,*,123,2764,340
19768,G,G,*,*,123,2764,341
19769,G,G,*,*,123,2764,342
19770,A,A,*,*,123,2764,343
19771,G,G,*,*,123,2764,344
19772,C,C,*,*,123,2764,345
19773,T,T,*,*,123,2764,346
19774,T,T,*,*,123,2764,347
19775,G,G,*,*,123,2764,348
19776,C,C,*,*,123,2764,349
19777,A,A,*,*,123,2764,350
19778,G,G,*,*,123,2764,351
19779,T,T,*,*,123,2764,352
19780,G,G,*,*,123,2764,353
19781,A,A,*,*,123,2764,354
19782,G,G,*,*,123,2764,355
19783,C,C,*,*,123,2764,356
19784,C,C,*,*,123,2764,357
19785,G,A,*,*,123,2764,358
19786,A,A,*,*,123,2764,359
19787,G,G,*,*,123,2764,360
19788,A,A,*,*,123,2764,361
19789,T,T,*,*,123,2764,362
19790,C,C,*,*,123,2764,363
19791,T,T,*,*,123,2764,364
19792,C,C,*,*,123,2764,365
19793,G,G,*,*,123,2764,366
19794,C,C,*,*,123,2764,367
19795,C,C,*,*,123,2764,368
19796,A,A,*,*,123,2764,369
19797,C,C,*,*,123,2764,370
19798,T,T,*,*,123,2764,371
19799,G,G,*,*,123,2764,372
19800,C,C,*,*,123,2764,373
19801,A,A,*,*,123,2764,374
19802,C,C,*,*,123,2764,375
19803,T,T,*,*,123,2764,376
19804,A,A,*,*,123,2764,377
19805,C,C,*,*,123,2764,378
19806,T,C,*,*,123,2764,379
19807,C,C,*,*,123,2764,380
19808,C,C,*,*,123,2764,381
19809,A,A,*,*,123,2764,382
19810,G,G,*,*,123,2764,383
19811,C,C,*,*,123,2764,384
19812,C,C,*,*,123,2764,385
19813,T,T,*,*,123,2764,386
19814,G,G,*,*,123,2764,387
19815,G,G,*,*,123,2764,388
19816,G,G,*,*,123,2764,389
19817,C,C,*,*,123,2764,390
19818,G,G,*,*,123,2764,391
19819,A,A,*,*,123,2764,392
19820,C,C,*,*,123,2764,393
19821,A,A,*,*,123,2764,394
19822,G,G,*,*,123,2764,395
19823,A,A,*,*,123,2764,396
19824,G,G,*,*,123,2764,397
19825,C,C,*,*,123,2764,398
19826,A,A,*,*,123,2764,399
19827,A,A,*,*,123,2764,400
19828,G,G,*,*,123,2764,401
19829,A,A,*,*,123,2764,402
19830,C,C,*,*,123,2764,403
19831,T,T,*,*,123,2764,404
19832,C,C,*,*,123,2764,405
19833,T,C,*,*,123,2764,406
19834,G,G,*,*,123,2764,407
19835,T,C,*,*,123,2764,408
19836,C,C,*,*,123,2764,409
19837,T,T,*,*,123,2764,410
19838,T,C,*,*,123,2764,411
19839,G,G,*,*,123,2764,412
19840,G,G,*,*,123,2764,413
19844,A,A,*,*,123,2775,414
19845,A,A,*,*,123,2775,415
19846,A,A,*,*,123,2775,416
19847,A,A,*,*,123,2775,417
19848,A,A,*,*,123,2775,418
19849,A,A,*,*,123,2775,419
19850,A,A,*,*,123,2775,420
20114,T,T,-,*,123,2777,421
20226,A,A,G,G,124,2828,421
20277,G,G,A,A,125,2843,421
20342,C,C,-,-,125,2851,422
20343,T,T,-,-,125,2851,423
20344,G,G,-,-,125,2851,424
20345,A,A,-,-,125,2851,425
20358,A,A,G,G,126,2853,425
20434,G,G,A,A,127,2869,425
20493,G,G,C,T,128,2870,425
20525,G,G,A,A,129,2870,425
20570,T,T,-,*,129,2873,426
20571,A,A,-,*,129,2873,427
20998,-,-,T,T,129,2882,427
21067,C,C,A,A,130,2882,427
