452,-,*,C,A,0,26,0
2074,A,A,G,C,1,137,0
2080,G,G,A,A,2,137,0
2119,T,T,C,C,3,137,0
2140,G,G,A,T,4,137,0
2466,T,T,C,C,5,152,0
2535,C,C,-,-,5,157,1
2536,C,T,-,-,5,157,2
2537,G,G,-,-,5,157,3
2538,A,A,-,-,5,157,4
2680,A,A,G,G,6,321,4
2778,-,-,G,G,6,346,4
2815,C,C,T,T,7,350,4
2821,T,T,C,C,8,355,4
2857,C,C,A,T,9,356,4
2978,C,C,T,T,10,365,4
3237,A,A,C,C,11,411,4
3247,T,T,C,C,12,416,4
3499,C,C,T,T,13,841,4
3669,A,A,G,G,14,885,4
3692,C,C,A,A,15,888,4
4839,-,-,A,A,15,1048,4
4839,-,-,T,T,15,1049,4
4839,-,-,T,T,15,1050,4
4839,-,-,T,T,15,1051,4
5694,T,T,C,C,16,1165,4
5721,T,T,C,C,17,1165,4
5746,C,C,G,G,18,1165,4
5884,A,A,-,-,18,1178,5
5885,A,A,-,-,18,1178,6
5886,A,A,-,-,18,1178,7
5984,G,G,A,A,19,1252,7
6027,-,-,C,T,19,1253,7
6027,-,-,C,C,19,1254,7
6027,-,-,A,A,19,1255,7
6027,-,-,G,G,19,1256,7
6027,-,-,G,G,19,1257,7
6027,-,-,G,G,19,1258,7
6027,-,-,C,C,19,1259,7
6027,-,-,T,T,19,1260,7
6027,-,-,G,G,19,1261,7
6027,-,-,G,G,19,1262,7
6027,-,-,A,A,19,1263,7
6027,-,-,G,G,19,1264,7
6027,-,-,G,G,19,1265,7
6163,A,A,G,G,20,1289,7
6194,T,T,G,G,21,1290,7
6202,G,G,T,C,22,1290,7
6712,A,A,G,G,23,1491,7
6817,T,T,C,C,24,1605,7
6879,C,C,T,A,25,1636,7
6904,-,-,G,G,25,1637,7
6957,T,T,A,A,26,1676,7
7193,C,C,T,T,27,1696,7
7194,A,A,G,G,28,1696,7
7196,C,C,G,G,29,1696,7
7198,T,T,C,C,30,1696,7
7237,T,T,G,G,31,1697,7
7399,A,A,G,G,32,1700,7
7469,-,-,G,G,32,1777,7
7488,T,T,G,A,33,1782,7
7489,A,A,T,T,34,1782,7
7689,G,G,A,A,35,1783,7
7731,C,C,G,G,36,1783,7
7748,C,C,T,T,37,1783,7
7749,T,T,C,G,38,1783,7
7805,A,A,-,*,38,1783,8
7806,C,C,-,*,38,1783,9
7809,A,C,-,*,38,1784,10
7810,A,A,-,*,38,1785,11
7811,A,A,-,*,38,1785,12
7812,A,A,-,*,38,1785,13
7813,T,A,-,*,38,1785,14
7948,T,T,A,C,39,1794,14
8068,T,T,A,C,40,1848,14
8376,A,A,G,G,41,1864,14
8394,A,A,G,G,42,1864,14
8418,A,A,-,-,42,1864,15
8438,G,G,A,C,43,1864,15
8531,A,A,G,G,44,1870,15
8532,A,A,G,G,45,1870,15
8544,A,A,G,G,46,1870,15
8545,A,A,G,G,47,1870,15
8676,C,C,G,G,48,1884,15
8792,G,G,A,A,49,1893,15
8812,G,G,T,T,50,1893,15
8832,A,A,G,G,51,1893,15
8902,-,-,T,T,51,1894,15
8902,-,-,T,T,51,1895,15
8902,-,-,A,A,51,1896,15
8902,-,-,A,A,51,1897,15
8902,-,-,A,A,51,1898,15
9067,-,-,G,G,51,1931,15
9067,-,-,A,A,51,1932,15
9179,T,T,C,C,52,1954,15
9224,A,A,G,G,53,1990,15
9281,C,C,T,T,54,2029,15
9299,C,C,T,T,55,2030,15
9311,G,G,T,T,56,2093,15
9461,G,G,A,A,57,2169,15
9534,A,A,G,G,58,2187,15
9883,C,C,-,-,58,2356,16
9884,A,A,-,-,58,2356,17
9885,C,C,-,-,58,2356,18
9886,C,C,-,-,58,2356,19
9887,C,C,-,-,58,2356,20
9888,T,C,-,-,58,2356,21
9975,A,A,C,C,59,2375,21
10244,T,T,C,C,60,2458,21
10343,T,T,C,C,61,2513,21
10487,G,G,C,C,62,2514,21
10675,T,T,C,C,63,2561,21
10746,G,G,T,T,64,2580,21
10794,C,C,A,T,65,2581,21
10795,A,A,G,G,66,2581,21
10937,C,C,T,T,67,2585,21
10962,-,-,A,A,67,2611,21
10962,-,-,A,A,67,2612,21
11012,A,A,C,C,68,2626,21
11058,C,C,T,T,69,2640,21
11068,G,G,T,A,70,2640,21
11388,C,C,T,T,71,2705,21
11551,A,A,G,G,72,2740,21
11585,A,A,G,G,73,2744,21
11707,A,A,G,G,74,2779,21
11730,G,G,A,A,75,2779,21
11731,A,A,T,T,76,2779,21
12508,T,T,C,C,77,2903,21
12559,G,G,T,T,78,2904,21
12576,A,A,G,G,79,2939,21
12762,-,-,T,T,79,2954,21
12782,C,C,T,T,80,2954,21
12831,C,C,T,T,81,2955,21
12886,C,C,G,T,82,2958,21
12995,G,G,A,A,83,2996,21
13008,T,T,G,C,84,2996,21
13343,A,A,G,G,85,3019,21
13649,A,A,G,G,86,3139,21
13731,T,T,C,C,87,3156,21
13767,C,C,T,T,88,3169,21
13900,T,T,C,C,89,3235,21
14032,C,C,T,T,90,3256,21
14140,A,A,G,G,91,3266,21
14162,C,C,T,G,92,3270,21
14239,C,C,T,T,93,3278,21
14257,C,C,T,T,94,3301,21
14382,G,G,A,C,95,3305,21
14578,G,G,A,A,96,3345,21
14598,C,C,G,G,97,3345,21
14626,A,A,G,G,98,3345,21
14755,C,C,G,T,99,3376,21
14801,A,A,G,C,100,3382,21
15159,A,A,C,C,101,3469,21
15170,C,C,T,T,102,3469,21
15290,G,G,A,A,103,3483,21
16399,G,G,T,T,104,3612,21
16709,G,G,A,A,105,3684,21
16847,T,T,C,C,106,3708,21
17103,T,T,C,C,107,3854,21
17105,G,G,T,T,108,3854,21
17155,T,T,C,C,109,3874,21
17177,C,C,T,T,110,3875,21
17186,G,G,C,C,111,3875,21
17315,T,T,C,C,112,3904,21
17407,C,C,T,T,113,3917,21
18195,G,G,A,A,114,4002,21
18315,A,A,G,G,115,4018,21
18490,A,A,T,G,116,4041,21
18541,T,T,C,C,117,4052,21
18558,C,C,T,T,118,4055,21
18711,G,G,C,C,119,4071,21
18777,T,T,G,G,120,4072,21
18898,C,C,T,T,121,4135,21
18929,G,G,C,C,122,4137,21
19068,T,T,C,C,123,4141,21
19177,T,T,C,C,124,4166,21
19270,G,G,C,C,125,4180,21
19397,C,C,T,T,126,4271,21
19452,A,A,G,G,127,4273,21
19457,T,T,G,G,128,4273,21
19515,C,C,T,T,129,4294,21
19764,T,T,C,C,130,4301,21
19849,A,A,G,G,131,4326,21
20067,T,T,C,C,132,4390,21
20153,C,C,T,T,133,4392,21
20175,T,T,C,C,134,4392,21
20176,G,G,A,A,135,4392,21
20240,A,A,*,-,135,4431,22
20241,T,T,*,-,135,4431,23
20416,G,G,A,A,136,4433,23
20466,T,T,C,C,137,4440,23
20689,A,A,G,G,138,4486,23
20891,A,A,G,G,139,4519,23
21053,G,G,A,A,140,4861,23
21084,C,C,T,T,141,4989,23
21085,A,A,G,G,142,4989,23
21086,C,C,T,A,143,4989,23
21087,A,A,G,G,144,4989,23
21139,T,T,C,C,145,4989,23
21367,G,G,C,C,146,5021,23
21494,C,C,A,A,147,5031,23
21515,A,A,G,G,148,5041,23
21656,T,T,A,A,149,5072,23
21781,A,A,T,T,150,5076,23
21818,C,C,G,G,151,5078,23
21920,A,A,G,T,152,5083,23
21977,T,T,C,C,153,5085,23
21994,C,C,G,T,154,5085,23
22093,A,A,T,T,155,5125,23
22094,A,A,C,C,156,5125,23
22128,G,G,A,T,157,5125,23
22147,G,G,T,A,158,5125,23
22314,T,T,C,C,159,5132,23
22345,G,G,A,A,160,5132,23
22373,T,T,G,A,161,5132,23
22414,A,A,G,G,162,5135,23
22657,A,A,T,T,163,5148,23
22765,T,T,-,*,163,5149,24
22799,C,C,T,T,164,5151,24
22866,G,G,A,A,165,5152,24
23191,C,C,T,T,166,5201,24
23207,C,C,G,G,167,5201,24
23244,A,A,T,T,168,5201,24
23335,C,C,T,T,169,5218,24
23437,A,A,G,G,170,5227,24
23449,G,G,A,A,171,5227,24
23632,C,C,T,T,172,5274,24
24001,T,T,A,A,173,5410,24
24014,C,C,A,A,174,5410,24
24213,T,T,C,C,175,5418,24
24214,G,G,A,A,176,5418,24
24254,A,A,G,G,177,5429,24
24307,C,C,T,T,178,5429,24
24350,C,C,T,T,179,5433,24
24582,A,A,T,T,180,5483,24
24597,A,A,G,G,181,5483,24
24662,A,A,T,G,182,5488,24
24923,T,T,C,C,183,5509,24
24970,A,A,C,C,184,5509,24
24997,-,-,T,G,184,5512,24
24997,-,-,G,G,184,5513,24
25417,A,G,-,-,184,5545,25
25418,A,A,-,-,184,5545,26
25419,G,G,-,-,184,5545,27
25760,C,C,-,-,184,5575,28
25788,T,T,C,C,185,5575,28
25851,T,T,A,A,186,5577,28
25921,C,C,G,G,187,5580,28
26035,T,T,C,C,188,5581,28
26037,C,C,T,T,189,5581,28
