1541,-,-,C,C,0,322,0
1541,-,-,G,C,0,323,0
6939,-,-,G,G,0,1731,0
10276,-,-,G,C,0,2443,0
10276,-,-,G,A,0,2444,0
10276,-,-,A,A,0,2445,0
10276,-,-,C,C,0,2446,0
10276,-,-,C,C,0,2447,0
10276,-,-,C,C,0,2448,0
10276,-,-,A,A,0,2449,0
10276,-,-,G,G,0,2450,0
10276,-,-,G,G,0,2451,0
10276,-,-,G,G,0,2452,0
10276,-,-,G,G,0,2453,0
10276,-,-,C,C,0,2454,0
10276,-,-,G,A,0,2455,0
10276,-,-,C,C,0,2456,0
10276,-,-,T,C,0,2457,0
10276,-,-,G,G,0,2458,0
10276,-,-,A,A,0,2459,0
10276,-,-,C,C,0,2460,0
10276,-,-,C,C,0,2461,0
10276,-,-,C,C,0,2462,0
10276,-,-,G,G,0,2463,0
10276,-,-,C,C,0,2464,0
10276,-,-,C,C,0,2465,0
10276,-,-,C,C,0,2466,0
11206,-,-,C,C,0,2750,0
11635,-,-,C,C,0,2774,0
11635,-,-,T,T,0,2775,0
11765,-,-,T,C,0,2784,0
11889,-,-,T,G,0,2788,0
12278,-,-,G,G,0,3016,0
12420,-,-,A,G,0,3030,0
12842,-,-,G,C,0,3082,0
12842,-,-,C,C,0,3083,0
12871,-,-,T,C,0,3084,0
12871,-,-,C,G,0,3085,0
12871,-,-,T,T,0,3087,0
12871,-,-,A,C,0,3088,0
13740,-,-,A,A,0,3199,0
17308,-,-,T,T,0,3301,0
20749,-,-,C,C,0,3959,0
20749,-,-,A,A,0,3960,0
20832,-,-,G,G,0,3986,0
20832,-,-,G,A,0,3987,0
22519,-,-,T,T,0,4420,0
23866,-,-,G,G,0,4699,0
23866,-,-,A,A,0,4700,0
23866,-,-,A,A,0,4701,0
23866,-,-,G,A,0,4702,0
23866,-,-,G,G,0,4703,0
23866,-,-,C,C,0,4704,0
23866,-,-,A,A,0,4706,0
23866,-,-,G,A,0,4707,0
23866,-,-,A,A,0,4708,0
23866,-,-,T,T,0,4709,0
23866,-,-,T,T,0,4710,0
23866,-,-,A,A,0,4711,0
23866,-,-,T,T,0,4712,0
23866,-,-,C,C,0,4713,0
23866,-,-,G,C,0,4714,0
23866,-,-,T,T,0,4715,0
23866,-,-,G,G,0,4716,0
23866,-,-,C,C,0,4717,0
23866,-,-,T,T,0,4718,0
23866,-,-,C,C,0,4719,0
27486,-,*,A,A,0,5336,0
27486,-,*,T,T,0,5337,0
27486,-,*,G,G,0,5338,0
27486,-,*,T,C,0,5339,0
27486,-,*,G,G,0,5340,0
27486,-,*,T,C,0,5341,0
27486,-,*,G,A,0,5342,0
27486,-,*,T,T,0,5343,0
27486,-,*,G,A,0,5344,0
27486,-,*,T,C,0,5345,0
27486,-,*,T,T,0,5346,0
27486,-,*,C,C,0,5347,0
27486,-,*,C,C,0,5348,0
27486,-,*,T,T,0,5349,0
27486,-,*,G,G,0,5350,0
27486,-,*,G,G,0,5351,0
27486,-,*,T,C,0,5352,0
27562,-,*,C,C,0,5362,0
28140,G,G,A,A,1,5629,0
28235,C,C,T,T,2,5639,0
28239,A,A,G,G,3,5639,0
28279,T,T,C,C,4,5639,0
28299,G,G,C,C,5,5642,0
28303,A,A,G,G,6,5642,0
28308,T,T,C,C,7,5642,0
28358,G,G,A,A,8,5679,0
28703,G,G,*,*,8,5685,1
28715,C,C,T,T,9,5685,1
28788,G,G,A,T,10,5688,1
28880,T,T,C,C,11,5695,1
28895,G,G,-,-,11,5696,2
28923,G,G,A,A,12,5698,2
29158,A,A,G,G,13,5714,2
29785,C,C,T,G,14,5985,2
29819,G,G,-,-,14,5985,3
29820,T,T,-,-,14,5985,4
29861,C,C,T,T,15,5985,4
29936,A,A,G,G,16,5995,4
29960,C,C,T,T,17,5995,4
29965,-,-,C,C,17,5996,4
29965,-,-,G,A,17,5997,4
29965,-,-,T,T,17,5998,4
29965,-,-,A,C,17,5999,4
29965,-,-,C,C,17,6000,4
29965,-,-,T,C,17,6001,4
29965,-,-,T,T,17,6002,4
29965,-,-,G,G,17,6003,4
29965,-,-,G,G,17,6004,4
29965,-,-,A,A,17,6005,4
29965,-,-,C,C,17,6006,4
29970,T,T,C,C,18,6007,4
29979,T,T,G,G,19,6014,4
30040,A,A,C,G,20,6122,4
30048,C,C,T,T,21,6146,4
30076,G,G,C,C,22,6189,4
30102,T,T,G,G,23,6206,4
30153,G,G,A,A,24,6211,4
32895,-,-,C,G,24,6782,4
33795,-,-,C,C,24,7277,4
33795,-,-,T,T,24,7278,4
33795,-,-,T,T,24,7279,4
33795,-,-,T,T,24,7280,4
33795,-,-,G,G,24,7281,4
33795,-,-,G,G,24,7282,4
33795,-,-,A,A,24,7283,4
33795,-,-,A,A,24,7284,4
33795,-,-,A,A,24,7285,4
33795,-,-,G,G,24,7309,4
33795,-,-,G,G,24,7310,4
33795,-,-,A,A,24,7311,4
33954,T,T,A,A,25,7313,4
34012,A,A,G,G,26,7314,4
34014,C,C,A,A,27,7314,4
34026,T,T,C,G,28,7314,4
34079,C,C,T,T,29,7319,4
34104,A,A,G,G,30,7319,4
34121,T,T,C,C,31,7324,4
34214,A,A,G,G,32,7324,4
34264,A,A,G,G,33,7325,4
34328,A,A,G,G,34,7338,4
34385,C,C,T,G,35,7340,4
34463,T,T,G,G,36,7358,4
34515,C,C,G,A,37,7358,4
34742,A,A,G,G,38,7365,4
34781,T,T,G,G,39,7366,4
34794,G,G,A,A,40,7373,4
34868,A,A,G,G,41,7387,4
34874,T,T,C,C,42,7387,4
34888,A,A,C,G,43,7392,4
34893,G,G,A,A,44,7392,4
34917,G,G,A,C,45,7398,4
35002,A,A,G,G,46,7404,4
35018,T,T,-,-,46,7406,5
35019,C,C,-,-,46,7406,6
35020,T,T,-,-,46,7406,7
35021,T,T,-,-,46,7406,8
35026,C,C,A,A,47,7406,8
35055,G,G,C,C,48,7410,8
35068,A,A,C,C,49,7412,8
35110,T,T,-,-,49,7418,9
35111,T,T,-,-,49,7418,10
35112,A,A,-,-,49,7418,11
35113,C,C,-,-,49,7418,12
35234,T,T,C,C,50,7436,12
35257,G,G,A,C,51,7438,12
35295,A,A,G,G,52,7438,12
35311,T,T,C,C,53,7439,12
35432,A,G,-,-,53,7451,13
35538,C,C,-,-,53,7507,14
35593,T,T,C,C,54,7514,14
35611,A,A,G,C,55,7514,14
35795,G,G,T,A,56,7532,14
35867,T,T,C,C,57,7537,14
35940,G,G,T,T,58,7537,14
35945,C,C,G,G,59,7537,14
35984,G,G,T,T,60,7537,14
36000,A,A,G,G,61,7537,14
36102,T,T,C,C,62,7537,14
36103,G,G,C,A,63,7537,14
36164,A,A,G,T,64,7537,14
36167,A,A,G,G,65,7537,14
36216,T,T,A,A,66,7548,14
36311,T,T,C,C,67,7562,14
36365,T,T,C,C,68,7571,14
36366,G,G,T,A,69,7571,14
36368,T,T,-,-,69,7571,15
36369,G,G,-,-,69,7571,16
36370,C,C,T,T,70,7571,16
36371,A,A,G,G,71,7571,16
36386,-,-,C,C,71,7572,16
36445,A,A,-,-,71,7573,17
36446,A,A,-,-,71,7573,18
36447,T,T,-,-,71,7573,19
36448,C,C,-,-,71,7573,20
36470,G,G,A,A,72,7573,20
36560,G,G,A,C,73,7574,20
36643,T,T,C,A,74,7606,20
36646,A,A,G,G,75,7606,20
36831,T,T,C,C,76,7620,20
36877,G,G,A,A,77,7620,20
37066,T,T,A,G,78,7632,20
37084,-,-,C,C,78,7633,20
37084,-,-,T,T,78,7634,20
37084,-,-,T,A,78,7635,20
37302,T,T,-,-,78,7643,21
37303,C,C,-,-,78,7643,22
37307,C,C,G,T,79,7643,22
37442,G,G,A,A,80,7643,22
37630,G,G,A,A,81,7657,22
37684,T,T,C,C,82,7658,22
37735,T,T,G,A,83,7658,22
37768,T,T,C,C,84,7658,22
37771,G,G,C,C,85,7658,22
37775,C,C,T,T,86,7658,22
37805,A,A,G,G,87,7658,22
38060,T,T,A,A,88,7665,22
38068,G,G,T,T,89,7665,22
38344,A,A,C,G,90,7669,22
38368,T,T,-,-,90,7672,23
38369,T,T,-,-,90,7672,24
38370,G,G,-,-,90,7672,25
38439,C,C,T,G,91,7672,25
38478,T,T,C,C,92,7672,25
38629,T,T,C,C,93,7675,25
38675,A,A,C,G,94,7675,25
38684,T,T,A,C,95,7675,25
38808,A,A,C,C,96,7679,25
38847,G,G,A,A,97,7679,25
38949,T,T,G,G,98,7680,25
38964,C,C,G,G,99,7688,25
39057,T,T,*,*,99,7688,26
39058,G,G,*,*,99,7688,27
39059,C,C,*,*,99,7688,28
39060,C,C,*,*,99,7688,29
39062,A,A,*,*,99,7688,30
39063,A,A,*,*,99,7688,31
39064,A,A,*,*,99,7688,32
39065,C,C,*,*,99,7688,33
39066,C,C,*,*,99,7688,34
39067,C,C,*,*,99,7688,35
39068,A,A,*,*,99,7688,36
39069,G,G,*,*,99,7688,37
39070,G,G,*,*,99,7688,38
39071,C,C,*,*,99,7688,39
39072,T,T,*,*,99,7688,40
39073,T,T,*,*,99,7688,41
39074,G,G,*,*,99,7688,42
39075,A,A,*,*,99,7688,43
39076,C,C,*,*,99,7688,44
39077,C,C,*,*,99,7688,45
39078,A,A,*,*,99,7688,46
39079,A,A,*,*,99,7688,47
39080,T,T,*,*,99,7688,48
39081,T,T,*,*,99,7688,49
39082,C,C,*,*,99,7688,50
39083,C,C,*,*,99,7688,51
39084,C,C,*,*,99,7688,52
39085,A,A,*,*,99,7688,53
39086,G,G,*,*,99,7688,54
39087,A,A,*,*,99,7688,55
39088,A,A,*,*,99,7688,56
39089,G,G,*,*,99,7688,57
39090,T,T,*,*,99,7688,58
39091,G,G,*,*,99,7688,59
39092,G,G,*,*,99,7688,60
39093,A,A,*,*,99,7688,61
39094,T,T,*,*,99,7688,62
39095,G,G,*,*,99,7688,63
39096,G,G,*,*,99,7688,64
39097,G,G,*,*,99,7688,65
39098,C,C,*,*,99,7688,66
39099,T,T,*,*,99,7688,67
39100,A,A,*,*,99,7688,68
39101,C,C,*,*,99,7688,69
39102,C,C,*,*,99,7688,70
39103,A,A,*,*,99,7688,71
39104,G,G,*,*,99,7688,72
39105,A,A,*,*,99,7688,73
39106,C,C,*,*,99,7688,74
39107,A,A,*,*,99,7688,75
39108,G,G,*,*,99,7688,76
39109,G,G,*,*,99,7688,77
39110,A,A,*,*,99,7688,78
39111,T,T,*,*,99,7688,79
39112,G,G,*,*,99,7688,80
39113,G,G,*,*,99,7688,81
39114,G,G,*,*,99,7688,82
39115,A,A,*,*,99,7688,83
39116,T,T,*,*,99,7688,84
39117,G,G,*,*,99,7688,85
39118,T,T,*,*,99,7688,86
39119,C,C,*,*,99,7688,87
39120,A,A,*,*,99,7688,88
39121,T,T,*,*,99,7688,89
39122,G,G,*,*,99,7688,90
39123,A,A,*,*,99,7688,91
39124,A,A,*,*,99,7688,92
39125,C,C,*,*,99,7688,93
39126,A,A,*,*,99,7688,94
39127,C,C,*,*,99,7688,95
39128,T,T,*,*,99,7688,96
39129,G,G,*,*,99,7688,97
39130,A,A,*,*,99,7688,98
39131,G,G,*,*,99,7688,99
39132,A,A,*,*,99,7688,100
39133,G,G,*,*,99,7688,101
39134,A,A,*,*,99,7688,102
39135,A,A,*,*,99,7688,103
39136,A,A,*,*,99,7688,104
39137,C,C,*,*,99,7688,105
39138,C,C,*,*,99,7688,106
39139,C,C,*,*,99,7688,107
39140,A,A,*,*,99,7688,108
39141,T,T,*,*,99,7688,109
39142,C,C,*,*,99,7688,110
39143,A,A,*,*,99,7688,111
39144,T,T,*,*,99,7688,112
39145,G,G,*,*,99,7688,113
39146,C,C,*,*,99,7688,114
39147,A,A,*,*,99,7688,115
39148,C,C,*,*,99,7688,116
39149,T,T,*,*,99,7688,117
39150,G,G,*,*,99,7688,118
39151,C,C,*,*,99,7688,119
39152,T,T,*,*,99,7688,120
39153,C,C,*,*,99,7688,121
39154,A,A,*,*,99,7688,122
39155,C,C,*,*,99,7688,123
39156,G,A,*,*,99,7688,124
39157,C,C,*,*,99,7688,125
39158,C,C,*,*,99,7688,126
39159,G,G,*,*,99,7688,127
39160,G,G,*,*,99,7688,128
39161,T,T,*,*,99,7688,129
39162,G,G,*,*,99,7688,130
39182,T,T,*,*,99,7688,131
39183,C,C,*,*,99,7688,132
39184,T,T,*,*,99,7688,133
39185,C,C,*,*,99,7688,134
39186,A,A,*,*,99,7688,135
39187,G,G,*,*,99,7688,136
39188,G,G,*,*,99,7688,137
39189,G,G,*,*,99,7688,138
39190,A,A,*,*,99,7688,139
39191,G,G,*,*,99,7688,140
39192,A,A,*,*,99,7688,141
39194,C,C,*,*,99,7688,142
39195,C,C,*,*,99,7688,143
39196,C,C,*,*,99,7688,144
39197,A,A,*,*,99,7688,145
39198,G,G,*,*,99,7688,146
39199,C,C,*,*,99,7688,147
39200,A,A,*,*,99,7688,148
39201,C,C,*,*,99,7688,149
39202,A,A,*,*,99,7688,150
39203,G,G,*,*,99,7688,151
39204,A,A,*,*,99,7688,152
39205,C,C,*,*,99,7688,153
39206,G,G,*,*,99,7688,154
39207,G,G,*,*,99,7688,155
39208,G,G,*,*,99,7688,156
39209,T,T,*,*,99,7688,157
39210,T,T,*,*,99,7688,158
39211,C,C,*,*,99,7688,159
39212,C,C,*,*,99,7691,160
39213,A,A,*,*,99,7691,161
39214,G,G,*,*,99,7691,162
39215,G,G,*,*,99,7691,163
39216,T,T,*,*,99,7691,164
39217,A,A,*,*,99,7691,165
39218,C,C,*,*,99,7694,166
39219,C,C,*,*,99,7694,167
39220,T,T,*,*,99,7694,168
39221,T,T,*,*,99,7694,169
39222,C,C,*,*,99,7694,170
39223,T,T,*,*,99,7694,171
39224,G,G,*,*,99,7694,172
39225,T,T,*,*,99,7694,173
39226,T,T,*,*,99,7694,174
39227,G,G,*,*,99,7694,175
39228,G,G,*,*,99,7694,176
39229,T,T,*,*,99,7694,177
39230,G,G,*,*,99,7694,178
39231,C,C,*,*,99,7694,179
39233,G,G,*,*,99,7694,180
39234,C,C,*,*,99,7694,181
39235,T,T,*,*,99,7694,182
39236,T,T,*,*,99,7694,183
39237,T,T,*,*,99,7694,184
39238,T,T,*,*,99,7694,185
39239,C,C,*,*,99,7694,186
39240,T,T,*,*,99,7694,187
39241,C,C,*,*,99,7694,188
39242,A,A,*,*,99,7694,189
39243,G,G,*,*,99,7694,190
39244,T,T,*,*,99,7694,191
39245,A,A,*,*,99,7694,192
39246,T,C,*,*,99,7694,193
39247,C,C,*,*,99,7694,194
39248,A,A,*,*,99,7694,195
39249,G,G,*,*,99,7694,196
39250,C,C,*,*,99,7694,197
39251,T,T,*,*,99,7694,198
39252,T,T,*,*,99,7694,199
39253,T,T,*,*,99,7694,200
39254,T,T,*,*,99,7694,201
39255,C,C,*,*,99,7694,202
39256,G,G,*,*,99,7694,203
39257,C,C,*,*,99,7694,204
39258,C,C,*,*,99,7694,205
39259,T,T,*,*,99,7694,206
39260,G,G,*,*,99,7694,207
39261,G,G,*,*,99,7694,208
39262,G,G,*,*,99,7694,209
39263,T,T,*,*,99,7694,210
39264,G,G,*,*,99,7694,211
39265,G,G,*,*,99,7694,212
39266,G,G,*,*,99,7736,213
39267,T,T,*,*,99,7736,214
39268,G,G,*,*,99,7736,215
39269,G,G,*,*,99,7736,216
39270,C,C,*,*,99,7736,217
39271,C,C,*,*,99,7736,218
39272,T,T,*,*,99,7736,219
39273,G,G,*,*,99,7736,220
39274,G,G,*,*,99,7736,221
39275,C,C,*,*,99,7736,222
39276,A,C,*,*,99,7736,223
39277,G,G,*,*,99,7736,224
39278,T,T,*,*,99,7736,225
39279,G,G,*,*,99,7736,226
39280,A,A,*,*,99,7736,227
39281,G,G,*,*,99,7736,228
39282,C,C,*,*,99,7736,229
39283,C,C,*,*,99,7736,230
39284,A,A,*,*,99,7736,231
39285,T,G,*,*,99,7736,232
39286,G,G,*,*,99,7736,233
39287,T,T,*,*,99,7736,234
39288,T,T,*,*,99,7736,235
39289,G,G,*,*,99,7736,236
39290,G,G,*,*,99,7736,237
39291,G,G,*,*,99,7736,238
39292,T,T,*,*,99,7736,239
39293,C,C,*,*,99,7736,240
39294,A,A,*,*,99,7736,241
39295,A,G,*,*,99,7736,242
39296,G,G,*,*,99,7736,243
39297,G,G,*,*,99,7736,244
39298,C,C,*,*,99,7736,245
39299,A,A,*,*,99,7736,246
39300,G,G,*,*,99,7736,247
39301,T,T,*,*,99,7736,248
39302,G,G,*,*,99,7736,249
39303,A,A,*,*,99,7736,250
39304,G,G,*,*,99,7736,251
39305,G,G,*,*,99,7736,252
39306,C,C,*,*,99,7736,253
39307,C,C,*,*,99,7736,254
39308,T,T,*,*,99,7736,255
39309,C,C,*,*,99,7736,256
39310,T,T,*,*,99,7736,257
39311,G,G,*,*,99,7736,258
39312,G,G,*,*,99,7736,259
39313,T,T,*,*,99,7736,260
39314,A,G,*,*,99,7736,261
39315,G,G,*,*,99,7736,262
39316,C,C,*,*,99,7736,263
39317,T,T,*,*,99,7736,264
39318,C,C,*,*,99,7736,265
39319,C,C,*,*,99,7736,266
39320,T,T,*,*,99,7736,267
39321,G,G,*,*,99,7736,268
39322,G,G,*,*,99,7736,269
39323,G,G,*,*,99,7736,270
39324,A,A,*,*,99,7736,271
39325,C,C,*,*,99,7736,272
39326,C,C,*,*,99,7736,273
39327,C,C,*,*,99,7736,274
39328,T,T,*,*,99,7736,275
39329,G,G,*,*,99,7736,276
39330,G,G,*,*,99,7736,277
39331,T,T,*,*,99,7736,278
39332,C,C,*,*,99,7736,279
39333,A,A,*,*,99,7736,280
39334,G,G,*,*,99,7736,281
39335,C,C,*,*,99,7736,282
39336,C,C,*,*,99,7736,283
39337,C,C,*,*,99,7736,284
39338,A,A,*,*,99,7736,285
39339,G,G,*,*,99,7736,286
39340,G,G,*,*,99,7736,287
39341,G,G,*,*,99,7736,288
39342,G,G,*,*,99,7736,289
39343,T,T,*,*,99,7736,290
39344,C,C,*,*,99,7736,291
39345,C,C,*,*,99,7736,292
39346,T,T,*,*,99,7736,293
39347,T,T,*,*,99,7736,294
39348,T,T,*,*,99,7736,295
39349,G,G,*,*,99,7736,296
39350,T,T,*,*,99,7736,297
39351,C,C,*,*,99,7736,298
39352,C,C,*,*,99,7736,299
39353,C,C,*,*,99,7736,300
39354,A,A,*,*,99,7736,301
39355,G,G,*,*,99,7736,302
39356,T,T,*,*,99,7736,303
39357,T,T,*,*,99,7736,304
39358,C,C,*,*,99,7736,305
39359,C,C,*,*,99,7736,306
39360,T,T,*,*,99,7736,307
39361,G,G,*,*,99,7736,308
39362,T,T,*,*,99,7736,309
39363,A,A,*,*,99,7736,310
39364,A,A,*,*,99,7736,311
39365,C,C,*,*,99,7736,312
39366,T,T,*,*,99,7736,313
39367,T,T,*,*,99,7736,314
39368,A,A,*,*,99,7736,315
39369,G,G,*,*,99,7736,316
39370,G,G,*,*,99,7736,317
39371,T,T,*,*,99,7736,318
39372,T,T,*,*,99,7736,319
39373,C,C,*,*,99,7736,320
39374,C,C,*,*,99,7736,321
39375,C,C,*,*,99,7736,322
39376,A,A,*,*,99,7736,323
39377,T,T,*,*,99,7736,324
39378,A,A,*,*,99,7736,325
39379,A,A,*,*,99,7736,326
39380,C,C,*,*,99,7736,327
39381,C,C,*,*,99,7736,328
39382,C,C,*,*,99,7736,329
39383,C,C,*,*,99,7736,330
39384,T,T,*,*,99,7736,331
39385,C,C,*,*,99,7736,332
39386,T,T,*,*,99,7736,333
39387,C,C,*,*,99,7736,334
39388,A,A,*,*,99,7736,335
39389,G,G,*,*,99,7736,336
39390,G,G,*,*,99,7736,337
39391,C,C,*,*,99,7736,338
39392,C,C,*,*,99,7736,339
39393,A,A,*,*,99,7736,340
39394,G,G,*,*,99,7736,341
39395,G,G,*,*,99,7736,342
39396,C,C,*,*,99,7736,343
39397,C,C,*,*,99,7736,344
39398,A,A,*,*,99,7736,345
39399,C,C,*,*,99,7736,346
39400,A,A,*,*,99,7737,347
39401,G,G,*,*,99,7737,348
39402,A,A,*,*,99,7737,349
39403,G,G,*,*,99,7737,350
39404,G,G,*,*,99,7737,351
39405,G,G,*,*,99,7742,352
39406,C,C,*,*,99,7742,353
39407,C,C,*,*,99,7742,354
39408,T,T,*,*,99,7742,355
39409,C,C,*,*,99,7742,356
39410,T,T,*,*,99,7742,357
39411,G,G,*,*,99,7742,358
39412,A,A,*,*,99,7742,359
39413,A,A,*,*,99,7742,360
39414,G,G,*,*,99,7742,361
39415,A,A,*,*,99,7742,362
39416,C,C,*,*,99,7742,363
39417,A,A,*,*,99,7742,364
39418,T,C,*,*,99,7742,365
39419,G,G,*,*,99,7742,366
39420,G,G,*,*,99,7742,367
39421,T,T,*,*,99,7742,368
39422,T,T,*,*,99,7742,369
39423,T,T,*,*,99,7742,370
39424,C,C,*,*,99,7742,371
39425,C,C,*,*,99,7742,372
39426,T,T,*,*,99,7742,373
39427,C,C,*,*,99,7742,374
39428,T,T,*,*,99,7742,375
39429,T,T,*,*,99,7742,376
39430,C,C,*,*,99,7742,377
39431,C,C,*,*,99,7742,378
39432,A,A,*,*,99,7742,379
39433,A,A,*,*,99,7742,380
39434,C,C,*,*,99,7742,381
39435,G,G,*,*,99,7742,382
39436,C,C,*,*,99,7742,383
39437,C,C,*,*,99,7742,384
39438,A,A,*,*,99,7742,385
39439,C,C,*,*,99,7742,386
39440,C,C,*,*,99,7742,387
39441,T,T,*,*,99,7742,388
39442,C,C,*,*,99,7742,389
39443,T,T,*,*,99,7742,390
39444,G,G,*,*,99,7742,391
39445,C,C,*,*,99,7742,392
39446,C,C,*,*,99,7742,393
39447,C,C,*,*,99,7742,394
39448,A,A,*,*,99,7742,395
39449,A,G,*,*,99,7742,396
39450,C,C,*,*,99,7742,397
39451,T,T,*,*,99,7742,398
39452,C,C,*,*,99,7742,399
39453,G,G,*,*,99,7742,400
39454,C,T,*,*,99,7742,401
39455,C,C,*,*,99,7742,402
39456,T,T,*,*,99,7742,403
39457,G,G,*,*,99,7742,404
39458,C,C,*,*,99,7753,405
39459,T,T,*,*,99,7753,406
39460,C,C,*,*,99,7753,407
39461,T,T,*,*,99,7753,408
39462,T,T,*,*,99,7753,409
39463,G,G,*,*,99,7753,410
39464,G,G,*,*,99,7753,411
39465,T,T,*,*,99,7753,412
39466,G,G,*,*,99,7753,413
39467,G,G,*,*,99,7753,414
39468,C,C,*,*,99,7753,415
39469,A,A,*,*,99,7753,416
39470,T,T,*,*,99,7753,417
39471,T,T,*,*,99,7753,418
39472,T,T,*,*,99,7753,419
39473,C,C,*,*,99,7753,420
39474,A,A,*,*,99,7753,421
39475,C,C,*,*,99,7753,422
39476,C,G,*,*,99,7753,423
39477,A,A,*,*,99,7753,424
39478,T,T,*,*,99,7753,425
39528,G,G,*,-,99,7758,426
39529,A,A,*,-,99,7758,427
39530,G,G,*,-,99,7758,428
39531,G,G,*,-,99,7758,429
39532,C,C,*,-,99,7758,430
39533,C,C,*,-,99,7758,431
39534,C,C,*,-,99,7758,432
39535,C,C,*,-,99,7758,433
39536,A,G,*,-,99,7758,434
39537,T,T,*,-,99,7758,435
39538,G,G,*,-,99,7758,436
39539,C,C,*,-,99,7758,437
39540,A,G,*,-,99,7758,438
39541,C,C,*,-,99,7758,439
39542,T,T,*,-,99,7758,440
39661,T,T,*,-,99,7765,441
39664,C,C,*,-,99,7765,442
39690,T,C,*,-,99,7769,443
39764,T,T,*,-,99,7771,444
39765,G,G,*,-,99,7771,445
39766,C,C,*,-,99,7771,446
39767,A,G,*,-,99,7771,447
39768,G,G,*,-,99,7771,448
39769,A,A,*,-,99,7771,449
39776,G,G,*,-,99,7771,450
39777,G,A,*,-,99,7771,451
39778,G,G,*,-,99,7771,452
39779,G,G,*,-,99,7771,453
39780,C,C,*,-,99,7771,454
39781,A,A,*,-,99,7771,455
39839,T,T,*,-,99,7772,456
39914,C,C,*,-,99,7772,457
39952,G,G,A,A,100,7773,457
40030,G,G,A,A,101,7773,457
40252,G,G,A,T,102,7779,457
40357,T,T,C,C,103,7782,457
40358,G,G,A,A,104,7782,457
40544,A,A,G,G,105,7806,457
40613,G,G,A,A,106,7834,457
40639,C,C,G,G,107,7870,457
40678,C,C,T,T,108,7894,457
40696,T,T,G,C,109,7903,457
40865,G,G,C,C,110,7944,457
40975,-,-,C,C,110,8039,457
40975,-,-,T,T,110,8040,457
40975,-,-,T,T,110,8045,457
40975,-,-,T,T,110,8046,457
41018,A,A,G,G,111,8050,457
41050,T,T,-,-,111,8050,458
41051,C,C,-,-,111,8053,459
41052,T,T,-,-,111,8053,460
41056,C,C,T,T,112,8053,460
41070,C,C,T,T,113,8090,460
41073,G,G,T,T,114,8090,460
41196,T,T,*,-,114,8098,461
41197,C,C,*,-,114,8098,462
41263,T,T,*,-,114,8110,463
41264,C,C,*,-,114,8110,464
41308,G,G,*,-,114,8110,465
41455,C,C,*,-,114,8141,466
41494,C,C,*,-,114,8141,467
41495,A,A,*,-,114,8141,468
41496,G,A,*,-,114,8141,469
41497,C,C,*,-,114,8141,470
41498,C,C,*,-,114,8141,471
41499,T,T,*,-,114,8141,472
41500,T,T,*,-,114,8141,473
41548,T,T,*,-,114,8166,474
41556,T,T,*,-,114,8168,475
41570,C,C,*,*,114,8168,476
41571,A,A,*,*,114,8169,477
41572,A,A,*,*,114,8169,478
41573,A,A,*,*,114,8169,479
41574,T,T,*,*,114,8169,480
41575,T,T,*,*,114,8169,481
41576,T,T,*,*,114,8169,482
41577,C,C,*,*,114,8169,483
41578,T,T,*,*,114,8169,484
41579,A,A,*,*,114,8170,485
41580,T,T,*,*,114,8170,486
41581,C,C,*,*,114,8170,487
41582,T,T,*,*,114,8170,488
41583,A,A,*,*,114,8170,489
41584,A,A,*,*,114,8170,490
41585,G,G,*,*,114,8170,491
41586,C,C,*,*,114,8170,492
41587,C,C,*,*,114,8170,493
41588,T,T,*,*,114,8176,494
41589,T,T,*,*,114,8176,495
41590,T,T,*,*,114,8176,496
41591,T,T,*,*,114,8176,497
41592,T,T,*,-,114,8183,498
41593,G,G,*,-,114,8183,499
41594,G,G,*,-,114,8183,500
41595,G,G,*,-,114,8183,501
41596,T,T,*,-,114,8183,502
41597,T,T,*,-,114,8183,503
41598,T,T,*,-,114,8183,504
41599,T,G,*,-,114,8183,505
41600,G,G,*,-,114,8183,506
41601,G,G,*,-,114,8183,507
41602,G,G,*,-,114,8183,508
41603,T,T,*,-,114,8183,509
41604,G,G,*,-,114,8183,510
41605,G,G,*,-,114,8183,511
41606,C,C,*,-,114,8183,512
41607,A,A,*,-,114,8183,513
41608,G,G,*,-,114,8183,514
41609,T,C,*,-,114,8183,515
41611,G,G,*,-,114,8183,516
41612,G,G,*,-,114,8183,517
41613,G,G,*,-,114,8183,518
41614,G,G,*,-,114,8183,519
41615,G,G,*,-,114,8183,520
41616,T,T,*,-,114,8183,521
41617,T,T,*,-,114,8183,522
41618,G,G,*,-,114,8183,523
41619,T,T,*,-,114,8183,524
41620,T,T,*,-,114,8183,525
41632,G,G,*,-,114,8183,526
41649,T,T,*,-,114,8187,527
41650,T,T,*,-,114,8187,528
41651,T,T,*,-,114,8187,529
41652,G,G,*,-,114,8187,530
41653,T,T,*,-,114,8187,531
41654,T,T,*,-,114,8187,532
41655,T,T,*,-,114,8188,533
41656,T,T,*,-,114,8188,534
41657,T,T,*,-,114,8188,535
41658,G,G,*,-,114,8188,536
41659,A,A,*,-,114,8188,537
41687,T,T,*,-,114,8191,538
41688,G,G,*,-,114,8191,539
41689,G,G,*,-,114,8191,540
41690,A,A,*,-,114,8197,541
41691,G,G,*,-,114,8197,542
41692,T,T,*,-,114,8197,543
41693,G,G,*,-,114,8197,544
41694,A,A,*,-,114,8198,545
41695,G,G,*,-,114,8198,546
41696,T,T,*,-,114,8198,547
41697,G,G,*,-,114,8216,548
41698,G,G,*,-,114,8216,549
41699,T,T,*,-,114,8216,550
41700,G,G,*,-,114,8224,551
41701,C,C,*,-,114,8224,552
41702,C,C,*,-,114,8224,553
41703,A,A,*,-,114,8234,554
41704,T,T,*,-,114,8234,555
41705,C,C,*,-,114,8234,556
41706,A,A,*,-,114,8234,557
41707,C,C,*,-,114,8234,558
41708,A,A,*,-,114,8234,559
41709,G,G,*,-,114,8234,560
41710,C,C,*,-,114,8236,561
41711,T,T,*,-,114,8236,562
41758,T,T,*,*,114,8290,563
41759,G,G,*,*,114,8290,564
41760,C,C,*,*,114,8290,565
41761,A,A,*,*,114,8290,566
41762,T,T,*,*,114,8290,567
41763,A,A,*,*,114,8290,568
41764,G,G,*,*,114,8290,569
41765,A,A,*,*,114,8290,570
41766,T,T,*,*,114,8290,571
41767,T,T,*,*,114,8290,572
41768,G,G,*,*,114,8290,573
41769,G,G,*,*,114,8290,574
41770,A,A,*,*,114,8290,575
41771,C,C,*,*,114,8290,576
41772,C,C,*,*,114,8290,577
41773,A,A,*,*,114,8290,578
41774,G,G,*,*,114,8290,579
41775,G,G,*,*,114,8290,580
41776,G,G,*,*,114,8290,581
41777,G,G,*,*,114,8290,582
41778,C,C,*,*,114,8324,583
41779,C,C,*,*,114,8324,584
41780,T,T,*,*,114,8324,585
41781,G,G,*,*,114,8324,586
41782,C,C,*,*,114,8324,587
41783,G,A,*,*,114,8324,588
41784,C,C,*,*,114,8324,589
41785,C,C,*,*,114,8324,590
41786,A,A,*,*,114,8324,591
41787,C,T,*,*,114,8324,592
41788,C,C,*,*,114,8324,593
41789,A,A,*,*,114,8324,594
41790,C,C,*,*,114,8324,595
41791,A,A,*,*,114,8324,596
41792,C,C,*,*,114,8324,597
41793,T,T,*,*,114,8324,598
41794,G,G,*,*,114,8324,599
41795,G,G,*,*,114,8324,600
41796,C,C,*,*,114,8324,601
41797,T,T,*,*,114,8324,602
41798,A,A,*,*,114,8324,603
41799,T,T,*,*,114,8324,604
41800,C,C,*,*,114,8324,605
41801,C,C,*,*,114,8324,606
41802,T,T,*,*,114,8324,607
41803,T,T,*,*,114,8324,608
41804,T,T,*,*,114,8324,609
41805,T,T,*,*,114,8324,610
41806,A,A,*,*,114,8324,611
41807,T,T,*,*,114,8324,612
41808,T,T,*,*,114,8324,613
41809,T,T,*,*,114,8324,614
41810,T,T,*,*,114,8324,615
41811,T,T,*,*,114,8324,616
41812,A,A,*,*,114,8324,617
41813,G,G,*,*,114,8324,618
41814,T,T,*,*,114,8324,619
41815,A,A,*,*,114,8324,620
41816,G,G,*,*,114,8324,621
41817,A,A,*,*,114,8324,622
41818,G,G,*,*,114,8324,623
41819,A,A,*,*,114,8324,624
41820,C,C,*,*,114,8324,625
41821,A,A,*,*,114,8324,626
41822,G,G,*,*,114,8324,627
41823,G,G,*,*,114,8324,628
41824,G,G,*,*,114,8324,629
41825,T,T,*,*,114,8324,630
41826,C,C,*,*,114,8324,631
41827,T,T,*,*,114,8324,632
41828,T,T,*,*,114,8369,633
41829,G,G,*,*,114,8369,634
41830,C,C,*,*,114,8369,635
41831,T,T,*,*,114,8369,636
41832,A,A,*,*,114,8369,637
41833,T,T,*,*,114,8369,638
41834,A,A,*,*,114,8369,639
41835,T,T,*,*,114,8369,640
41836,T,T,*,*,114,8369,641
41837,G,G,*,*,114,8369,642
41838,C,C,*,*,114,8369,643
41839,C,C,*,*,114,8369,644
41840,C,C,*,*,114,8369,645
41841,A,A,*,*,114,8369,646
41842,G,G,*,*,114,8369,647
41843,G,G,*,*,114,8369,648
41844,C,C,*,*,114,8369,649
41845,T,T,*,*,114,8369,650
41846,G,G,*,*,114,8369,651
41847,G,G,*,*,114,8369,652
41848,T,T,*,*,114,8369,653
41849,C,C,*,*,114,8369,654
41850,T,T,*,*,114,8369,655
41851,T,T,*,*,114,8369,656
41852,G,G,*,*,114,8404,657
41853,A,A,*,*,114,8404,658
41854,A,A,*,*,114,8404,659
41855,C,C,*,*,114,8404,660
41856,T,T,*,*,114,8404,661
41857,C,C,*,*,114,8404,662
41858,C,C,*,*,114,8404,663
41859,T,T,*,*,114,8404,664
41860,G,G,*,*,114,8404,665
41861,G,G,*,*,114,8404,666
41862,C,C,*,*,114,8404,667
41863,C,C,*,*,114,8404,668
41864,T,T,*,*,114,8404,669
41865,C,C,*,*,114,8404,670
41866,A,A,*,*,114,8404,671
41867,A,A,*,*,114,8404,672
41868,G,G,*,*,114,8404,673
41869,C,C,*,*,114,8404,674
41870,A,G,*,*,114,8404,675
41871,A,A,*,*,114,8404,676
41872,T,T,*,*,114,8404,677
41873,C,C,*,*,114,8404,678
41874,C,C,*,*,114,8404,679
41875,T,T,*,*,114,8404,680
41876,C,C,*,*,114,8404,681
41877,C,C,*,*,114,8404,682
41878,T,T,*,*,114,8404,683
41879,G,G,*,*,114,8404,684
41880,C,C,*,*,114,8404,685
41881,C,C,*,*,114,8404,686
41882,T,T,*,*,114,8404,687
41883,C,C,*,*,114,8404,688
41884,A,A,*,*,114,8404,689
41885,G,G,*,*,114,8404,690
41886,C,C,*,*,114,8404,691
41887,C,C,*,*,114,8404,692
41888,T,T,*,*,114,8404,693
41889,C,C,*,*,114,8404,694
41890,C,C,*,*,114,8404,695
41891,C,C,*,*,114,8404,696
41892,A,A,*,*,114,8404,697
41893,A,A,*,*,114,8404,698
41894,A,A,*,*,114,8404,699
41895,G,G,*,*,114,8404,700
41896,T,T,*,*,114,8404,701
41897,G,G,*,*,114,8411,702
41898,C,C,*,*,114,8411,703
41899,T,T,*,*,114,8411,704
41900,G,G,*,*,114,8411,705
41901,A,G,*,*,114,8411,706
41902,G,G,*,*,114,8411,707
41903,A,A,*,*,114,8411,708
41904,T,T,*,*,114,8415,709
41905,T,T,*,*,114,8415,710
41906,A,A,*,*,114,8415,711
41907,T,T,*,*,114,8415,712
41908,A,A,*,*,114,8415,713
41909,G,G,*,*,114,8421,714
41910,A,A,*,*,114,8421,715
41911,C,C,*,*,114,8421,716
41912,G,G,*,*,114,8421,717
41913,T,T,*,*,114,8421,718
41914,G,G,*,*,114,8421,719
41915,A,A,*,*,114,8421,720
41916,G,G,*,*,114,8421,721
41917,T,T,*,*,114,8421,722
41918,T,T,*,*,114,8421,723
41919,A,A,*,*,114,8421,724
41920,C,C,*,*,114,8421,725
41921,T,T,*,*,114,8421,726
41922,G,G,*,*,114,8421,727
41923,T,T,*,*,114,8421,728
41924,G,G,*,*,114,8421,729
41925,C,C,*,*,114,8421,730
41926,C,C,*,*,114,8421,731
41945,T,T,*,-,114,8421,732
42006,C,C,*,-,114,8429,733
42007,A,A,*,-,114,8429,734
42008,T,T,*,-,114,8429,735
42024,T,T,*,*,114,8429,736
42025,T,T,*,*,114,8429,737
42026,C,C,*,*,114,8429,738
42027,C,C,*,*,114,8429,739
42028,T,T,*,*,114,8429,740
42029,T,T,*,*,114,8429,741
42030,C,C,*,*,114,8429,742
42031,T,T,*,*,114,8437,743
42032,G,C,*,*,114,8437,744
42033,T,T,*,*,114,8437,745
42034,C,C,*,*,114,8437,746
42035,T,T,*,*,114,8437,747
42036,C,C,*,*,114,8437,748
42037,A,A,*,*,114,8437,749
42038,C,C,*,*,114,8437,750
42039,C,C,*,*,114,8437,751
42040,T,T,*,*,114,8437,752
42041,G,C,*,*,114,8437,753
42042,A,A,*,*,114,8437,754
42043,G,G,*,*,114,8437,755
42168,T,T,*,-,114,8449,756
42182,T,T,*,-,114,8450,757
42183,C,C,*,-,114,8453,758
42227,T,T,*,-,114,8453,759
42228,G,A,*,-,114,8453,760
42229,T,C,*,-,114,8453,761
42363,-,-,C,C,114,8475,761
42363,-,-,T,T,114,8476,761
42363,-,-,T,T,114,8477,761
42363,-,-,T,T,114,8478,761
42492,T,T,-,*,114,8490,762
42493,C,C,-,*,114,8490,763
42494,T,T,-,*,114,8490,764
42495,C,C,-,*,114,8490,765
42854,T,T,-,*,114,8551,766
42855,C,C,-,*,114,8551,767
42856,T,T,-,*,114,8551,768
42857,C,C,-,*,114,8551,769
43120,T,T,-,*,114,8563,770
43298,G,G,-,*,114,8575,771
43480,C,C,-,*,114,8582,772
43481,A,A,-,*,114,8582,773
43482,C,C,-,*,114,8582,774
43483,G,G,-,*,114,8582,775
43484,T,T,-,*,114,8582,776
43485,G,G,-,*,114,8582,777
43486,C,C,-,*,114,8582,778
43487,T,T,-,*,114,8582,779
43488,G,G,-,*,114,8582,780
43489,T,T,-,*,114,8582,781
43490,A,A,-,*,114,8582,782
43491,A,A,-,*,114,8582,783
43492,T,T,-,*,114,8582,784
43493,T,T,-,*,114,8582,785
43494,C,C,-,*,114,8582,786
43495,A,A,-,*,114,8582,787
43496,T,T,-,*,114,8582,788
43497,G,G,-,*,114,8582,789
43498,A,A,-,*,114,8582,790
43499,C,C,-,*,114,8582,791
43500,T,T,-,*,114,8582,792
43501,A,A,-,*,114,8582,793
43502,A,A,-,*,114,8582,794
43503,A,A,-,*,114,8582,795
43504,A,A,-,*,114,8582,796
43505,C,C,-,*,114,8582,797
43506,C,C,-,*,114,8582,798
43507,T,T,-,*,114,8582,799
43508,T,T,-,*,114,8582,800
43509,T,T,-,*,114,8582,801
43510,A,A,-,*,114,8582,802
43511,T,T,-,*,114,8582,803
43512,T,T,-,*,114,8582,804
43513,T,T,-,*,114,8582,805
43609,T,T,-,*,114,8593,806
44620,C,T,*,*,114,8674,807
44621,T,T,*,*,114,8674,808
44841,A,A,G,G,115,8716,808
44939,C,C,G,G,116,8745,808
45002,A,A,G,G,117,8746,808
45145,G,G,A,A,118,8752,808
45229,G,G,C,C,119,8752,808
45438,G,G,A,C,120,8759,808
45570,A,A,G,G,121,8759,808
45691,C,C,T,T,122,8759,808
45692,A,A,G,G,123,8759,808
45879,T,T,A,A,124,8774,808
45886,A,A,-,-,124,8774,809
45887,G,G,-,-,124,8774,810
46357,A,A,-,*,124,8776,811
46358,A,A,-,*,124,8776,812
46359,G,G,-,*,124,8776,813
46360,T,T,-,*,124,8776,814
46361,A,A,-,*,124,8776,815
