238,T,T,-,*,0,3,1
239,T,T,-,*,0,3,2
240,T,T,-,*,0,3,3
241,A,A,-,*,0,3,4
242,C,C,-,*,0,3,5
243,C,C,-,*,0,3,6
244,A,A,-,*,0,3,7
245,T,T,-,*,0,3,8
246,T,T,-,*,0,3,9
247,T,T,-,*,0,3,10
248,C,C,-,*,0,3,11
249,A,A,-,*,0,3,12
250,A,A,-,*,0,3,13
251,G,G,-,*,0,3,14
252,T,T,-,*,0,3,15
950,A,A,-,*,0,14,16
1023,T,T,-,*,0,19,17
1137,C,C,-,*,0,21,18
1138,A,A,-,*,0,21,19
1139,A,A,-,*,0,21,20
1140,A,A,-,*,0,21,21
1581,T,T,-,*,0,42,22
1868,T,T,G,C,1,68,22
1888,C,C,G,G,2,68,22
1900,G,G,A,A,3,68,22
1907,G,G,A,A,4,68,22
1920,T,T,C,C,5,68,22
1931,C,C,T,T,6,68,22
2090,T,T,-,-,6,237,23
2091,A,A,-,-,6,237,24
2092,T,T,-,-,6,237,25
2093,T,T,-,-,6,242,26
2094,T,T,-,-,6,242,27
2149,A,A,C,T,7,249,27
2183,T,T,C,C,8,249,27
2220,A,A,G,G,9,256,27
2853,G,G,A,A,10,265,27
3022,T,T,C,C,11,274,27
3059,-,-,C,C,11,280,27
3187,C,C,T,A,12,287,27
3312,T,T,C,A,13,293,27
3412,G,G,A,A,14,298,27
3477,A,A,G,G,15,299,27
3480,T,T,C,C,16,299,27
3481,G,G,A,A,17,299,27
3482,A,A,G,G,18,299,27
3518,-,-,G,A,18,300,27
3573,T,T,C,C,19,301,27
3600,A,A,G,G,20,302,27
3639,T,T,C,C,21,302,27
3663,C,C,G,A,22,302,27
3678,T,A,-,-,22,304,28
3793,T,T,-,-,22,372,29
3809,A,A,G,G,23,373,29
3932,T,T,*,-,23,405,30
3933,T,T,*,-,23,405,31
3934,T,T,*,-,23,405,32
3935,T,T,*,-,23,405,33
4860,G,G,A,A,24,535,33
5031,T,T,G,C,25,564,33
5073,C,C,T,T,26,575,33
5335,C,C,A,A,27,600,33
5831,-,-,T,T,27,784,33
5831,-,-,G,A,27,785,33
5831,-,-,T,G,27,786,33
5831,-,-,A,A,27,787,33
5974,G,G,*,*,27,851,34
5975,A,A,*,*,27,851,35
5976,A,A,*,*,27,851,36
5977,C,C,*,*,27,852,37
5978,T,T,*,*,27,852,38
5979,C,C,*,*,27,852,39
6000,C,T,-,*,27,852,40
6091,T,T,-,*,27,866,41
6131,A,A,*,*,27,868,42
6132,A,A,*,*,27,868,43
6133,T,T,*,*,27,868,44
6134,C,C,*,*,27,868,45
6136,A,A,*,*,27,868,46
6137,A,A,*,*,27,868,47
6138,A,A,*,*,27,868,48
6139,T,T,*,*,27,868,49
6140,A,A,*,*,27,868,50
6141,G,G,*,*,27,868,51
6142,C,C,*,*,27,868,52
6143,C,C,*,*,27,868,53
6144,C,C,*,*,27,868,54
6145,C,C,*,*,27,868,55
6146,A,A,*,*,27,868,56
6147,A,A,*,*,27,868,57
6148,A,A,*,*,27,868,58
6149,T,T,*,*,27,868,59
6150,T,T,*,*,27,868,60
6151,G,G,*,*,27,868,61
6152,G,G,*,*,27,868,62
6153,A,A,*,*,27,868,63
6154,G,G,*,*,27,868,64
6155,A,A,*,*,27,868,65
6156,C,C,*,*,27,868,66
6157,A,A,*,*,27,868,67
6158,A,T,*,*,27,868,68
6159,T,C,*,*,27,868,69
6160,C,C,*,*,27,868,70
6161,C,C,*,*,27,868,71
6162,A,A,*,*,27,868,72
6163,A,A,*,*,27,868,73
6164,A,A,*,*,27,868,74
6165,T,T,*,*,27,868,75
6166,A,A,*,*,27,868,76
6167,T,T,*,*,27,868,77
6168,C,C,*,*,27,868,78
6169,C,C,*,*,27,868,79
6170,A,A,*,*,27,868,80
6171,T,A,*,*,27,868,81
6172,C,C,*,*,27,868,82
6173,C,C,*,*,27,868,83
6174,A,A,*,*,27,868,84
6175,T,T,*,*,27,868,85
6176,T,T,*,*,27,868,86
6177,G,G,*,*,27,868,87
6178,A,A,*,*,27,868,88
6179,C,T,*,*,27,868,89
6180,G,G,*,*,27,868,90
6181,T,T,*,*,27,868,91
6182,T,T,*,*,27,868,92
6183,G,G,*,*,27,868,93
6184,G,G,*,*,27,868,94
6185,A,A,*,*,27,868,95
6186,T,T,*,*,27,868,96
6187,T,T,*,*,27,868,97
6188,T,T,*,*,27,868,98
6189,T,T,*,*,27,868,99
6190,T,T,*,*,27,868,100
6191,A,A,*,*,27,868,101
6192,A,A,*,*,27,868,102
6193,A,A,*,*,27,868,103
6194,A,A,*,*,27,868,104
6195,A,A,*,*,27,868,105
6196,G,G,*,*,27,868,106
6197,T,T,*,*,27,868,107
6198,G,G,*,*,27,868,108
6199,T,G,*,*,27,868,109
6200,C,C,*,*,27,868,110
6201,A,A,*,*,27,868,111
6202,T,T,*,*,27,868,112
6203,A,A,*,*,27,868,113
6204,T,T,*,*,27,868,114
6205,T,T,*,*,27,868,115
6206,T,T,*,*,27,868,116
6207,G,G,*,*,27,868,117
6208,T,T,*,*,27,868,118
6209,G,G,*,*,27,868,119
6210,C,C,*,*,27,868,120
6211,A,A,*,*,27,869,121
6212,A,A,*,*,27,869,122
6213,T,T,*,*,27,869,123
6214,G,G,*,*,27,869,124
6215,G,G,*,*,27,869,125
6216,A,A,*,*,27,869,126
6217,A,A,*,*,27,869,127
6218,T,T,*,*,27,869,128
6219,A,A,*,*,27,869,129
6220,T,T,*,*,27,869,130
6221,T,T,*,*,27,869,131
6222,A,C,*,*,27,869,132
6223,T,T,*,*,27,869,133
6224,A,A,*,*,27,869,134
6225,C,C,*,*,27,869,135
6226,A,G,*,*,27,869,136
6227,G,G,*,*,27,869,137
6228,C,C,*,*,27,869,138
6229,T,T,*,*,27,869,139
6230,A,A,*,*,27,869,140
6231,T,T,*,*,27,869,141
6232,A,A,*,*,27,869,142
6233,A,A,*,*,27,869,143
6234,G,G,*,*,27,869,144
6235,G,G,*,*,27,869,145
6236,A,A,*,*,27,869,146
6237,C,C,*,*,27,869,147
6238,T,T,*,*,27,869,148
6239,A,A,*,*,27,869,149
6240,A,A,*,*,27,869,150
6241,A,A,*,*,27,869,151
6242,C,C,*,*,27,869,152
6243,T,T,*,*,27,869,153
6244,G,G,*,*,27,869,154
6245,G,G,*,*,27,869,155
6246,C,C,*,*,27,869,156
6247,T,T,*,*,27,869,157
6248,G,G,*,*,27,869,158
6249,G,G,*,*,27,869,159
6250,G,G,*,*,27,869,160
6251,T,T,*,*,27,869,161
6252,G,T,*,*,27,869,162
6253,C,T,*,*,27,869,163
6254,G,G,*,*,27,869,164
6255,G,G,*,*,27,869,165
6256,T,T,*,*,27,869,166
6257,G,G,*,*,27,869,167
6258,A,A,*,*,27,869,168
6259,C,C,*,*,27,869,169
6260,T,T,*,*,27,869,170
6261,C,C,*,*,27,869,171
6262,A,A,*,*,27,869,172
6263,C,C,*,*,27,870,173
6264,T,T,*,*,27,870,174
6265,C,C,*,*,27,870,175
6266,C,C,*,*,27,870,176
6267,T,T,*,*,27,870,177
6268,G,G,*,*,27,870,178
6269,T,T,*,*,27,870,179
6270,A,A,*,*,27,870,180
6271,A,A,*,*,27,870,181
6272,T,T,*,*,27,870,182
6273,C,C,*,*,27,870,183
6274,C,C,*,*,27,870,184
6275,C,C,*,*,27,870,185
6276,A,A,*,*,27,870,186
6277,G,G,*,*,27,870,187
6278,C,C,*,*,27,870,188
6279,A,A,*,*,27,870,189
6280,C,C,*,*,27,870,190
6281,T,T,*,*,27,870,191
6282,T,T,*,*,27,870,192
6283,T,T,*,*,27,870,193
6284,G,G,*,*,27,870,194
6285,G,G,*,*,27,870,195
6286,A,G,*,*,27,870,196
6287,A,A,*,*,27,870,197
6288,G,G,*,*,27,870,198
6289,G,G,*,*,27,870,199
6290,C,C,*,*,27,870,200
6291,T,T,*,*,27,870,201
6292,G,G,*,*,27,870,202
6293,A,A,*,*,27,870,203
6294,G,G,*,*,27,870,204
6295,G,A,*,*,27,870,205
6308,T,T,*,*,27,870,206
6309,T,T,*,*,27,870,207
6310,G,G,*,*,27,870,208
6311,A,A,*,*,27,870,209
6312,G,G,*,*,27,870,210
6313,C,C,*,*,27,870,211
6314,C,C,*,*,27,870,212
6315,C,C,*,*,27,870,213
6316,A,A,*,*,27,870,214
6317,G,G,*,*,27,870,215
6318,G,G,*,*,27,870,216
6319,A,A,*,*,27,870,217
6320,G,G,*,*,27,870,218
6321,T,T,*,*,27,870,219
6322,T,T,*,*,27,870,220
6323,C,C,*,*,27,870,221
6324,A,A,*,*,27,870,222
6325,A,A,*,*,27,870,223
6326,G,G,*,*,27,870,224
6327,A,A,*,*,27,870,225
6328,C,C,*,*,27,870,226
6329,C,C,*,*,27,870,227
6330,A,A,*,*,27,870,228
6331,G,G,*,*,27,870,229
6332,C,C,*,*,27,870,230
6333,C,C,*,*,27,870,231
6334,T,T,*,*,27,870,232
6335,C,C,*,*,27,870,233
6336,C,C,*,*,27,870,234
6337,G,G,*,*,27,870,235
6338,T,T,*,*,27,870,236
6339,A,A,*,*,27,870,237
6340,A,A,*,*,27,870,238
6341,C,C,*,*,27,870,239
6342,G,A,*,*,27,870,240
6343,T,T,*,*,27,870,241
6344,G,G,*,*,27,870,242
6345,G,G,*,*,27,870,243
6346,C,C,*,*,27,870,244
6347,A,A,*,*,27,870,245
6348,A,A,*,*,27,870,246
6349,A,A,*,*,27,870,247
6350,A,A,*,*,27,870,248
6351,C,C,*,*,27,870,249
6352,C,C,*,*,27,870,250
6353,C,C,*,*,27,870,251
6354,C,C,*,*,27,870,252
6355,A,A,*,*,27,870,253
6356,T,T,*,*,27,870,254
6357,C,C,*,*,27,870,255
6358,T,T,*,*,27,870,256
6359,C,C,*,*,27,870,257
6360,T,T,*,*,27,870,258
6361,G,A,*,*,27,870,259
6362,C,C,*,*,27,870,260
6363,A,A,*,*,27,870,261
6364,A,A,*,*,27,870,262
6365,A,A,*,*,27,870,263
6366,A,A,*,*,27,870,264
6367,A,A,*,*,27,870,265
6368,A,A,*,*,27,870,266
6369,T,T,*,*,27,870,267
6370,A,A,*,*,27,870,268
6371,C,C,*,*,27,870,269
6372,A,A,*,*,27,870,270
6373,A,A,*,*,27,870,271
6374,A,A,*,*,27,870,272
6375,A,A,*,*,27,870,273
6376,A,A,*,*,27,870,274
6377,T,T,*,*,27,870,275
6378,T,T,*,*,27,870,276
6379,A,A,*,*,27,870,277
6380,G,G,*,*,27,870,278
6381,C,C,*,*,27,870,279
6382,T,T,*,*,27,870,280
6383,A,A,*,*,27,870,281
6384,G,G,*,*,27,870,282
6385,G,G,*,*,27,870,283
6386,T,T,*,*,27,870,284
6387,G,G,*,*,27,870,285
6388,T,T,*,*,27,870,286
6389,G,G,*,*,27,870,287
6390,G,G,*,*,27,870,288
6391,A,T,*,*,27,870,289
6393,G,G,*,*,27,870,290
6394,C,C,*,*,27,870,291
6395,A,G,*,*,27,870,292
6396,C,C,*,*,27,870,293
6397,A,A,*,*,27,870,294
6398,T,T,*,*,27,870,295
6399,G,G,*,*,27,870,296
6400,C,C,*,*,27,870,297
6401,C,C,*,*,27,870,298
6402,T,T,*,*,27,870,299
6403,G,G,*,*,27,870,300
6404,T,T,*,*,27,870,301
6405,A,A,*,*,27,870,302
6406,A,A,*,*,27,870,303
6407,T,T,*,*,27,870,304
6408,T,T,*,*,27,872,305
6409,T,C,*,*,27,872,306
6410,C,C,*,*,27,872,307
6411,C,C,*,*,27,872,308
6412,A,G,*,*,27,872,309
6413,G,G,*,*,27,872,310
6414,C,C,*,*,27,872,311
6415,T,T,*,*,27,872,312
6416,A,A,*,*,27,872,313
6417,C,C,*,*,27,872,314
6418,T,T,*,*,27,872,315
6419,C,C,*,*,27,872,316
6420,A,A,*,*,27,872,317
6421,G,G,*,*,27,872,318
6422,G,G,*,*,27,872,319
6423,A,A,*,*,27,872,320
6424,G,G,*,*,27,872,321
6425,G,G,*,*,27,872,322
6426,C,C,*,*,27,872,323
6427,C,C,*,*,27,872,324
6428,G,G,*,*,27,872,325
6429,A,A,*,*,27,872,326
6430,G,G,*,*,27,872,327
6431,A,A,*,*,27,872,328
6432,G,G,*,*,27,872,329
6433,G,G,*,*,27,872,330
6434,C,C,*,*,27,872,331
6435,A,A,*,*,27,872,332
6436,G,G,*,*,27,872,333
6437,G,G,*,*,27,872,334
6438,A,A,*,*,27,872,335
6439,G,G,*,*,27,872,336
6440,A,A,*,*,27,872,337
6441,A,A,*,*,27,872,338
6442,T,T,*,*,27,872,339
6443,T,C,*,*,27,872,340
6444,G,G,*,*,27,910,341
6445,C,C,*,*,27,910,342
6446,T,T,*,*,27,910,343
6447,T,T,*,*,27,910,344
6448,A,G,*,*,27,910,345
6449,A,A,*,*,27,910,346
6450,G,G,*,*,27,910,347
6451,C,C,*,*,27,910,348
6452,C,C,*,*,27,910,349
6453,C,C,*,*,27,910,350
6454,A,A,*,*,27,910,351
6455,G,G,*,*,27,910,352
6456,G,G,*,*,27,910,353
6457,A,A,*,*,27,910,354
6458,G,G,*,*,27,910,355
6459,G,G,*,*,27,910,356
6460,C,C,*,*,27,910,357
6461,G,G,*,*,27,910,358
6462,G,G,*,*,27,910,359
6463,A,A,*,*,27,910,360
6464,G,G,*,*,27,910,361
6465,G,G,*,*,27,910,362
6466,T,T,*,*,27,910,363
6467,T,T,*,*,27,910,364
6468,G,G,*,*,27,910,365
6469,T,T,*,*,27,910,366
6470,G,G,*,*,27,910,367
6471,G,G,*,*,27,910,368
6472,T,T,*,*,27,910,369
6473,G,G,*,*,27,910,370
6474,A,A,*,*,27,910,371
6475,G,G,*,*,27,910,372
6476,C,C,*,*,27,910,373
6477,T,T,*,*,27,910,374
6478,G,G,*,*,27,910,375
6479,A,A,*,*,27,910,376
6480,G,G,*,*,27,910,377
6481,A,A,*,*,27,910,378
6482,T,T,*,*,27,910,379
6483,A,A,*,*,27,910,380
6484,G,G,*,*,27,910,381
6485,C,C,*,*,27,910,382
6486,A,A,*,*,27,910,383
6487,C,C,*,*,27,910,384
6488,C,C,*,*,27,910,385
6489,A,A,*,*,27,910,386
6490,T,T,*,*,27,910,387
6491,T,T,*,*,27,910,388
6492,G,G,*,*,27,910,389
6493,C,C,*,*,27,910,390
6494,A,A,*,*,27,910,391
6495,C,C,*,*,27,910,392
6496,T,T,*,*,27,910,393
6497,T,T,*,*,27,910,394
6498,C,C,*,*,27,910,395
6499,A,A,*,*,27,910,396
6500,G,G,*,*,27,910,397
6501,C,C,*,*,27,910,398
6502,C,C,*,*,27,910,399
6503,T,T,*,*,27,910,400
6504,G,G,*,*,27,910,401
6505,G,G,*,*,27,910,402
6506,G,G,*,*,27,910,403
6507,T,T,*,*,27,910,404
6508,G,G,*,*,27,910,405
6509,A,A,*,*,27,910,406
6510,C,C,*,*,27,910,407
6511,A,A,*,*,27,910,408
6512,G,G,*,*,27,910,409
6513,A,A,*,*,27,910,410
6514,G,G,*,*,27,910,411
6515,T,T,*,*,27,910,412
6516,G,G,*,*,27,910,413
6517,A,A,*,*,27,910,414
6518,G,G,*,*,27,910,415
6519,A,A,*,*,27,910,416
6520,C,C,*,*,27,910,417
6521,C,C,*,*,27,910,418
6522,C,C,*,*,27,910,419
6523,T,T,*,*,27,910,420
6524,G,G,*,*,27,910,421
6525,T,T,*,*,27,910,422
6526,C,C,*,*,27,910,423
6527,T,T,*,*,27,910,424
6528,C,T,*,*,27,910,425
6537,A,G,*,*,27,910,426
6538,A,G,*,*,27,910,427
6539,A,A,*,*,27,910,428
6540,A,A,*,*,27,910,429
6541,A,A,*,*,27,910,430
6542,A,A,*,*,27,910,431
6543,A,A,*,*,27,910,432
6544,A,A,*,*,27,910,433
6545,A,A,*,*,27,910,434
6546,A,A,*,*,27,911,435
6547,A,A,*,*,27,911,436
6548,A,A,*,*,27,911,437
6549,A,A,*,*,27,911,438
6550,A,A,*,*,27,911,439
6551,A,A,*,*,27,911,440
6552,A,A,*,*,27,911,441
6553,A,A,*,*,27,911,442
6554,A,A,*,*,27,911,443
6555,G,G,*,*,27,911,444
6556,G,G,*,*,27,911,445
6557,A,A,*,*,27,911,446
6558,A,A,*,*,27,911,447
6559,T,T,*,*,27,911,448
6560,A,A,*,*,27,911,449
6561,A,A,*,*,27,911,450
6562,A,A,*,*,27,911,451
6563,C,C,*,*,27,911,452
6564,T,T,*,*,27,911,453
6565,A,G,*,*,27,911,454
6566,T,T,*,*,27,911,455
6567,T,T,*,*,27,911,456
6568,G,G,*,*,27,911,457
6569,A,A,*,*,27,911,458
6570,C,C,*,*,27,911,459
6571,A,A,*,*,27,911,460
6572,T,T,*,*,27,911,461
6573,A,A,*,*,27,911,462
6574,T,T,*,*,27,911,463
6575,A,A,*,*,27,911,464
6576,T,T,*,*,27,911,465
6577,T,T,*,*,27,911,466
6578,A,A,*,*,27,911,467
6579,T,T,*,*,27,911,468
6580,G,G,*,*,27,911,469
6581,A,A,*,*,27,911,470
6582,C,C,*,*,27,911,471
6583,A,A,*,*,27,911,472
6584,T,T,*,*,27,911,473
6585,G,G,*,*,27,911,474
6586,G,G,*,*,27,911,475
6587,A,A,*,*,27,911,476
6588,T,T,*,*,27,911,477
6589,G,G,*,*,27,911,478
6590,A,A,*,*,27,911,479
6591,A,A,*,*,27,911,480
6592,T,T,*,*,27,911,481
6593,C,C,*,*,27,911,482
6594,T,T,*,*,27,911,483
6595,T,T,*,*,27,911,484
6596,G,G,*,*,27,911,485
6597,A,A,*,*,27,911,486
6598,A,A,*,*,27,911,487
6599,A,A,*,*,27,911,488
6600,A,A,*,*,27,911,489
6601,C,C,*,*,27,911,490
6602,A,A,*,*,27,914,491
6603,T,T,*,*,27,914,492
6604,A,A,*,*,27,914,493
6605,C,C,*,*,27,914,494
6606,T,T,*,*,27,914,495
6607,A,A,*,*,27,914,496
6608,A,A,*,*,27,914,497
6609,G,G,*,*,27,914,498
6610,T,T,*,*,27,914,499
6611,G,G,*,*,27,914,500
6612,A,A,*,*,27,914,501
6613,A,A,*,*,27,914,502
6614,A,A,*,*,27,914,503
6615,G,G,*,*,27,914,504
6616,A,A,*,*,27,914,505
6617,A,A,*,*,27,914,506
6618,G,G,*,*,27,914,507
6619,A,A,*,*,27,914,508
6620,C,C,*,*,27,914,509
6621,T,T,*,*,27,914,510
6622,C,C,*,*,27,914,511
6623,G,A,*,*,27,921,512
6624,G,G,*,*,27,921,513
6625,A,A,*,*,27,921,514
6626,C,C,*,*,27,921,515
6627,C,C,*,*,27,921,516
6628,A,A,*,*,27,921,517
6629,C,C,*,*,27,921,518
6630,A,A,*,*,27,921,519
6631,G,G,*,*,27,922,520
6632,A,A,*,*,27,922,521
6633,G,G,*,*,27,922,522
6634,T,T,*,*,27,922,523
6635,A,A,*,*,27,922,524
6636,T,T,*,*,27,922,525
6637,A,A,*,*,27,922,526
6638,T,T,*,*,27,922,527
6639,G,G,*,*,27,922,528
6640,A,A,*,*,27,922,529
6641,T,T,*,*,27,922,530
6642,T,T,*,*,27,922,531
6643,G,C,*,*,27,922,532
6644,T,T,*,*,27,922,533
6645,A,A,*,*,27,922,534
6646,T,T,*,*,27,922,535
6647,G,G,*,*,27,922,536
6648,T,T,*,*,27,922,537
6649,A,A,*,*,27,922,538
6650,T,T,*,*,27,922,539
6651,T,T,*,*,27,922,540
6652,T,T,*,*,27,922,541
6653,G,G,*,*,27,922,542
6654,A,A,*,*,27,922,543
6655,A,A,*,*,27,922,544
6656,A,A,*,*,27,922,545
6657,T,T,*,*,27,922,546
6658,G,G,*,*,27,922,547
6659,T,T,*,*,27,922,548
6660,C,C,*,*,27,922,549
6661,C,C,*,*,27,922,550
6662,A,A,*,*,27,922,551
6663,T,C,*,*,27,922,552
6664,A,A,*,*,27,922,553
6665,G,G,*,*,27,922,554
6666,C,C,*,*,27,922,555
6667,A,A,*,*,27,922,556
6668,G,G,*,*,27,922,557
6669,G,G,*,*,27,922,558
6670,C,C,*,*,27,922,559
6671,A,A,*,*,27,922,560
6672,A,A,*,*,27,922,561
6673,A,A,*,*,27,922,562
6674,T,T,*,*,27,922,563
6675,G,G,*,*,27,922,564
6676,C,C,*,*,27,922,565
6677,A,A,*,*,27,926,566
6678,G,G,*,*,27,926,567
6679,A,A,*,*,27,926,568
6680,C,C,*,*,27,926,569
6681,A,A,*,*,27,926,570
6682,G,G,*,*,27,926,571
6683,A,A,*,*,27,926,572
6684,A,A,*,*,27,926,573
6685,A,A,*,*,27,926,574
6686,A,G,*,*,27,926,575
6687,C,C,*,*,27,926,576
6688,A,A,*,*,27,927,577
6689,G,G,*,*,27,927,578
6690,T,G,*,*,27,927,579
6691,T,T,*,*,27,927,580
6692,T,T,*,*,27,927,581
6693,A,A,*,*,27,927,582
6694,G,G,*,*,27,927,583
6695,G,G,*,*,27,928,584
6698,A,A,*,*,27,928,585
6699,T,T,*,*,27,928,586
6700,T,T,*,*,27,928,587
6701,A,A,*,*,27,928,588
6702,C,C,*,*,27,928,589
6703,C,C,*,*,27,928,590
6704,A,A,*,*,27,928,591
6705,G,G,*,*,27,928,592
6706,G,G,*,*,27,928,593
6707,A,A,*,*,27,928,594
6708,G,G,*,*,27,928,595
6709,C,C,*,*,27,928,596
6710,T,T,*,*,27,928,597
6711,G,G,*,*,27,928,598
6712,G,G,*,*,27,928,599
6713,G,G,*,*,27,928,600
6714,G,G,*,*,27,928,601
6715,A,A,*,*,27,928,602
6716,A,A,*,*,27,928,603
6717,G,G,*,*,27,928,604
6718,A,A,*,*,27,928,605
6719,G,G,*,*,27,928,606
6720,A,A,*,*,27,928,607
6721,A,A,*,*,27,928,608
6722,G,G,*,*,27,942,609
6723,G,G,*,*,27,942,610
6724,G,G,*,*,27,942,611
6725,C,C,*,*,27,942,612
6726,A,A,*,*,27,942,613
6727,T,T,*,*,27,942,614
6728,G,G,*,*,27,942,615
6729,A,A,*,*,27,942,616
6730,G,G,*,*,27,942,617
6731,G,G,*,*,27,942,618
6732,A,A,*,*,27,942,619
6733,A,A,*,*,27,942,620
6734,T,T,*,*,27,942,621
6735,G,G,*,*,27,942,622
6736,A,A,*,*,27,942,623
6737,C,C,*,*,27,942,624
6738,T,T,*,*,27,942,625
6739,A,A,*,*,27,942,626
6740,C,C,*,*,27,942,627
6741,T,T,*,*,27,942,628
6742,A,A,*,*,27,942,629
6743,A,A,*,*,27,942,630
6744,G,G,*,*,27,942,631
6745,T,T,*,*,27,942,632
6746,G,G,*,*,27,942,633
6747,G,G,*,*,27,942,634
6748,T,T,*,*,27,942,635
6749,A,A,*,*,27,942,636
6750,T,T,*,*,27,942,637
6751,G,G,*,*,27,942,638
6752,G,G,*,*,27,942,639
6753,G,G,*,*,27,942,640
6754,G,G,*,*,27,942,641
6755,T,C,*,*,27,947,642
6756,T,T,*,*,27,947,643
6757,T,T,*,*,27,947,644
6758,C,C,*,*,27,947,645
6760,T,T,*,*,27,947,646
6761,T,T,*,*,27,947,647
6762,T,T,*,*,27,947,648
6763,C,C,*,*,27,947,649
6764,T,T,*,*,27,947,650
6765,T,T,*,*,27,947,651
6766,T,T,*,*,27,947,652
6767,C,T,*,*,27,947,653
6768,T,C,*,*,27,947,654
6769,G,G,*,*,27,947,655
6770,G,G,*,*,27,947,656
6771,G,G,*,*,27,947,657
6772,G,G,*,*,27,947,658
6773,T,T,*,*,27,947,659
6774,G,G,*,*,27,947,660
6775,A,A,*,*,27,947,661
6776,T,T,*,*,27,947,662
6777,G,G,*,*,27,947,663
6778,A,A,*,*,27,947,664
6779,C,C,*,*,27,947,665
6780,A,A,*,*,27,947,666
6781,A,A,*,*,27,947,667
6782,T,T,*,*,27,947,668
6783,G,G,*,*,27,947,669
6784,T,T,*,*,27,947,670
6785,T,T,*,*,27,947,671
6786,C,C,*,*,27,947,672
6787,T,T,*,*,27,947,673
6788,A,A,*,*,27,947,674
6789,A,A,*,*,27,947,675
6790,A,A,*,*,27,947,676
6791,A,A,*,*,27,947,677
6792,T,T,*,*,27,947,678
6793,T,A,*,*,27,947,679
6794,A,A,*,*,27,947,680
6795,A,A,*,*,27,947,681
6796,A,A,*,*,27,947,682
6797,T,T,*,*,27,947,683
6798,G,G,*,*,27,947,684
6799,G,G,*,*,27,947,685
6800,T,T,*,*,27,947,686
6801,C,C,*,*,27,947,687
6802,G,G,*,*,27,947,688
6803,C,C,*,*,27,947,689
6804,A,A,*,*,27,947,690
6805,G,G,*,*,27,947,691
6806,A,A,*,*,27,947,692
6807,A,A,*,*,27,947,693
6808,C,C,*,*,27,947,694
6809,T,T,*,*,27,947,695
6810,T,T,*,*,27,947,696
6811,G,G,*,*,27,947,697
6812,G,G,*,*,27,947,698
6813,A,A,*,*,27,947,699
6814,G,G,*,*,27,947,700
6816,T,T,*,*,27,947,701
6817,G,G,*,*,27,947,702
6818,A,A,*,*,27,947,703
6819,C,C,*,*,27,947,704
6820,T,T,*,*,27,947,705
6821,A,A,*,*,27,947,706
6822,A,A,*,*,27,947,707
6823,A,A,*,*,27,947,708
6824,A,A,*,*,27,948,709
6825,C,C,*,*,27,948,710
6826,C,C,*,*,27,948,711
6827,A,A,*,*,27,948,712
6828,C,C,*,*,27,948,713
6829,C,C,*,*,27,948,714
6830,A,A,*,*,27,948,715
6831,A,A,*,*,27,948,716
6832,A,A,*,*,27,948,717
6833,T,T,*,*,27,948,718
6834,A,A,*,*,27,948,719
6835,G,G,*,*,27,948,720
6836,T,T,*,*,27,948,721
6837,A,A,*,*,27,948,722
6838,T,T,*,*,27,948,723
6839,A,A,*,*,27,948,724
6840,C,C,*,*,27,948,725
6842,T,T,*,*,27,948,726
6843,T,T,*,*,27,948,727
6844,A,A,*,*,27,948,728
6845,A,A,*,*,27,948,729
6846,T,A,*,*,27,948,730
6847,A,T,*,*,27,948,731
6848,G,G,*,*,27,948,732
6849,A,A,*,*,27,948,733
6850,G,G,*,*,27,948,734
6851,C,C,*,*,27,948,735
6852,A,A,*,*,27,948,736
6853,A,A,*,*,27,955,737
6854,A,A,*,*,27,955,738
6855,T,T,*,*,27,955,739
6856,C,T,*,*,27,955,740
6857,G,G,*,*,27,955,741
6858,T,T,*,*,27,955,742
6859,A,A,*,*,27,955,743
6860,T,T,*,*,27,955,744
6861,A,A,*,*,27,955,745
6862,G,G,*,*,27,955,746
6863,T,T,*,*,27,955,747
6864,A,A,*,*,27,955,748
6865,T,T,*,*,27,955,749
6866,G,G,*,*,27,955,750
6867,T,T,*,*,27,955,751
6868,G,G,*,*,27,955,752
6869,A,A,*,*,27,955,753
6870,G,G,*,*,27,955,754
6871,T,T,*,*,27,955,755
6872,T,T,*,*,27,955,756
6873,A,A,*,*,27,955,757
6874,T,T,*,*,27,955,758
6875,G,G,*,*,27,955,759
6876,T,T,*,*,27,955,760
6877,C,C,*,*,27,955,761
6885,T,T,*,*,27,970,762
6886,T,T,*,*,27,970,763
6887,T,T,*,*,27,970,764
6888,T,T,*,*,27,970,765
6889,T,T,*,*,27,970,766
6890,T,T,*,*,27,970,767
6891,T,T,*,*,27,970,768
6892,T,T,*,*,27,970,769
6893,T,T,*,*,27,970,770
6894,T,T,*,*,27,970,771
6895,T,T,*,*,27,970,772
6896,T,T,*,*,27,970,773
6897,G,G,*,*,27,970,774
6898,A,A,*,*,27,970,775
6899,G,G,*,*,27,970,776
6900,A,A,*,*,27,970,777
6901,T,T,*,*,27,970,778
6903,A,A,*,*,27,970,779
6904,A,A,*,*,27,970,780
6905,G,G,*,*,27,970,781
6906,T,T,*,*,27,970,782
6907,C,C,*,*,27,970,783
6908,T,T,*,*,27,970,784
6909,T,T,*,*,27,970,785
6910,G,G,*,*,27,970,786
6911,C,C,*,*,27,970,787
6913,C,C,*,*,27,970,788
6914,T,T,*,*,27,970,789
6915,T,T,*,*,27,970,790
6916,G,G,*,*,27,970,791
6917,T,T,*,*,27,970,792
6918,C,C,*,*,27,970,793
6919,C,C,*,*,27,970,794
6920,C,C,*,*,27,970,795
6921,C,C,*,*,27,970,796
6922,A,A,*,*,27,970,797
6923,A,A,*,*,27,970,798
6924,G,G,*,*,27,970,799
6925,G,G,*,*,27,970,800
6926,C,C,*,*,27,970,801
6927,T,T,*,*,27,970,802
6928,G,G,*,*,27,970,803
6929,G,G,*,*,27,970,804
6930,A,A,*,*,27,970,805
6931,G,G,*,*,27,970,806
6932,T,T,*,*,27,970,807
6933,G,G,*,*,27,970,808
6934,T,C,*,*,27,970,809
6935,G,A,*,*,27,970,810
6936,G,A,*,*,27,970,811
6937,T,T,*,*,27,970,812
6938,G,G,*,*,27,970,813
6939,G,G,*,*,27,970,814
6940,C,C,*,*,27,970,815
6941,G,G,*,*,27,970,816
6942,C,C,*,*,27,970,817
6943,G,G,*,*,27,970,818
6944,A,A,*,*,27,970,819
6945,T,T,*,*,27,970,820
6946,C,C,*,*,27,970,821
6947,T,T,*,*,27,970,822
6948,C,C,*,*,27,970,823
6949,A,A,*,*,27,970,824
6950,G,G,*,*,27,970,825
6951,C,C,*,*,27,970,826
6952,T,T,*,*,27,970,827
6953,C,C,*,*,27,970,828
6954,A,A,*,*,27,970,829
6955,C,C,*,*,27,970,830
6956,T,T,*,*,27,970,831
6957,G,G,*,*,27,970,832
6958,C,C,*,*,27,970,833
6959,A,A,*,*,27,970,834
6960,A,A,*,*,27,970,835
6961,C,T,*,*,27,970,836
6962,C,C,*,*,27,970,837
6963,T,T,*,*,27,970,838
6964,C,C,*,*,27,970,839
6965,T,T,*,*,27,970,840
6966,G,G,*,*,27,970,841
6967,C,C,*,*,27,970,842
6968,C,C,*,*,27,970,843
6969,T,T,*,*,27,970,844
6970,T,C,*,*,27,970,845
6971,C,C,*,*,27,970,846
6972,C,C,*,*,27,970,847
6973,A,G,*,*,27,970,848
6974,G,G,*,*,27,970,849
6975,G,G,*,*,27,970,850
6976,T,T,*,*,27,970,851
6977,T,T,*,*,27,970,852
6978,C,C,*,*,27,970,853
6979,A,A,*,*,27,970,854
6980,A,A,*,*,27,970,855
6981,G,G,*,*,27,970,856
6982,T,T,*,*,27,970,857
6983,T,G,*,*,27,970,858
6984,A,A,*,*,27,970,859
6985,T,T,*,*,27,970,860
6986,T,T,*,*,27,970,861
6987,C,C,*,*,27,970,862
6988,T,T,*,*,27,970,863
6989,C,C,*,*,27,970,864
6990,C,C,*,*,27,970,865
6991,T,C,*,*,27,970,866
6992,G,G,*,*,27,970,867
6993,C,C,*,*,27,970,868
6994,C,C,*,*,27,970,869
6995,T,T,*,*,27,970,870
6996,C,C,*,*,27,970,871
6997,A,A,*,*,27,970,872
6998,G,G,*,*,27,970,873
6999,C,C,*,*,27,970,874
7000,C,T,*,*,27,970,875
7001,T,T,*,*,27,970,876
7002,C,C,*,*,27,970,877
7003,C,C,*,*,27,970,878
7004,C,C,*,*,27,970,879
7005,G,G,*,*,27,970,880
7006,A,A,*,*,27,970,881
7007,G,G,*,*,27,970,882
7008,T,T,*,*,27,970,883
7009,A,A,*,*,27,970,884
7010,G,G,*,*,27,970,885
7011,C,C,*,*,27,970,886
7012,T,T,*,*,27,970,887
7013,G,G,*,*,27,970,888
7014,G,G,*,*,27,970,889
7015,G,G,*,*,27,970,890
7016,A,A,*,*,27,970,891
7017,T,T,*,*,27,970,892
7018,T,T,*,*,27,970,893
7019,A,A,*,*,27,970,894
7020,C,C,*,*,27,970,895
7021,A,A,*,*,27,970,896
7022,G,G,*,*,27,970,897
7023,G,G,*,*,27,970,898
7024,T,C,*,*,27,970,899
7025,A,A,*,*,27,970,900
7026,T,T,*,*,27,970,901
7027,G,G,*,*,27,970,902
7028,C,C,*,*,27,970,903
7029,A,G,*,*,27,970,904
7030,C,C,*,*,27,970,905
7031,C,C,*,*,27,970,906
7032,A,A,*,*,27,970,907
7033,C,C,*,*,27,970,908
7034,C,C,*,*,27,970,909
7035,A,A,*,*,27,970,910
7036,T,T,*,*,27,970,911
7037,G,G,*,*,27,970,912
7038,C,C,*,*,27,970,913
7039,C,C,*,*,27,970,914
7040,C,C,*,*,27,970,915
7041,A,A,*,*,27,970,916
7042,C,G,*,*,27,970,917
7043,C,C,*,*,27,970,918
7044,T,T,*,*,27,970,919
7045,A,A,*,*,27,970,920
7046,A,A,*,*,27,970,921
7047,T,T,*,*,27,971,922
7048,T,T,*,*,27,971,923
7049,T,T,*,*,27,971,924
7050,T,G,*,*,27,971,925
7051,G,G,*,*,27,971,926
7052,T,T,*,*,27,971,927
7053,A,A,*,*,27,971,928
7226,T,T,-,*,27,972,929
7255,T,T,C,C,28,974,929
7320,A,A,-,-,28,989,930
7321,A,A,-,-,28,989,931
7327,A,A,-,-,28,1000,932
7328,A,A,-,-,28,1000,933
7329,A,A,-,-,28,1000,934
7479,T,T,-,*,28,1001,935
7480,T,T,-,*,28,1001,936
7481,G,G,-,*,28,1001,937
7482,A,A,-,*,28,1001,938
7483,G,G,-,*,28,1001,939
8212,G,G,T,T,29,1052,939
8363,A,A,T,T,30,1129,939
8384,A,A,G,G,31,1207,939
8414,G,G,T,T,32,1277,939
8426,A,A,G,G,33,1277,939
8469,T,T,C,A,34,1280,939
8503,G,G,A,A,35,1280,939
8553,C,C,T,T,36,1282,939
8566,T,T,G,G,37,1282,939
8636,C,C,-,*,37,1323,940
13568,C,C,T,T,38,1550,940
13667,A,A,G,G,39,1568,940
13703,A,A,G,G,40,1569,940
13797,A,A,G,G,41,1576,940
13862,T,T,C,C,42,1583,940
14064,T,T,G,G,43,1583,940
14211,C,C,A,A,44,1583,940
14433,T,T,C,G,45,1583,940
14757,T,T,C,A,46,1684,940
14886,G,G,T,T,47,1765,940
14902,C,C,A,A,48,1765,940
14923,T,T,C,C,49,1765,940
14957,-,-,T,C,49,1766,940
15347,-,-,G,G,49,1847,940
15528,G,G,T,T,50,1870,940
15631,G,G,A,A,51,1890,940
15711,-,-,A,A,51,1905,940
15749,C,C,T,T,52,1921,940
15915,G,G,*,*,52,1923,941
15916,A,A,*,*,52,1923,942
15917,C,C,*,*,52,1923,943
15918,C,C,*,*,52,1923,944
15919,A,A,*,*,52,1923,945
15920,G,G,*,*,52,1923,946
15921,C,C,*,*,52,1923,947
15922,C,C,*,*,52,1923,948
15923,T,T,*,*,52,1923,949
15924,G,G,*,*,52,1923,950
17364,A,A,G,G,53,2204,950
17397,A,A,G,G,54,2206,950
17398,G,G,A,A,55,2206,950
17456,T,T,C,C,56,2212,950
17481,T,T,G,C,57,2220,950
17527,T,T,C,C,58,2231,950
17549,T,T,C,A,59,2242,950
17568,G,G,A,A,60,2245,950
17690,A,A,G,G,61,2366,950
17822,A,A,G,G,62,2376,950
17840,-,-,C,C,62,2379,950
17840,-,-,T,T,62,2380,950
17840,-,-,G,G,62,2381,950
17840,-,-,A,C,62,2382,950
17865,C,C,T,T,63,2384,950
17954,C,C,T,T,64,2384,950
18126,T,T,G,G,65,2406,950
18184,A,A,T,T,66,2406,950
18201,C,C,-,-,66,2406,951
18218,G,G,-,-,66,2406,952
18266,A,A,T,T,67,2406,952
18324,-,-,G,G,67,2409,952
18402,C,C,G,G,68,2409,952
18460,G,G,A,A,69,2412,952
18685,T,T,C,C,70,2447,952
18838,C,C,G,T,71,2452,952
19067,A,A,*,-,71,2459,953
19068,A,A,*,-,71,2459,954
19422,A,A,-,-,71,2504,955
19423,A,A,-,-,71,2504,956
19736,C,C,T,T,72,2602,956
19993,T,T,C,C,73,2672,956
20032,T,T,A,A,74,2676,956
20044,-,-,A,G,74,2682,956
20299,T,T,G,G,75,2703,956
20317,C,C,T,T,76,2703,956
20657,G,G,A,T,77,2721,956
20670,C,C,T,T,78,2721,956
20776,C,C,T,T,79,2721,956
20837,G,G,C,A,80,2721,956
20858,G,G,-,-,80,2726,957
20863,T,T,C,A,81,2726,957
21126,T,T,C,C,82,2731,957
21205,C,C,T,A,83,2739,957
21232,G,G,*,-,83,2740,958
21412,A,A,G,G,84,2742,958
21424,T,T,C,A,85,2742,958
21465,C,C,T,T,86,2761,958
21573,C,C,T,T,87,2770,958
21869,T,T,-,-,87,2833,959
21870,A,A,-,-,87,2833,960
21871,T,T,-,-,87,2833,961
21873,A,A,-,-,87,2834,962
21922,-,-,A,A,87,2835,962
21922,-,-,A,A,87,2836,962
21922,-,-,T,T,87,2837,962
22062,A,A,G,G,88,2843,962
22100,-,-,T,T,88,2871,962
25380,G,G,A,A,89,3316,962
25383,T,T,G,G,90,3316,962
25431,C,C,T,T,91,3327,962
25461,A,A,T,T,92,3329,962
25509,A,A,G,G,93,3329,962
25664,A,A,G,G,94,3403,962
25809,T,T,C,C,95,3428,962
25831,A,A,C,C,96,3428,962
25889,A,A,C,C,97,3434,962
25899,-,-,T,T,97,3440,962
25899,-,-,A,A,97,3441,962
25903,A,A,T,G,98,3442,962
26016,-,-,A,A,98,3455,962
26016,-,-,A,A,98,3466,962
26059,G,G,C,A,99,3474,962
26126,C,C,T,T,100,3476,962
26173,G,G,A,C,101,3476,962
26188,C,C,G,G,102,3489,962
26243,T,T,G,G,103,3492,962
26310,T,T,C,G,104,3509,962
26596,T,T,-,-,104,3535,963
26731,G,G,A,A,105,3542,963
26767,C,C,T,A,106,3686,963
26797,A,A,G,G,107,3739,963
26823,T,T,C,C,108,3793,963
26830,T,T,C,C,109,3793,963
26842,T,T,C,C,110,3793,963
26875,T,T,G,G,111,3794,963
26879,G,G,A,A,112,3794,963
26882,A,A,G,G,113,3794,963
26903,C,C,A,A,114,3794,963
26955,C,C,T,T,115,3795,963
27044,T,T,G,C,116,3814,963
27145,C,C,A,T,117,3817,963
27200,C,C,T,T,118,3829,963
27378,A,A,G,G,119,3832,963
27379,A,A,G,G,120,3832,963
27456,C,C,A,G,121,3835,963
27481,C,C,T,G,122,3835,963
27575,G,G,A,A,123,3841,963
27578,T,T,C,C,124,3841,963
28143,C,C,A,G,125,3894,963
28201,G,G,A,A,126,3894,963
28318,T,T,A,A,127,3900,963
28332,A,A,G,G,128,3938,963
28367,A,A,G,G,129,3938,963
28434,C,C,G,A,130,3960,963
28534,-,-,A,A,130,3994,963
28534,-,-,A,A,130,3995,963
28534,-,-,C,C,130,3996,963
28534,-,-,A,A,130,3997,963
28589,A,A,*,-,130,4002,964
28590,A,A,*,-,130,4002,965
28591,A,A,*,-,130,4002,966
28603,C,C,G,G,131,4003,966
28784,C,C,A,A,132,4018,966
28833,C,C,T,T,133,4018,966
28936,A,A,G,G,134,4098,966
28970,A,A,G,G,135,4101,966
29284,-,*,G,T,135,4172,966
31439,T,T,-,*,135,4325,967
31440,A,A,-,*,135,4325,968
31441,A,A,-,*,135,4325,969
31838,T,T,-,-,135,4414,970
31839,T,T,-,-,135,4414,971
31840,C,A,-,-,135,4414,972
31841,T,T,-,-,135,4414,973
31842,T,T,-,-,135,4414,974
31885,A,A,*,-,135,4423,975
31886,G,G,*,-,135,4423,976
31887,G,G,*,-,135,4423,977
31888,C,C,*,-,135,4423,978
31889,T,T,*,-,135,4423,979
31890,G,G,*,-,135,4423,980
31891,G,G,*,-,135,4423,981
31892,A,A,*,-,135,4423,982
31893,G,G,*,-,135,4423,983
31894,T,T,*,-,135,4423,984
31895,G,G,*,-,135,4423,985
31896,C,C,*,-,135,4423,986
31897,A,A,*,-,135,4423,987
31898,G,A,*,-,135,4423,988
31899,T,T,*,-,135,4423,989
31900,G,G,*,-,135,4423,990
31901,G,G,*,-,135,4423,991
31902,C,C,*,-,135,4423,992
31903,A,A,*,-,135,4423,993
31904,C,C,*,-,135,4423,994
31905,A,A,*,-,135,4423,995
31906,A,A,*,-,135,4423,996
31907,G,G,*,-,135,4423,997
31908,T,T,*,-,135,4423,998
31909,T,T,*,-,135,4423,999
31910,C,C,*,-,135,4423,1000
32180,A,A,*,-,135,4449,1001
32190,A,A,*,-,135,4449,1002
32347,T,T,*,*,135,4491,1003
32348,A,A,*,*,135,4491,1004
32349,G,G,*,*,135,4491,1005
32350,G,G,*,*,135,4491,1006
32351,C,C,*,*,135,4491,1007
32352,C,C,*,*,135,4491,1008
32353,A,G,*,*,135,4491,1009
32354,G,G,*,*,135,4491,1010
32355,G,G,*,*,135,4491,1011
32356,T,T,*,*,135,4491,1012
32357,G,G,*,*,135,4491,1013
32358,C,C,*,*,135,4491,1014
32359,G,A,*,*,135,4491,1015
32360,G,G,*,*,135,4492,1016
32361,T,T,*,*,135,4492,1017
32362,G,G,*,*,135,4492,1018
32363,G,G,*,*,135,4492,1019
32364,C,C,*,*,135,4492,1020
32365,T,T,*,*,135,4492,1021
32366,C,C,*,*,135,4492,1022
32367,A,A,*,*,135,4492,1023
32368,C,T,*,*,135,4492,1024
32369,G,G,*,*,135,4492,1025
32370,C,C,*,*,135,4492,1026
32371,C,C,*,*,135,4492,1027
32372,T,T,*,*,135,4492,1028
32373,G,G,*,*,135,4492,1029
32374,T,T,*,*,135,4492,1030
32375,A,A,*,*,135,4492,1031
32376,A,A,*,*,135,4492,1032
32377,T,T,*,*,135,4492,1033
32378,C,C,*,*,135,4492,1034
32379,C,C,*,*,135,4492,1035
32380,C,C,*,*,135,4492,1036
32381,A,A,*,*,135,4492,1037
32382,G,A,*,*,135,4492,1038
32383,C,C,*,*,135,4492,1039
32384,A,A,*,*,135,4492,1040
32385,C,C,*,*,135,4493,1041
32386,T,T,*,*,135,4493,1042
32387,T,T,*,*,135,4493,1043
32388,T,T,*,*,135,4493,1044
32389,G,G,*,*,135,4493,1045
32390,G,G,*,*,135,4493,1046
32391,G,G,*,*,135,4493,1047
32392,A,A,*,*,135,4493,1048
32393,G,C,*,*,135,4493,1049
32395,G,G,*,*,135,4493,1050
32396,C,C,*,*,135,4493,1051
32397,C,C,*,*,135,4493,1052
32398,A,A,*,*,135,4493,1053
32399,A,G,*,*,135,4493,1054
32400,G,G,*,*,135,4493,1055
32401,G,G,*,*,135,4493,1056
32402,T,T,*,*,135,4493,1057
32403,G,G,*,*,135,4493,1058
32404,G,G,*,*,135,4493,1059
32405,G,G,*,*,135,4493,1060
32406,C,C,*,*,135,4493,1061
32407,A,G,*,*,135,4493,1062
32408,G,G,*,*,135,4493,1063
32409,A,A,*,*,135,4494,1064
32410,T,T,*,*,135,4494,1065
32411,C,C,*,*,135,4494,1066
32412,A,A,*,*,135,4494,1067
32413,C,C,*,*,135,4494,1068
32414,C,C,*,*,135,4494,1069
32415,T,T,*,*,135,4494,1070
32416,G,G,*,*,135,4494,1071
32417,A,A,*,*,135,4494,1072
32418,G,G,*,*,135,4494,1073
32419,A,A,*,*,135,4494,1074
32420,T,T,*,*,135,4494,1075
32421,T,T,*,*,135,4494,1076
32422,G,G,*,*,135,4494,1077
32423,G,G,*,*,135,4494,1078
32424,G,G,*,*,135,4494,1079
32425,A,A,*,*,135,4494,1080
32426,G,G,*,*,135,4494,1081
32427,T,T,*,*,135,4494,1082
32428,T,T,*,*,135,4494,1083
32429,C,C,*,*,135,4494,1084
32430,G,G,*,*,135,4494,1085
32431,A,A,*,*,135,4494,1086
32432,G,G,*,*,135,4494,1087
32433,A,A,*,*,135,4494,1088
32434,C,C,*,*,135,4495,1089
32435,C,C,*,*,135,4495,1090
32436,A,A,*,*,135,4495,1091
32437,G,G,*,*,135,4495,1092
32438,C,T,*,*,135,4495,1093
32439,C,C,*,*,135,4495,1094
32440,T,T,*,*,135,4495,1095
32441,G,G,*,*,135,4495,1096
32442,A,A,*,*,135,4495,1097
32443,C,C,*,*,135,4495,1098
32444,C,C,*,*,135,4495,1099
32445,A,A,*,*,135,4495,1100
32446,A,C,*,*,135,4495,1101
32447,C,C,*,*,135,4495,1102
32448,A,A,*,*,135,4495,1103
32449,T,C,*,*,135,4495,1104
32450,G,T,*,*,135,4495,1105
32451,G,G,*,*,135,4495,1106
32452,T,T,*,*,135,4495,1107
32454,A,A,*,*,135,4495,1108
32455,A,A,*,*,135,4495,1109
32456,A,A,*,*,135,4495,1110
32457,C,C,*,*,135,4495,1111
32458,C,C,*,*,135,4495,1112
32459,C,C,*,*,135,4495,1113
32460,T,T,*,*,135,4495,1114
32461,G,G,*,*,135,4495,1115
32462,T,C,*,*,135,4495,1116
32463,C,C,*,*,135,4495,1117
32464,T,T,*,*,135,4495,1118
32465,C,C,*,*,135,4495,1119
32466,T,T,*,*,135,4495,1120
32467,A,A,*,*,135,4495,1121
32468,C,C,*,*,135,4495,1122
32469,T,T,*,*,135,4501,1123
32470,A,A,*,*,135,4501,1124
32471,A,A,*,*,135,4501,1125
32472,A,A,*,*,135,4501,1126
32473,A,A,*,*,135,4501,1127
32474,A,A,*,*,135,4501,1128
32475,T,T,*,*,135,4501,1129
32476,A,A,*,*,135,4501,1130
32477,C,C,*,*,135,4501,1131
32478,T,T,*,*,135,4501,1132
32479,A,A,*,*,135,4501,1133
32480,A,A,*,*,135,4501,1134
32481,A,A,*,*,135,4501,1135
32482,T,T,*,*,135,4501,1136
32483,T,T,*,*,135,4501,1137
32484,A,A,*,*,135,4501,1138
32485,G,G,*,*,135,4501,1139
32486,C,C,*,*,135,4501,1140
32487,C,C,*,*,135,4501,1141
32488,A,A,*,*,135,4501,1142
32489,G,G,*,*,135,4501,1143
32490,G,G,*,*,135,4502,1144
32491,C,C,*,*,135,4502,1145
32492,G,G,*,*,135,4502,1146
32493,T,T,*,*,135,4502,1147
32494,G,G,*,*,135,4502,1148
32495,G,G,*,*,135,4502,1149
32496,T,T,*,*,135,4502,1150
32497,G,G,*,*,135,4502,1151
32498,G,G,*,*,135,4502,1152
32499,C,C,*,*,135,4502,1153
32500,A,A,*,*,135,4502,1154
32501,C,G,*,*,135,4502,1155
32502,A,A,*,*,135,4502,1156
32503,T,T,*,*,135,4502,1157
32504,G,G,*,*,135,4502,1158
32505,C,C,*,*,135,4502,1159
32506,C,C,*,*,135,4502,1160
32507,T,T,*,*,135,4502,1161
32508,G,G,*,*,135,4502,1162
32509,T,T,*,*,135,4502,1163
32510,A,A,*,*,135,4502,1164
32511,A,A,*,*,135,4502,1165
32512,T,T,*,*,135,4502,1166
32513,C,C,*,*,135,4502,1167
32514,C,C,*,*,135,4502,1168
32630,A,A,-,*,135,4512,1169
32631,A,A,-,*,135,4512,1170
32632,A,A,-,*,135,4512,1171
32633,A,A,*,*,135,4512,1172
32634,A,A,*,*,135,4512,1173
32635,A,A,*,*,135,4512,1174
32636,A,A,*,*,135,4512,1175
32678,G,G,A,A,136,4520,1175
32690,G,G,A,C,137,4523,1175
32835,C,C,T,T,138,4528,1175
32845,G,G,C,A,139,4528,1175
33136,T,T,C,C,140,4562,1175
33298,G,G,T,T,141,4674,1175
33358,G,G,T,T,142,4674,1175
33391,C,C,T,T,143,4674,1175
33902,G,G,A,A,144,4734,1175
34037,C,C,T,T,145,4737,1175
34179,G,G,A,A,146,4748,1175
34450,T,T,-,-,146,4801,1176
34656,A,A,G,G,147,4826,1176
34694,A,A,G,G,148,4827,1176
34702,G,G,A,A,149,4827,1176
34714,G,G,C,C,150,4827,1176
34729,C,C,T,T,151,4839,1176
34783,A,A,C,C,152,4839,1176
34793,T,T,C,C,153,4840,1176
34815,C,C,T,T,154,4840,1176
34847,A,A,G,G,155,4840,1176
35102,C,C,-,*,155,4861,1177
35103,T,T,-,*,155,4861,1178
35177,A,A,-,*,155,4994,1179
35178,C,C,-,*,155,4994,1180
35179,A,A,-,*,155,4994,1181
35180,A,A,-,*,155,4994,1182
35181,T,T,-,*,155,4994,1183
35273,T,T,-,*,155,4999,1184
35274,T,T,-,*,155,4999,1185
35275,T,T,-,*,155,4999,1186
35276,T,T,-,*,155,4999,1187
35277,A,A,-,*,155,4999,1188
35278,A,A,-,*,155,4999,1189
35641,G,G,-,*,155,5200,1190
36125,T,T,*,*,155,5251,1191
36126,T,T,*,*,155,5254,1192
36127,T,T,*,*,155,5254,1193
36128,T,T,*,*,155,5254,1194
36129,T,T,*,*,155,5254,1195
36130,A,A,*,*,155,5254,1196
36131,A,A,*,*,155,5254,1197
36137,A,A,*,*,155,5254,1198
36138,T,T,*,*,155,5254,1199
36139,T,T,*,*,155,5254,1200
36140,T,T,*,*,155,5254,1201
36141,A,T,*,*,155,5254,1202
36142,G,G,*,*,155,5254,1203
36143,A,A,*,*,155,5254,1204
36144,A,A,*,*,155,5254,1205
36145,A,A,*,*,155,5254,1206
36146,A,A,*,*,155,5254,1207
36147,G,A,*,*,155,5254,1208
36148,C,T,*,*,155,5254,1209
36149,T,T,*,*,155,5254,1210
36150,T,T,*,*,155,5254,1211
36157,G,G,*,*,155,5255,1212
36158,T,G,*,*,155,5255,1213
36159,C,C,*,*,155,5255,1214
36160,T,G,*,*,155,5255,1215
36432,G,G,C,A,156,5269,1215
36434,C,C,A,A,157,5269,1215
36437,A,A,T,T,158,5269,1215
36438,A,A,C,C,159,5269,1215
36468,A,A,-,*,159,5271,1216
36469,A,A,-,*,159,5271,1217
36470,A,A,-,*,159,5271,1218
36471,A,A,-,*,159,5271,1219
36472,A,A,-,*,159,5271,1220
36473,T,T,-,*,159,5271,1221
36474,T,T,-,*,159,5271,1222
36475,T,T,-,*,159,5271,1223
36512,A,A,C,C,160,5274,1223
36519,C,C,A,T,161,5278,1223
36566,-,-,T,T,161,5284,1223
36566,-,-,T,T,161,5285,1223
36681,T,T,A,A,162,5292,1223
36699,G,G,A,A,163,5295,1223
36755,T,T,A,A,164,5299,1223
36888,T,T,G,G,165,5308,1223
36943,C,C,T,T,166,5349,1223
37003,T,T,C,C,167,5499,1223
37004,G,G,A,A,168,5499,1223
37042,A,A,G,G,169,5499,1223
37182,T,T,G,A,170,5575,1223
37186,G,G,C,A,171,5575,1223
37375,C,C,G,G,172,5597,1223
37476,G,G,A,A,173,5639,1223
37555,C,C,T,T,174,5720,1223
37654,A,A,G,G,175,5730,1223
37739,T,T,C,C,176,5775,1223
37833,A,A,G,G,177,5788,1223
37843,G,G,T,A,178,5788,1223
38044,T,T,C,A,179,5839,1223
38170,T,T,C,A,180,5875,1223
38283,G,G,T,T,181,5881,1223
38408,T,T,-,-,181,5897,1224
38409,A,A,-,-,181,5897,1225
38410,T,T,-,-,181,5897,1226
38411,A,A,-,-,181,5897,1227
38435,T,T,C,C,182,5906,1227
38492,C,C,T,T,183,5906,1227
38517,T,T,C,C,184,5906,1227
38521,T,T,C,C,185,5906,1227
38874,G,G,A,A,186,5942,1227
38928,A,A,-,-,186,5944,1228
38929,A,A,-,-,186,5950,1229
38934,T,T,A,A,187,5950,1229
38940,T,T,A,A,188,5950,1229
38947,T,T,A,A,189,5950,1229
38957,G,G,A,A,190,5950,1229
38973,A,A,G,C,191,5953,1229
38993,G,G,A,A,192,5953,1229
39018,G,G,T,T,193,5953,1229
39126,T,T,C,G,194,6083,1229
39253,T,T,C,G,195,6106,1229
39257,-,-,C,C,195,6107,1229
39282,A,A,G,G,196,6107,1229
39349,A,A,T,T,197,6120,1229
39378,G,G,A,A,198,6137,1229
39483,A,A,G,G,199,6153,1229
39596,C,C,T,T,200,6156,1229
39685,A,A,G,T,201,6160,1229
39706,T,T,C,C,202,6160,1229
39707,G,G,A,A,203,6160,1229
39768,G,G,A,A,204,6160,1229
39814,C,C,A,T,205,6160,1229
39889,C,C,*,-,205,6161,1230
39890,T,T,*,-,205,6161,1231
39891,A,A,*,-,205,6161,1232
39892,T,T,*,-,205,6161,1233
39893,A,A,*,-,205,6161,1234
39894,T,T,*,-,205,6161,1235
39895,A,A,*,-,205,6161,1236
39896,A,A,*,-,205,6161,1237
39898,C,A,*,-,205,6161,1238
39899,T,T,*,-,205,6161,1239
39900,A,A,*,-,205,6161,1240
39901,T,T,*,-,205,6161,1241
39902,A,A,*,-,205,6161,1242
40059,T,T,C,C,206,6170,1242
40104,T,T,C,C,207,6170,1242
40115,A,A,C,C,208,6177,1242
40147,T,T,-,-,208,6183,1243
40148,T,T,-,-,208,6183,1244
40149,T,T,-,-,208,6183,1245
40150,A,G,-,-,208,6183,1246
40257,T,T,A,A,209,6201,1246
40336,T,T,A,G,210,6228,1246
40444,G,G,C,A,211,6240,1246
40678,T,T,C,C,212,6291,1246
40778,C,C,A,A,213,6311,1246
40908,A,A,C,C,214,6335,1246
40921,T,T,-,-,214,6337,1247
40922,A,A,-,-,214,6337,1248
40923,G,G,-,-,214,6337,1249
40924,T,T,-,*,214,6340,1250
41127,G,G,A,C,215,6501,1250
41242,A,A,G,G,216,6527,1250
41329,G,G,C,A,217,6585,1250
41374,T,T,G,C,218,6585,1250
41417,C,C,T,A,219,6615,1250
41431,C,C,-,-,219,6616,1251
41471,C,C,-,-,219,6621,1252
41472,C,C,-,-,219,6621,1253
41473,C,C,-,-,219,6621,1254
41474,G,G,-,-,219,6621,1255
41505,T,T,C,C,220,6655,1255
41535,C,C,T,T,221,6675,1255
41545,T,T,C,C,222,6675,1255
41551,C,C,A,A,223,6675,1255
41582,G,G,C,C,224,6688,1255
41613,T,T,C,C,225,6689,1255
41629,T,T,C,C,226,6693,1255
41663,A,A,C,T,227,6711,1255
41766,G,G,A,A,228,6727,1255
41851,G,G,A,A,229,6732,1255
41889,C,C,T,T,230,6734,1255
41897,G,G,C,C,231,6734,1255
41922,G,G,A,A,232,6734,1255
41930,G,G,T,A,233,6734,1255
41933,T,T,C,C,234,6734,1255
42058,A,A,*,-,234,6763,1256
42059,A,A,*,-,234,6763,1257
42060,A,A,*,-,234,6763,1258
42061,A,A,*,-,234,6763,1259
42077,T,T,*,-,234,6767,1260
42078,T,T,*,-,234,6767,1261
42079,T,T,*,-,234,6767,1262
42080,G,G,*,-,234,6767,1263
42081,G,G,*,-,234,6767,1264
42082,A,A,*,-,234,6767,1265
42083,T,T,*,-,234,6767,1266
42084,A,A,*,-,234,6767,1267
42085,T,T,*,-,234,6767,1268
42086,A,A,*,-,234,6767,1269
42087,G,G,*,-,234,6767,1270
42088,T,T,*,-,234,6767,1271
42089,A,A,*,-,234,6767,1272
42090,G,G,*,-,234,6767,1273
42091,C,C,*,-,234,6767,1274
42092,A,A,*,-,234,6767,1275
42093,T,T,*,-,234,6767,1276
42094,T,T,*,-,234,6767,1277
42095,G,G,*,-,234,6767,1278
42096,G,G,*,-,234,6767,1279
42097,C,C,*,-,234,6767,1280
42098,C,C,*,-,234,6767,1281
42099,A,A,*,-,234,6767,1282
42100,T,T,*,-,234,6767,1283
42101,T,T,*,-,234,6767,1284
42102,A,A,*,-,234,6767,1285
42103,T,T,*,-,234,6767,1286
42104,T,T,*,-,234,6767,1287
42105,A,A,*,-,234,6767,1288
42106,T,T,*,-,234,6767,1289
42107,C,C,*,-,234,6767,1290
42108,A,A,*,-,234,6767,1291
42109,A,A,*,-,234,6767,1292
42110,G,G,*,-,234,6767,1293
42111,A,A,*,-,234,6767,1294
42112,T,T,*,-,234,6767,1295
42113,G,G,*,-,234,6767,1296
42114,A,A,*,-,234,6767,1297
42115,C,C,*,-,234,6767,1298
42116,A,A,*,-,234,6767,1299
42117,A,A,*,-,234,6767,1300
42118,A,A,*,-,234,6767,1301
42119,A,A,*,-,234,6767,1302
42120,T,T,*,-,234,6767,1303
42121,G,G,*,-,234,6767,1304
42122,T,T,*,-,234,6767,1305
42123,T,T,*,-,234,6767,1306
42124,T,T,*,-,234,6767,1307
42125,T,T,*,-,234,6767,1308
42126,C,C,*,-,234,6767,1309
42127,T,T,*,-,234,6767,1310
42128,G,G,*,-,234,6767,1311
42129,G,G,*,-,234,6767,1312
42130,A,A,*,-,234,6767,1313
42131,A,A,*,-,234,6767,1314
42132,T,T,*,-,234,6767,1315
42133,G,G,*,-,234,6767,1316
42142,T,A,*,-,234,6767,1317
42143,C,T,*,-,234,6767,1318
42144,A,A,*,-,234,6767,1319
42145,T,T,*,-,234,6767,1320
42146,G,G,*,-,234,6767,1321
42147,C,C,*,-,234,6767,1322
42148,A,A,*,-,234,6767,1323
42149,A,A,*,-,234,6767,1324
42150,A,A,*,-,234,6767,1325
42151,G,G,*,-,234,6767,1326
42152,A,A,*,-,234,6769,1327
42153,T,T,*,-,234,6769,1328
42154,A,A,*,-,234,6769,1329
42155,T,C,*,-,234,6769,1330
42156,A,A,*,-,234,6769,1331
42157,C,C,*,-,234,6769,1332
42158,T,T,*,-,234,6769,1333
42159,T,T,*,-,234,6769,1334
42160,T,T,*,-,234,6769,1335
42161,T,T,*,-,234,6769,1336
42162,C,C,*,-,234,6769,1337
42163,A,A,*,-,234,6769,1338
42164,C,C,*,-,234,6769,1339
42165,C,C,*,-,234,6769,1340
42166,C,C,*,-,234,6769,1341
42167,A,A,*,-,234,6769,1342
42168,C,C,*,-,234,6769,1343
42169,C,C,*,-,234,6769,1344
42175,T,T,*,-,234,6774,1345
42176,A,A,*,-,234,6774,1346
42177,G,G,*,-,234,6774,1347
42178,T,T,*,-,234,6774,1348
42179,T,T,*,-,234,6774,1349
42180,T,T,*,-,234,6778,1350
42181,T,T,*,-,234,6778,1351
42182,C,C,*,-,234,6778,1352
42183,A,A,*,-,234,6778,1353
42184,A,A,*,-,234,6778,1354
42185,A,A,*,-,234,6778,1355
42186,A,A,*,-,234,6778,1356
42187,A,A,*,-,234,6778,1357
42188,C,C,*,-,234,6778,1358
42189,G,G,*,-,234,6778,1359
42467,G,G,A,A,235,6789,1359
42474,T,T,C,C,236,6789,1359
42900,T,T,C,C,237,6802,1359
43018,C,C,T,T,238,6802,1359
43103,A,A,G,C,239,6816,1359
43216,A,A,G,G,240,6818,1359
43375,A,A,T,G,241,6826,1359
43662,C,C,A,A,242,6850,1359
43774,T,T,C,C,243,6850,1359
43781,A,A,G,G,244,6850,1359
43869,C,C,G,T,245,6851,1359
43897,G,G,A,A,246,6851,1359
43912,-,-,A,A,246,6852,1359
43917,A,A,G,G,247,6852,1359
44223,G,C,*,*,247,6865,1360
44224,A,A,*,*,247,6865,1361
44225,A,A,*,*,247,6865,1362
44226,T,T,*,*,247,6865,1363
44227,C,C,*,*,247,6865,1364
44228,C,C,*,*,247,6865,1365
44229,T,T,*,*,247,6865,1366
44230,G,G,*,*,247,6865,1367
44231,G,G,*,*,247,6865,1368
44232,C,C,*,*,247,6865,1369
44233,T,T,*,*,247,6865,1370
44234,C,C,*,*,247,6865,1371
44235,A,A,*,*,247,6865,1372
44236,C,C,*,*,247,6865,1373
44237,T,T,*,*,247,6865,1374
44238,G,G,*,*,247,6865,1375
44239,C,C,*,*,247,6865,1376
44240,A,A,*,*,247,6865,1377
44241,A,A,*,*,247,6865,1378
44242,C,C,*,*,247,6865,1379
44243,C,C,*,*,247,6865,1380
44244,T,T,*,*,247,6865,1381
44245,C,C,*,*,247,6865,1382
44246,T,T,*,*,247,6865,1383
44247,G,G,*,*,247,6865,1384
44248,T,T,*,*,247,6865,1385
44249,C,C,*,*,247,6865,1386
44250,T,T,*,*,247,6865,1387
44251,C,C,*,*,247,6865,1388
44252,T,C,*,*,247,6865,1389
44253,G,G,*,*,247,6865,1390
44254,G,G,*,*,247,6865,1391
44255,G,G,*,*,247,6865,1392
44256,T,T,*,*,247,6865,1393
44257,T,T,*,*,247,6865,1394
44258,C,C,*,*,247,6865,1395
44259,A,A,*,*,247,6865,1396
44260,A,A,*,*,247,6865,1397
44261,G,G,*,*,247,6865,1398
44262,T,T,*,*,247,6865,1399
44263,G,G,*,*,247,6865,1400
44264,A,A,*,*,247,6865,1401
44265,T,T,*,*,247,6865,1402
44266,T,T,*,*,247,6865,1403
44267,C,C,*,*,247,6865,1404
44268,T,T,*,*,247,6865,1405
44269,C,C,*,*,247,6865,1406
44270,A,A,*,*,247,6865,1407
44271,T,T,*,*,247,6865,1408
44272,G,G,*,*,247,6865,1409
44273,C,C,*,*,247,6865,1410
44274,C,C,*,*,247,6865,1411
44275,T,T,*,*,247,6865,1412
44276,C,C,*,*,247,6865,1413
44277,A,A,*,*,247,6865,1414
44278,G,G,*,*,247,6865,1415
44279,C,C,*,*,247,6865,1416
44280,C,C,*,*,247,6865,1417
44281,T,T,*,*,247,6865,1418
44282,C,C,*,*,247,6865,1419
44283,C,C,*,*,247,6865,1420
44284,T,T,*,*,247,6865,1421
44285,C,G,*,*,247,6865,1422
44286,A,A,*,*,247,6865,1423
44287,G,G,*,*,247,6865,1424
44288,T,T,*,*,247,6865,1425
44289,A,A,*,*,247,6865,1426
44290,G,G,*,*,247,6865,1427
44291,C,C,*,*,247,6865,1428
44292,T,T,*,*,247,6865,1429
44293,G,G,*,*,247,6865,1430
44294,G,G,*,*,247,6865,1431
44295,G,G,*,*,247,6865,1432
44296,A,A,*,*,247,6865,1433
44297,T,T,*,*,247,6865,1434
44298,T,T,*,*,247,6865,1435
44299,A,A,*,*,247,6865,1436
44300,C,C,*,*,247,6865,1437
44301,A,A,*,*,247,6865,1438
44302,G,G,*,*,247,6865,1439
44303,G,G,*,*,247,6865,1440
44304,C,C,*,*,247,6865,1441
44305,A,A,*,*,247,6865,1442
44649,G,G,-,*,247,6870,1443
45040,C,C,-,*,247,6874,1444
45041,C,C,-,*,247,6874,1445
45042,T,T,-,*,247,6874,1446
45043,G,G,-,*,247,6874,1447
45044,G,G,-,*,247,6874,1448
45241,G,A,-,*,247,6880,1449
45250,A,A,*,*,247,6880,1450
45251,A,A,*,*,247,6880,1451
45252,A,A,-,*,247,6880,1452
45253,A,A,-,*,247,6880,1453
45254,A,A,-,*,247,6880,1454
45281,G,G,-,*,247,6880,1455
45282,A,A,-,*,247,6880,1456
45283,G,G,-,*,247,6880,1457
47787,A,A,*,*,247,7026,1458
47788,A,A,*,*,247,7026,1459
47789,A,A,*,*,247,7026,1460
47790,C,C,*,-,247,7026,1461
47791,C,C,*,-,247,7026,1462
47792,A,A,*,-,247,7026,1463
47793,A,A,*,-,247,7026,1464
47810,A,A,*,-,247,7030,1465
47811,A,A,*,-,247,7030,1466
47812,C,C,*,-,247,7030,1467
47813,A,A,*,-,247,7030,1468
47821,C,A,*,-,247,7035,1469
47889,T,T,C,C,248,7035,1469
47971,G,G,A,C,249,7035,1469
47998,T,T,C,C,250,7035,1469
48020,-,-,G,G,250,7036,1469
48020,-,-,T,T,250,7037,1469
48020,-,-,G,G,250,7038,1469
48020,-,-,A,A,250,7039,1469
48020,-,-,G,A,250,7040,1469
48020,-,-,G,G,250,7041,1469
48020,-,-,T,T,250,7042,1469
48020,-,-,G,G,250,7043,1469
48020,-,-,A,A,250,7044,1469
48054,T,T,G,G,251,7044,1469
48140,A,A,G,G,252,7044,1469
48151,G,G,A,A,253,7044,1469
48157,G,G,A,A,254,7044,1469
48208,T,T,C,C,255,7046,1469
48509,-,-,A,A,255,7060,1469
48617,C,C,T,T,256,7080,1469
48666,-,-,C,G,256,7116,1469
48667,G,G,A,A,257,7116,1469
48787,A,A,G,T,258,7118,1469
48890,G,G,A,T,259,7120,1469
48892,A,A,G,G,260,7120,1469
48930,A,A,G,G,261,7120,1469
48933,A,A,G,G,262,7120,1469
48938,A,A,C,C,263,7120,1469
48990,A,A,C,G,264,7120,1469
49038,C,C,T,T,265,7121,1469
49042,C,C,T,T,266,7121,1469
49053,C,C,T,T,267,7121,1469
49076,C,C,G,A,268,7121,1469
49083,T,T,C,C,269,7121,1469
49108,G,G,A,A,270,7121,1469
49158,C,C,T,T,271,7124,1469
49274,G,G,*,*,271,7137,1470
49275,T,T,*,*,271,7137,1471
49276,G,G,*,*,271,7137,1472
49277,T,T,*,*,271,7137,1473
49278,G,G,*,*,271,7137,1474
49279,C,C,*,*,271,7137,1475
49280,A,A,*,*,271,7137,1476
49281,C,C,*,*,271,7137,1477
49282,A,A,*,*,271,7137,1478
49283,T,T,*,*,271,7137,1479
49284,A,A,*,*,271,7137,1480
49285,T,T,*,*,271,7137,1481
49286,A,A,*,*,271,7137,1482
49287,C,C,*,*,271,7137,1483
49288,C,C,*,*,271,7137,1484
49289,A,A,*,*,271,7137,1485
49290,C,C,*,*,271,7137,1486
49291,T,T,*,*,271,7137,1487
49292,C,C,*,*,271,7137,1488
49293,T,T,*,*,271,7137,1489
49294,C,C,*,*,271,7137,1490
49295,T,T,*,*,271,7137,1491
49296,A,A,*,*,271,7137,1492
49297,A,A,*,*,271,7137,1493
49298,C,C,*,*,271,7137,1494
49299,T,T,*,*,271,7137,1495
49300,G,G,*,*,271,7137,1496
49301,C,C,*,*,271,7137,1497
49302,C,C,*,*,271,7137,1498
49303,A,A,*,*,271,7137,1499
49304,T,T,*,*,271,7137,1500
49305,G,G,*,*,271,7137,1501
49306,G,G,*,*,271,7137,1502
49307,A,A,*,*,271,7137,1503
49308,G,G,*,*,271,7137,1504
49309,C,C,*,*,271,7137,1505
49310,A,A,*,*,271,7137,1506
49311,T,T,*,*,271,7137,1507
49312,C,C,*,*,271,7137,1508
49313,T,C,*,*,271,7137,1509
49314,G,G,*,*,271,7137,1510
49315,G,G,*,*,271,7137,1511
49316,G,G,*,*,271,7137,1512
49317,C,C,*,*,271,7137,1513
49318,T,T,*,*,271,7137,1514
49319,G,G,*,*,271,7137,1515
49320,T,T,*,*,271,7137,1516
49321,G,G,*,*,271,7137,1517
49322,C,C,*,*,271,7137,1518
49323,A,A,*,*,271,7137,1519
49324,T,T,*,*,271,7137,1520
49325,C,C,*,*,271,7137,1521
49326,C,C,*,*,271,7137,1522
49327,T,T,*,*,271,7137,1523
49328,C,C,*,*,271,7137,1524
49329,C,C,*,*,271,7137,1525
49330,A,A,*,*,271,7137,1526
49331,C,C,*,*,271,7137,1527
49332,G,G,*,*,271,7137,1528
49333,T,C,*,*,271,7137,1529
49334,T,T,*,*,271,7137,1530
49335,T,T,*,*,271,7137,1531
49336,C,C,*,*,271,7137,1532
49337,A,A,*,*,271,7137,1533
49338,C,C,*,*,271,7137,1534
49339,T,T,*,*,271,7137,1535
49340,T,T,*,*,271,7137,1536
49341,T,T,*,*,271,7137,1537
49342,C,C,*,*,271,7137,1538
49343,C,C,*,*,271,7137,1539
49344,C,C,*,*,271,7137,1540
49345,A,A,*,*,271,7137,1541
49346,C,C,*,*,271,7137,1542
49347,A,A,*,*,271,7137,1543
49348,T,T,*,*,271,7137,1544
49349,C,C,*,*,271,7137,1545
49350,C,C,*,*,271,7137,1546
49351,C,C,*,*,271,7137,1547
49352,C,C,*,*,271,7137,1548
49353,T,G,*,*,271,7137,1549
49354,A,A,*,*,271,7137,1550
49355,A,A,*,*,271,7137,1551
49356,A,A,*,*,271,7137,1552
49357,A,A,*,*,271,7137,1553
49358,A,C,*,*,271,7137,1554
49359,A,A,*,*,271,7137,1555
49360,A,A,*,*,271,7137,1556
49361,A,G,*,*,271,7137,1557
49362,A,A,*,*,271,7137,1558
49363,G,G,*,*,271,7137,1559
49364,T,T,*,*,271,7137,1560
49365,G,G,*,*,271,7137,1561
49366,C,C,*,*,271,7137,1562
49367,C,C,*,*,271,7137,1563
49368,T,T,*,*,271,7137,1564
49369,C,C,*,*,271,7137,1565
49370,C,C,*,*,271,7137,1566
49371,T,A,*,*,271,7137,1567
49372,A,A,*,*,271,7137,1568
49373,C,C,*,*,271,7137,1569
49374,T,T,*,*,271,7137,1570
49375,C,C,*,*,271,7137,1571
49376,C,C,*,*,271,7137,1572
49377,A,A,*,*,271,7137,1573
49378,A,A,*,*,271,7137,1574
49379,T,T,*,*,271,7137,1575
49380,A,A,*,*,271,7137,1576
49381,A,A,*,*,271,7137,1577
49382,C,C,*,*,271,7137,1578
49383,T,C,*,*,271,7137,1579
49384,G,A,*,*,271,7137,1580
49385,T,T,*,*,271,7137,1581
49386,G,G,*,*,271,7137,1582
49387,C,C,*,*,271,7137,1583
49388,A,A,*,*,271,7137,1584
49389,C,C,*,*,271,7137,1585
49390,A,A,*,*,271,7137,1586
49391,A,A,*,*,271,7137,1587
49392,C,C,*,*,271,7137,1588
49393,T,T,*,*,271,7137,1589
49394,G,C,*,*,271,7137,1590
49395,T,T,*,*,271,7137,1591
49396,C,C,*,*,271,7137,1592
49397,T,T,*,*,271,7137,1593
49398,G,G,*,*,271,7137,1594
49399,A,A,*,*,271,7137,1595
49400,G,G,*,*,271,7137,1596
49401,G,G,*,*,271,7137,1597
49402,A,A,*,*,271,7137,1598
49403,A,A,*,*,271,7137,1599
49404,C,C,*,*,271,7137,1600
49405,A,A,*,*,271,7137,1601
49406,C,T,*,*,271,7137,1602
49407,T,T,*,*,271,7137,1603
49408,C,C,*,*,271,7137,1604
49409,T,T,*,*,271,7137,1605
49410,T,T,*,*,271,7137,1606
49411,G,G,*,*,271,7137,1607
49412,G,G,*,*,271,7137,1608
49413,A,A,*,*,271,7137,1609
49414,T,T,*,*,271,7137,1610
49415,A,A,*,*,271,7137,1611
49416,C,C,*,*,271,7137,1612
49417,A,A,*,*,271,7137,1613
49418,T,T,*,*,271,7137,1614
49419,G,G,*,*,271,7137,1615
49420,A,A,*,*,271,7137,1616
49421,G,G,*,*,271,7137,1617
49422,C,C,*,*,271,7137,1618
49423,C,C,*,*,271,7137,1619
49424,C,C,*,*,271,7137,1620
49425,T,T,*,*,271,7137,1621
49426,A,G,*,*,271,7137,1622
49427,T,T,*,*,271,7137,1623
49428,G,G,*,*,271,7137,1624
49429,G,G,*,*,271,7137,1625
49430,A,A,*,*,271,7137,1626
49431,T,C,*,*,271,7137,1627
49432,C,C,*,*,271,7137,1628
49433,T,T,*,*,271,7137,1629
49434,T,T,*,*,271,7137,1630
49435,T,T,*,*,271,7137,1631
49436,T,T,*,*,271,7137,1632
49437,G,G,*,*,271,7137,1633
49438,T,T,*,*,271,7137,1634
49439,A,A,*,*,271,7137,1635
49440,T,T,*,*,271,7137,1636
49441,A,A,*,*,271,7137,1637
49442,A,A,*,*,271,7137,1638
49443,A,A,*,*,271,7137,1639
49444,T,T,*,*,271,7137,1640
49445,G,G,*,*,271,7137,1641
49446,T,T,*,*,271,7137,1642
49447,T,T,*,*,271,7137,1643
49448,T,T,*,*,271,7137,1644
49449,C,G,*,*,271,7137,1645
49450,T,T,*,*,271,7137,1646
49451,G,G,*,*,271,7137,1647
49452,C,C,*,*,271,7137,1648
49453,A,A,*,*,271,7137,1649
49454,A,G,*,*,271,7137,1650
49455,T,T,*,*,271,7137,1651
49456,C,C,*,*,271,7137,1652
49457,T,T,*,*,271,7137,1653
49458,G,G,*,*,271,7137,1654
49459,T,T,*,*,271,7137,1655
49460,A,A,*,*,271,7137,1656
49461,T,T,*,*,271,7137,1657
49462,T,T,*,*,271,7137,1658
49463,C,C,*,*,271,7137,1659
49464,T,T,*,*,271,7137,1660
49465,G,G,*,*,271,7137,1661
49466,G,G,*,*,271,7137,1662
49467,A,A,*,*,271,7137,1663
49468,A,A,*,*,271,7137,1664
49469,T,T,*,*,271,7137,1665
49470,G,G,*,*,271,7137,1666
49471,G,G,*,*,271,7137,1667
49472,G,G,*,*,271,7137,1668
49473,A,A,*,*,271,7137,1669
49474,T,T,*,*,271,7137,1670
49475,G,G,*,*,271,7137,1671
49476,A,G,*,*,271,7137,1672
49477,C,C,*,*,271,7137,1673
49478,T,T,*,*,271,7137,1674
49479,A,A,*,*,271,7137,1675
49480,G,G,*,*,271,7137,1676
49481,G,G,*,*,271,7137,1677
49482,T,T,*,*,271,7137,1678
49483,C,C,*,*,271,7137,1679
49484,A,A,*,*,271,7137,1680
49485,T,T,*,*,271,7137,1681
49486,A,A,*,*,271,7137,1682
49487,G,G,*,*,271,7137,1683
49488,A,A,*,*,271,7137,1684
49489,G,A,*,*,271,7137,1685
49490,C,T,*,*,271,7137,1686
49491,A,A,*,*,271,7137,1687
49492,C,C,*,*,271,7137,1688
49493,A,A,*,*,271,7137,1689
49494,C,C,*,*,271,7137,1690
49495,A,A,*,*,271,7137,1691
49496,C,C,*,*,271,7137,1692
49497,A,A,*,*,271,7137,1693
49498,T,T,*,*,271,7137,1694
49499,G,G,*,*,271,7137,1695
49500,C,C,*,*,271,7137,1696
49501,C,C,*,*,271,7137,1697
49502,C,C,*,*,271,7137,1698
49503,A,A,*,*,271,7137,1699
49504,C,C,*,*,271,7137,1700
49505,C,C,*,*,271,7137,1701
49506,T,T,*,*,271,7137,1702
49507,T,T,*,*,271,7137,1703
49508,G,G,*,*,271,7137,1704
49509,A,G,*,*,271,7137,1705
49510,C,C,*,*,271,7137,1706
49511,T,T,*,*,271,7137,1707
49512,A,A,*,*,271,7137,1708
49513,A,A,*,*,271,7137,1709
49514,G,G,*,*,271,7137,1710
49515,T,T,*,*,271,7137,1711
49516,C,C,*,*,271,7137,1712
49517,C,C,*,*,271,7137,1713
49518,T,T,*,*,271,7137,1714
49519,A,G,*,*,271,7137,1715
49520,C,C,*,*,271,7137,1716
49521,C,C,*,*,271,7137,1717
49522,A,A,*,*,271,7137,1718
49523,G,G,*,*,271,7137,1719
49524,A,A,*,*,271,7137,1720
49525,C,C,*,*,271,7137,1721
49526,T,T,*,*,271,7137,1722
49527,T,T,*,*,271,7137,1723
49528,C,C,*,*,271,7137,1724
49529,T,T,*,*,271,7137,1725
49530,G,G,*,*,271,7137,1726
49531,T,T,*,*,271,7137,1727
49532,A,A,*,*,271,7137,1728
49533,T,T,*,*,271,7137,1729
49534,G,A,*,*,271,7137,1730
49535,G,G,*,*,271,7137,1731
49536,G,G,*,*,271,7137,1732
49537,A,A,*,*,271,7137,1733
49538,T,T,*,*,271,7137,1734
49539,G,G,*,*,271,7137,1735
49540,G,G,*,*,271,7137,1736
49541,A,A,*,*,271,7137,1737
49542,G,G,*,*,271,7137,1738
49543,A,A,*,*,271,7137,1739
49544,C,T,*,*,271,7137,1740
49545,G,G,*,*,271,7137,1741
49546,A,A,*,*,271,7137,1742
49547,C,C,*,*,271,7137,1743
49548,A,A,*,*,271,7137,1744
49549,T,T,*,*,271,7137,1745
49550,T,T,*,*,271,7137,1746
49551,T,T,*,*,271,7137,1747
49552,C,C,*,*,271,7137,1748
49553,C,C,*,*,271,7137,1749
49554,T,T,*,*,271,7137,1750
49555,C,C,*,*,271,7137,1751
49556,T,T,*,*,271,7137,1752
49557,T,T,*,*,271,7137,1753
49558,T,T,*,*,271,7137,1754
49559,G,G,*,*,271,7137,1755
49560,C,C,*,*,271,7137,1756
49561,C,C,*,*,271,7137,1757
49562,T,T,*,*,271,7137,1758
49563,C,C,*,*,271,7137,1759
49564,A,A,*,*,271,7137,1760
49565,G,G,*,*,271,7137,1761
49566,C,C,*,*,271,7137,1762
49567,C,C,*,*,271,7137,1763
49568,T,T,*,*,271,7137,1764
49569,C,C,*,*,271,7137,1765
49570,A,A,*,*,271,7137,1766
49571,T,T,*,*,271,7137,1767
49572,C,C,*,*,271,7137,1768
49573,T,T,*,*,271,7137,1769
49574,C,C,*,*,271,7137,1770
49575,C,C,*,*,271,7137,1771
49576,T,T,*,*,271,7137,1772
49577,G,G,*,*,271,7137,1773
49578,G,G,*,*,271,7137,1774
49579,C,C,*,*,271,7137,1775
49580,A,A,*,*,271,7137,1776
49581,T,T,*,*,271,7137,1777
49582,C,C,*,*,271,7137,1778
49583,A,A,*,*,271,7137,1779
49584,G,G,*,*,271,7137,1780
49585,C,C,*,*,271,7137,1781
49586,C,C,*,*,271,7137,1782
49587,T,T,*,*,271,7137,1783
49588,A,A,*,*,271,7137,1784
49589,T,T,*,*,271,7137,1785
49590,T,T,*,*,271,7137,1786
49591,G,G,*,*,271,7137,1787
49592,T,T,*,*,271,7137,1788
49593,A,A,*,*,271,7137,1789
49594,C,C,*,*,271,7137,1790
49595,A,G,*,*,271,7137,1791
49596,A,A,*,*,271,7137,1792
49597,T,T,*,*,271,7137,1793
49598,T,T,*,*,271,7137,1794
49599,T,T,*,*,271,7137,1795
49600,C,C,*,*,271,7137,1796
49601,A,A,*,*,271,7137,1797
49602,T,T,*,*,271,7137,1798
49603,T,T,*,*,271,7137,1799
49604,T,T,*,*,271,7137,1800
49605,A,A,*,*,271,7137,1801
49606,C,C,*,*,271,7137,1802
49607,A,A,*,*,271,7137,1803
49608,T,T,*,*,271,7137,1804
49609,A,A,*,*,271,7137,1805
49610,A,A,*,*,271,7137,1806
49611,A,A,*,*,271,7137,1807
49612,A,A,*,*,271,7137,1808
49613,T,T,*,*,271,7137,1809
49614,G,G,*,*,271,7137,1810
49615,T,T,*,*,271,7137,1811
49616,C,C,*,*,271,7137,1812
49617,C,C,*,*,271,7137,1813
49618,A,A,*,*,271,7137,1814
49619,G,G,*,*,271,7137,1815
49620,A,A,*,*,271,7137,1816
49621,A,A,*,*,271,7137,1817
49622,T,T,*,*,271,7137,1818
49623,A,A,*,*,271,7137,1819
49624,G,G,*,*,271,7137,1820
49625,A,A,*,*,271,7137,1821
49626,T,T,*,*,271,7137,1822
49627,C,C,*,*,271,7137,1823
49628,A,A,*,*,271,7137,1824
49629,G,G,*,*,271,7137,1825
49630,T,T,*,*,271,7137,1826
49631,T,T,*,*,271,7137,1827
49632,T,T,*,*,271,7137,1828
49633,A,A,*,*,271,7137,1829
49634,G,G,*,*,271,7137,1830
49635,A,A,*,*,271,7137,1831
49636,G,G,*,*,271,7137,1832
49637,A,A,*,*,271,7137,1833
49638,C,C,*,*,271,7137,1834
49639,A,A,*,*,271,7137,1835
49640,G,G,*,*,271,7137,1836
49641,A,A,*,*,271,7137,1837
49642,A,A,*,*,271,7137,1838
49643,A,A,*,*,271,7137,1839
49644,G,G,*,*,271,7137,1840
49645,G,G,*,*,271,7137,1841
49646,A,A,*,*,271,7137,1842
49647,G,G,*,*,271,7137,1843
49648,A,A,*,*,271,7137,1844
49649,T,T,*,*,271,7137,1845
49650,T,T,*,*,271,7137,1846
49651,A,A,*,*,271,7137,1847
49652,G,G,*,*,271,7137,1848
49653,C,C,*,*,271,7137,1849
49654,A,A,*,*,271,7137,1850
49655,G,G,*,*,271,7137,1851
49656,C,C,*,*,271,7137,1852
49657,T,T,*,*,271,7137,1853
49658,C,C,*,*,271,7137,1854
49659,C,C,*,*,271,7137,1855
49660,C,C,*,*,271,7137,1856
49661,T,T,*,*,271,7137,1857
49662,A,A,*,*,271,7137,1858
49663,T,T,*,*,271,7137,1859
49664,G,G,*,*,271,7137,1860
49665,A,A,*,*,271,7137,1861
49666,C,C,*,*,271,7137,1862
49667,C,A,*,*,271,7137,1863
49668,A,A,*,*,271,7137,1864
49669,G,G,*,*,271,7137,1865
49670,A,A,*,*,271,7137,1866
49671,G,G,*,*,271,7137,1867
49672,A,A,*,*,271,7137,1868
49673,A,A,*,*,271,7137,1869
49674,G,G,*,*,271,7137,1870
49675,A,A,*,*,271,7137,1871
49676,T,G,*,*,271,7137,1872
49677,A,A,*,*,271,7137,1873
49678,G,G,*,*,271,7137,1874
49679,G,G,*,*,271,7137,1875
49680,A,A,*,*,271,7137,1876
49681,A,A,*,*,271,7137,1877
49682,A,A,*,*,271,7137,1878
49683,C,C,*,*,271,7137,1879
49684,T,T,*,*,271,7137,1880
49685,T,T,*,*,271,7137,1881
49686,G,G,*,*,271,7137,1882
49687,G,G,*,*,271,7137,1883
49688,G,G,*,*,271,7137,1884
49689,G,G,*,*,271,7137,1885
49690,G,G,*,*,271,7137,1886
49691,C,C,*,*,271,7137,1887
49692,G,G,*,*,271,7137,1888
49693,A,A,*,*,271,7137,1889
49694,T,T,*,*,271,7137,1890
49695,G,G,*,*,271,7137,1891
49696,G,G,*,*,271,7137,1892
49697,C,C,*,*,271,7137,1893
49698,T,T,*,*,271,7137,1894
49699,A,A,*,*,271,7137,1895
49700,A,A,*,*,271,7137,1896
49701,T,T,*,*,271,7137,1897
49702,G,G,*,*,271,7137,1898
49703,G,G,*,*,271,7137,1899
49704,G,G,*,*,271,7137,1900
49705,T,T,*,*,271,7137,1901
49706,T,T,*,*,271,7137,1902
49707,T,T,*,*,271,7137,1903
49708,G,G,*,*,271,7137,1904
49709,G,G,*,*,271,7137,1905
49710,T,T,*,*,271,7137,1906
49711,T,T,*,*,271,7137,1907
49712,T,T,*,*,271,7137,1908
49713,T,T,*,*,271,7137,1909
49714,T,T,*,*,271,7137,1910
49715,T,T,*,*,271,7137,1911
49716,T,T,*,*,271,7137,1912
49717,T,T,*,*,271,7137,1913
49718,A,A,*,*,271,7137,1914
49719,G,G,*,*,271,7137,1915
49720,G,G,*,*,271,7137,1916
49721,G,G,*,*,271,7137,1917
49722,T,T,*,*,271,7137,1918
49723,A,G,*,*,271,7137,1919
49724,A,A,*,*,271,7137,1920
49725,C,C,*,*,271,7137,1921
49726,A,A,*,*,271,7137,1922
49727,A,A,*,*,271,7137,1923
49728,A,A,*,*,271,7137,1924
49729,A,A,*,*,271,7137,1925
49730,A,A,*,*,271,7137,1926
49731,T,T,*,*,271,7137,1927
49732,G,G,*,*,271,7137,1928
49733,T,T,*,*,271,7137,1929
49734,T,T,*,*,271,7137,1930
49735,T,T,*,*,271,7137,1931
49737,G,G,*,*,271,7137,1932
49738,T,T,*,*,271,7137,1933
49739,T,T,*,*,271,7137,1934
49740,T,T,*,*,271,7137,1935
49741,T,T,*,*,271,7137,1936
49742,T,G,*,*,271,7137,1937
49743,T,T,*,*,271,7137,1938
49747,T,T,*,*,271,7137,1939
49748,T,T,*,*,271,7137,1940
49749,T,T,*,*,271,7137,1941
49750,G,G,*,*,271,7137,1942
49751,T,T,*,*,271,7137,1943
49752,T,T,*,*,271,7137,1944
49753,T,T,*,*,271,7137,1945
49754,T,T,*,*,271,7137,1946
49755,A,A,*,*,271,7137,1947
49756,T,T,*,*,271,7137,1948
49757,T,T,*,*,271,7137,1949
49758,T,T,*,*,271,7137,1950
49759,T,T,*,*,271,7137,1951
49760,G,G,*,*,271,7137,1952
49761,T,T,*,*,271,7137,1953
49762,T,T,*,*,271,7137,1954
49763,T,T,*,*,271,7137,1955
49764,T,T,*,*,271,7137,1956
49765,G,G,*,*,271,7137,1957
49766,A,A,*,*,271,7137,1958
49767,G,G,*,*,271,7137,1959
49768,A,A,*,*,271,7137,1960
49769,C,C,*,*,271,7137,1961
49770,A,A,*,*,271,7137,1962
49771,G,G,*,*,271,7137,1963
49772,G,G,*,*,271,7137,1964
49773,G,G,*,*,271,7137,1965
49774,T,T,*,*,271,7137,1966
49775,C,C,*,*,271,7137,1967
49776,T,T,*,*,271,7137,1968
49777,C,C,*,*,271,7137,1969
49778,A,A,*,*,271,7137,1970
49779,C,C,*,*,271,7137,1971
49780,T,T,*,*,271,7137,1972
49781,C,C,*,*,271,7137,1973
49782,T,T,*,*,271,7137,1974
49783,C,C,*,*,271,7137,1975
49784,T,T,*,*,271,7137,1976
49785,T,T,*,*,271,7137,1977
49786,G,G,*,*,271,7137,1978
49787,C,C,*,*,271,7137,1979
49788,C,C,*,*,271,7137,1980
49789,C,C,*,*,271,7137,1981
49790,A,A,*,*,271,7137,1982
49791,G,G,*,*,271,7137,1983
49792,A,A,*,*,271,7137,1984
49793,C,C,*,*,271,7137,1985
49794,T,T,*,*,271,7137,1986
49795,G,G,*,*,271,7137,1987
49796,G,G,*,*,271,7137,1988
49797,A,A,*,*,271,7137,1989
49798,A,A,*,*,271,7137,1990
49799,T,T,*,*,271,7137,1991
49800,G,G,*,*,271,7137,1992
49801,C,C,*,*,271,7137,1993
49802,A,A,*,*,271,7137,1994
49803,G,G,*,*,271,7137,1995
49804,T,T,*,*,271,7137,1996
49805,G,G,*,*,271,7137,1997
49806,G,G,*,*,271,7137,1998
49807,C,C,*,*,271,7137,1999
49808,C,C,*,*,271,7137,2000
49809,C,C,*,*,271,7137,2001
49810,A,G,*,*,271,7137,2002
49811,A,A,*,*,271,7137,2003
49812,T,T,*,*,271,7137,2004
49813,C,C,*,*,271,7137,2005
49814,T,T,*,*,271,7137,2006
49815,T,C,*,*,271,7137,2007
49816,G,G,*,*,271,7137,2008
49817,G,G,*,*,271,7137,2009
49818,T,C,*,*,271,7137,2010
49819,T,T,*,*,271,7137,2011
49820,C,C,*,*,271,7137,2012
49821,A,A,*,*,271,7137,2013
49822,C,C,*,*,271,7137,2014
49823,C,C,*,*,271,7137,2015
49824,G,G,*,*,271,7137,2016
49825,C,C,*,*,271,7137,2017
49826,A,A,*,*,271,7137,2018
49827,A,A,*,*,271,7137,2019
49828,C,C,*,*,271,7137,2020
49829,C,C,*,*,271,7137,2021
49830,C,C,*,*,271,7137,2022
49831,C,C,*,*,271,7137,2023
49832,T,T,*,*,271,7137,2024
49833,G,G,*,*,271,7137,2025
49834,C,C,*,*,271,7137,2026
49835,G,G,*,*,271,7137,2027
49836,T,T,*,*,271,7137,2028
49837,C,C,*,*,271,7137,2029
49838,T,T,*,*,271,7137,2030
49839,C,C,*,*,271,7137,2031
49840,A,A,*,*,271,7137,2032
49841,G,G,*,*,271,7137,2033
49842,G,G,*,*,271,7137,2034
49843,C,C,*,*,271,7137,2035
49844,T,T,*,*,271,7137,2036
49845,C,C,*,*,271,7137,2037
49846,A,A,*,*,271,7137,2038
49847,T,A,*,*,271,7137,2039
49848,G,G,*,*,271,7137,2040
49849,G,G,*,*,271,7137,2041
49850,G,G,*,*,271,7137,2042
49851,C,A,*,*,271,7137,2043
49852,T,T,*,*,271,7137,2044
49853,T,T,*,*,271,7137,2045
49854,C,C,*,*,271,7137,2046
49855,T,T,*,*,271,7137,2047
49856,C,C,*,*,271,7137,2048
49857,C,C,*,*,271,7137,2049
49858,C,C,*,*,271,7137,2050
49859,A,A,*,*,271,7137,2051
49860,C,C,*,*,271,7137,2052
49861,C,C,*,*,271,7137,2053
49862,T,T,*,*,271,7137,2054
49863,C,C,*,*,271,7137,2055
49864,A,A,*,*,271,7137,2056
49865,G,G,*,*,271,7137,2057
49866,T,T,*,*,271,7137,2058
49867,C,C,*,*,271,7137,2059
49868,T,T,*,*,271,7137,2060
49869,C,C,*,*,271,7137,2061
49870,C,C,*,*,271,7137,2062
49871,T,T,*,*,271,7137,2063
49872,G,G,*,*,271,7137,2064
49873,A,A,*,*,271,7137,2065
49874,G,A,*,*,271,7137,2066
49875,T,T,*,*,271,7137,2067
49876,A,A,*,*,271,7137,2068
49877,G,G,*,*,271,7137,2069
49878,C,C,*,*,271,7137,2070
49879,A,A,*,*,271,7137,2071
49880,G,G,*,*,271,7137,2072
49881,G,G,*,*,271,7137,2073
49882,G,G,*,*,271,7137,2074
49883,A,A,*,*,271,7137,2075
49884,T,T,*,*,271,7137,2076
49885,T,T,*,*,271,7137,2077
49886,G,A,*,*,271,7137,2078
49887,C,C,*,*,271,7137,2079
49888,A,A,*,*,271,7137,2080
49889,G,G,*,*,271,7137,2081
49890,G,G,*,*,271,7137,2082
49891,C,C,*,*,271,7137,2083
49892,A,G,*,*,271,7137,2084
49893,C,C,*,*,271,7137,2085
49894,A,A,*,*,271,7137,2086
49895,C,C,*,*,271,7137,2087
49896,A,A,*,*,271,7137,2088
49897,T,T,*,*,271,7137,2089
49898,C,C,*,*,271,7137,2090
49899,A,A,*,*,271,7137,2091
49900,C,C,*,*,271,7137,2092
49901,T,T,*,*,271,7137,2093
49902,A,A,*,*,271,7137,2094
49903,C,C,*,*,271,7137,2095
49904,C,C,*,*,271,7137,2096
49905,A,A,*,*,271,7137,2097
49906,C,C,*,*,271,7137,2098
49907,C,C,*,*,271,7137,2099
49908,C,C,*,*,271,7137,2100
49909,A,A,*,*,271,7137,2101
49910,G,G,*,*,271,7137,2102
49911,A,A,*,*,271,7137,2103
49912,T,T,*,*,271,7137,2104
49913,A,A,*,*,271,7137,2105
49914,A,A,*,*,271,7137,2106
49915,T,A,*,*,271,7144,2107
49916,T,T,*,*,271,7144,2108
49917,T,T,*,*,271,7144,2109
49918,T,T,*,*,271,7144,2110
49919,T,T,*,*,271,7144,2111
49920,T,T,*,*,271,7144,2112
49921,T,T,*,*,271,7144,2113
49922,T,T,*,*,271,7144,2114
49923,T,T,*,*,271,7144,2115
49924,T,T,*,*,271,7144,2116
49925,T,T,*,*,271,7144,2117
49926,T,T,*,*,271,7144,2118
49927,G,G,*,*,271,7144,2119
49928,A,A,*,*,271,7144,2120
49929,G,G,*,*,271,7144,2121
49930,A,A,*,*,271,7144,2122
49931,T,T,*,*,271,7144,2123
49932,G,G,*,*,271,7144,2124
49933,C,C,*,*,271,7144,2125
49934,A,A,*,*,271,7144,2126
49935,A,G,*,*,271,7144,2127
49937,C,C,*,*,271,7144,2128
49938,T,T,*,*,271,7144,2129
49939,G,G,*,*,271,7144,2130
49940,C,G,*,*,271,7144,2131
49941,A,A,*,*,271,7144,2132
49942,G,G,*,*,271,7144,2133
49943,T,T,*,*,271,7144,2134
49944,G,G,*,*,271,7144,2135
49945,G,C,*,*,271,7144,2136
49946,A,A,*,*,271,7144,2137
49947,A,A,*,*,271,7144,2138
49948,T,T,*,*,271,7144,2139
49949,G,G,*,*,271,7144,2140
49950,G,G,*,*,271,7144,2141
49951,C,C,*,*,271,7144,2142
49952,T,T,*,*,271,7144,2143
49953,C,C,*,*,271,7144,2144
49954,G,G,*,*,271,7144,2145
49955,A,G,*,*,271,7144,2146
49956,T,T,*,*,271,7144,2147
49957,C,T,*,*,271,7144,2148
49958,T,T,*,*,271,7144,2149
49959,C,C,*,*,271,7144,2150
49960,G,A,*,*,271,7144,2151
49961,G,G,*,*,271,7144,2152
49962,C,C,*,*,271,7144,2153
49963,T,T,*,*,271,7144,2154
49964,C,C,*,*,271,7144,2155
49965,A,A,*,*,271,7144,2156
49966,C,C,*,*,271,7144,2157
49967,C,C,*,*,271,7144,2158
49968,G,G,*,*,271,7144,2159
49969,C,C,*,*,271,7144,2160
49970,A,A,*,*,271,7144,2161
49971,A,A,*,*,271,7144,2162
49972,C,C,*,*,271,7144,2163
49973,C,C,*,*,271,7144,2164
49974,T,T,*,*,271,7144,2165
49975,C,C,*,*,271,7144,2166
49976,T,T,*,*,271,7144,2167
49977,G,G,*,*,271,7144,2168
49978,C,C,*,*,271,7144,2169
49979,C,C,*,*,271,7144,2170
49980,T,T,*,*,271,7144,2171
49981,C,C,*,*,271,7144,2172
49982,C,C,*,*,271,7144,2173
49983,C,T,*,*,271,7144,2174
49984,G,G,*,*,271,7144,2175
49985,G,T,*,*,271,7144,2176
49986,G,G,*,*,271,7144,2177
49987,T,T,*,*,271,7144,2178
49988,T,T,*,*,271,7144,2179
49989,C,C,*,*,271,7144,2180
49990,A,A,*,*,271,7144,2181
49991,A,A,*,*,271,7144,2182
49992,G,G,*,*,271,7144,2183
49993,T,T,*,*,271,7144,2184
49994,G,G,*,*,271,7144,2185
49995,A,A,*,*,271,7144,2186
49996,T,T,*,*,271,7144,2187
49997,T,T,*,*,271,7144,2188
49998,C,C,*,*,271,7144,2189
49999,T,T,*,*,271,7144,2190
50000,C,C,*,*,271,7144,2191
50001,C,C,*,*,271,7144,2192
50002,T,T,*,*,271,7144,2193
50003,G,G,*,*,271,7144,2194
50004,C,C,*,*,271,7144,2195
50005,C,C,*,*,271,7144,2196
50006,T,T,*,*,271,7144,2197
50007,C,C,*,*,271,7144,2198
50008,A,A,*,*,271,7144,2199
50009,G,G,*,*,271,7144,2200
50010,C,C,*,*,271,7144,2201
50011,C,C,*,*,271,7144,2202
50012,T,T,*,*,271,7144,2203
50013,C,C,*,*,271,7144,2204
50014,C,C,*,*,271,7144,2205
50015,C,T,*,*,271,7144,2206
50016,G,G,*,*,271,7144,2207
50017,A,A,*,*,271,7144,2208
50018,G,A,*,*,271,7144,2209
50019,T,T,*,*,271,7144,2210
50020,A,A,*,*,271,7144,2211
50021,G,G,*,*,271,7144,2212
50022,C,C,*,*,271,7144,2213
50023,T,T,*,*,271,7144,2214
50024,G,A,*,*,271,7144,2215
50025,G,G,*,*,271,7144,2216
50026,G,G,*,*,271,7144,2217
50027,A,A,*,*,271,7144,2218
50028,T,T,*,*,271,7144,2219
50029,T,T,*,*,271,7144,2220
50030,A,A,*,*,271,7144,2221
50031,C,C,*,*,271,7144,2222
50032,A,A,*,*,271,7144,2223
50033,G,G,*,*,271,7144,2224
50034,G,G,*,*,271,7144,2225
50035,T,C,*,*,271,7144,2226
50036,G,G,*,*,271,7144,2227
50037,C,C,*,*,271,7144,2228
50038,A,A,*,*,271,7144,2229
50833,C,C,*,*,271,7159,2230
50834,A,A,*,*,271,7159,2231
50835,C,C,*,*,271,7159,2232
50836,C,C,*,*,271,7159,2233
50837,A,A,*,*,271,7159,2234
50838,C,C,*,*,271,7159,2235
50839,C,C,*,*,271,7159,2236
50840,A,A,*,*,271,7159,2237
50841,T,T,*,*,271,7159,2238
50842,G,G,*,*,271,7159,2239
50843,C,C,*,*,271,7159,2240
50844,C,C,*,*,271,7159,2241
50845,C,C,*,*,271,7159,2242
50846,A,A,*,*,271,7159,2243
50847,G,G,*,*,271,7159,2244
50848,C,C,*,*,271,7159,2245
50849,T,T,*,*,271,7159,2246
50850,A,A,*,*,271,7159,2247
50851,A,A,*,*,271,7159,2248
50852,T,T,*,*,271,7159,2249
50853,T,T,*,*,271,7159,2250
50854,T,T,*,*,271,7159,2251
50855,T,T,*,*,271,7159,2252
50856,T,T,*,*,271,7159,2253
50857,G,G,*,*,271,7159,2254
50858,T,T,*,*,271,7159,2255
50859,A,A,*,*,271,7159,2256
50860,T,T,*,*,271,7159,2257
50861,T,T,*,*,271,7159,2258
50862,T,T,*,*,271,7159,2259
50863,T,T,*,*,271,7159,2260
50867,T,T,*,*,271,7159,2261
50868,A,A,*,*,271,7159,2262
50869,G,G,*,*,271,7159,2263
50870,A,A,*,*,271,7159,2264
50871,G,G,*,*,271,7159,2265
50872,A,A,*,*,271,7159,2266
50873,T,T,*,*,271,7159,2267
50874,G,G,*,*,271,7159,2268
50875,G,G,*,*,271,7159,2269
50876,G,G,*,*,271,7159,2270
50877,G,A,*,*,271,7159,2271
50878,T,T,*,*,271,7159,2272
50879,T,T,*,*,271,7159,2273
50880,T,T,*,*,271,7159,2274
50881,C,C,*,*,271,7159,2275
50882,A,A,*,*,271,7159,2276
50883,C,C,*,*,271,7159,2277
50884,C,C,*,*,271,7159,2278
50885,A,A,*,*,271,7159,2279
50886,T,T,*,*,271,7159,2280
50887,G,G,*,*,271,7159,2281
50888,T,T,*,*,271,7159,2282
50889,T,T,*,*,271,7159,2283
50890,G,G,*,*,271,7159,2284
50891,G,G,*,*,271,7159,2285
50892,C,T,*,*,271,7159,2286
50893,C,C,*,*,271,7159,2287
50894,A,A,*,*,271,7159,2288
50895,G,G,*,*,271,7159,2289
50896,G,G,*,*,271,7159,2290
50897,C,C,*,*,271,7159,2291
50898,T,C,*,*,271,7159,2292
50899,G,G,*,*,271,7159,2293
50900,G,T,*,*,271,7159,2294
50901,T,T,*,*,271,7159,2295
50902,C,C,*,*,271,7159,2296
50903,T,T,*,*,271,7159,2297
50904,C,C,*,*,271,7159,2298
50905,A,A,*,*,271,7159,2299
50906,A,A,*,*,271,7159,2300
50907,A,A,*,*,271,7159,2301
50908,C,C,*,*,271,7159,2302
50909,T,T,*,*,271,7159,2303
50910,G,C,*,*,271,7159,2304
50911,C,C,*,*,271,7159,2305
50912,T,T,*,*,271,7159,2306
50913,G,G,*,*,271,7159,2307
50914,A,A,*,*,271,7159,2308
50915,C,C,*,*,271,7159,2309
50916,C,C,*,*,271,7159,2310
50917,T,T,*,*,271,7159,2311
50918,C,C,*,*,271,7159,2312
50919,A,A,*,*,271,7159,2313
50920,A,A,*,*,271,7159,2314
50921,A,G,*,*,271,7159,2315
50922,T,G,*,*,271,7159,2316
50923,G,G,*,*,271,7159,2317
50924,A,A,*,*,271,7159,2318
50925,T,T,*,*,271,7159,2319
50926,C,C,*,*,271,7159,2320
50927,C,G,*,*,271,7159,2321
50928,A,A,*,*,271,7159,2322
50929,C,C,*,*,271,7159,2323
50930,C,C,*,*,271,7159,2324
50931,T,T,*,*,271,7159,2325
50932,G,G,*,*,271,7159,2326
50933,C,C,*,*,271,7159,2327
50934,C,C,*,*,271,7159,2328
50935,T,T,*,*,271,7159,2329
50936,T,T,*,*,271,7159,2330
50937,G,G,*,*,271,7159,2331
50938,G,G,*,*,271,7159,2332
50939,C,C,*,*,271,7159,2333
50940,C,C,*,*,271,7159,2334
50941,T,T,*,*,271,7159,2335
50942,C,C,*,*,271,7159,2336
50943,C,C,*,*,271,7159,2337
50944,C,C,*,*,271,7159,2338
50945,A,A,*,*,271,7159,2339
50946,A,A,*,*,271,7159,2340
50947,A,A,*,*,271,7159,2341
50948,G,G,*,*,271,7159,2342
50949,T,T,*,*,271,7159,2343
50950,G,G,*,*,271,7159,2344
50951,C,C,*,*,271,7159,2345
50952,T,T,*,*,271,7159,2346
50953,G,G,*,*,271,7159,2347
50954,G,G,*,*,271,7159,2348
50955,G,G,*,*,271,7159,2349
50956,A,A,*,*,271,7159,2350
50957,T,T,*,*,271,7159,2351
50958,T,T,*,*,271,7159,2352
50959,G,G,*,*,271,7159,2353
50960,C,C,*,*,271,7159,2354
50961,A,A,*,*,271,7159,2355
50962,G,G,*,*,271,7159,2356
50963,G,G,*,*,271,7159,2357
50964,T,C,*,*,271,7159,2358
50965,G,C,*,*,271,7159,2359
50966,T,T,*,*,271,7159,2360
50967,G,G,*,*,271,7159,2361
50968,A,A,*,*,271,7160,2362
50969,G,G,*,*,271,7160,2363
50970,C,C,*,*,271,7160,2364
50971,C,C,*,*,271,7160,2365
50972,A,A,*,*,271,7160,2366
50973,C,C,*,*,271,7160,2367
50974,C,C,*,*,271,7160,2368
50975,A,A,*,*,271,7160,2369
50976,T,T,*,*,271,7160,2370
50977,G,G,*,*,271,7160,2371
50978,C,C,*,*,271,7160,2372
50979,C,C,*,*,271,7160,2373
50981,A,A,*,*,271,7160,2374
50982,G,G,*,*,271,7160,2375
50983,C,C,*,*,271,7160,2376
50984,C,C,*,*,271,7160,2377
50985,T,T,*,*,271,7160,2378
50986,A,A,*,*,271,7160,2379
50987,A,A,*,*,271,7160,2380
50988,T,T,*,*,271,7160,2381
50989,T,T,*,*,271,7160,2382
50990,A,A,*,*,271,7160,2383
50991,T,T,*,*,271,7160,2384
50992,A,A,*,*,271,7160,2385
50993,C,A,*,*,271,7160,2386
50994,A,A,*,*,271,7160,2387
50995,T,T,*,*,271,7160,2388
50996,T,T,*,*,271,7160,2389
50997,T,T,*,*,271,7160,2390
50998,T,T,*,*,271,7160,2391
50999,A,A,*,*,271,7160,2392
51000,A,C,*,*,271,7160,2393
51001,G,G,*,*,271,7160,2394
51002,T,T,*,*,271,7160,2395
51003,A,A,*,*,271,7160,2396
51004,G,G,*,*,271,7160,2397
51005,G,G,*,*,271,7160,2398
51006,T,T,*,*,271,7160,2399
51007,C,C,*,*,271,7160,2400
51008,A,A,*,*,271,7160,2401
51009,G,G,*,*,271,7160,2402
51010,T,T,*,*,271,7160,2403
51011,T,T,*,*,271,7160,2404
51012,A,A,*,*,271,7160,2405
51013,T,T,*,*,271,7160,2406
51014,A,A,*,*,271,7160,2407
51015,T,T,*,*,271,7160,2408
51016,A,A,*,*,271,7160,2409
51017,G,G,*,*,271,7160,2410
51018,G,G,*,*,271,7160,2411
51019,A,A,*,*,271,7160,2412
51020,T,T,*,*,271,7160,2413
51021,G,G,*,*,271,7160,2414
51022,T,T,*,*,271,7160,2415
51023,G,G,*,*,271,7160,2416
51024,A,A,*,*,271,7160,2417
51025,A,A,*,*,271,7160,2418
51026,T,T,*,*,271,7160,2419
51027,C,C,*,*,271,7160,2420
51028,A,A,*,*,271,7160,2421
51029,T,T,*,*,271,7160,2422
51030,A,A,*,*,271,7160,2423
51031,T,T,*,*,271,7160,2424
51032,C,C,*,*,271,7160,2425
51033,T,T,*,*,271,7160,2426
51034,C,C,*,*,271,7160,2427
51035,A,A,*,*,271,7160,2428
51036,G,G,*,*,271,7160,2429
51037,T,T,*,*,271,7160,2430
51038,A,A,*,*,271,7160,2431
51039,A,A,*,*,271,7160,2432
51040,A,A,*,*,271,7160,2433
51041,G,G,*,*,271,7160,2434
51042,C,C,*,*,271,7160,2435
51043,T,T,*,*,271,7160,2436
51044,G,G,*,*,271,7160,2437
51045,C,C,*,*,271,7160,2438
51046,A,A,*,*,271,7160,2439
51047,T,T,*,*,271,7160,2440
51048,A,A,*,*,271,7160,2441
51049,A,A,*,*,271,7160,2442
51050,A,A,*,*,271,7160,2443
51051,A,A,*,*,271,7160,2444
51052,A,A,*,*,271,7160,2445
51053,A,A,*,*,271,7160,2446
51054,A,A,*,*,271,7160,2447
51055,G,G,*,*,271,7160,2448
51056,G,G,*,*,271,7160,2449
51057,C,C,*,*,271,7160,2450
51058,T,T,*,*,271,7160,2451
51059,A,A,*,*,271,7160,2452
51060,T,T,*,*,271,7160,2453
51061,G,G,*,*,271,7160,2454
51062,A,A,*,*,271,7160,2455
51063,G,G,*,*,271,7160,2456
51064,G,G,*,*,271,7160,2457
51065,C,C,*,*,271,7160,2458
51066,C,C,*,*,271,7160,2459
51067,A,A,*,*,271,7160,2460
51068,G,G,*,*,271,7160,2461
51069,G,G,*,*,271,7160,2462
51070,A,A,*,*,271,7160,2463
51071,A,A,*,*,271,7160,2464
51072,C,C,*,*,271,7160,2465
51073,A,A,*,*,271,7160,2466
51074,G,G,*,*,271,7160,2467
51075,C,T,*,*,271,7160,2468
51076,T,T,*,*,271,7160,2469
51077,G,G,*,*,271,7160,2470
51078,C,C,*,*,271,7160,2471
51079,T,T,*,*,271,7160,2472
51080,C,C,*,*,271,7160,2473
51081,A,A,*,*,271,7160,2474
51082,C,C,*,*,271,7160,2475
51083,A,A,*,*,271,7160,2476
51084,C,C,*,*,271,7160,2477
51085,C,A,*,*,271,7160,2478
51086,T,T,*,*,271,7160,2479
51087,G,G,*,*,271,7160,2480
51088,T,T,*,*,271,7160,2481
51089,A,A,*,*,271,7160,2482
51090,A,A,*,*,271,7160,2483
51091,T,T,*,*,271,7160,2484
51092,C,C,*,*,271,7160,2485
51093,C,C,*,*,271,7160,2486
51094,C,C,*,*,271,7160,2487
51095,A,A,*,*,271,7160,2488
51096,G,G,*,*,271,7160,2489
51097,C,C,*,*,271,7160,2490
51098,A,A,*,*,271,7160,2491
51099,C,T,*,*,271,7160,2492
51100,T,T,*,*,271,7160,2493
51101,T,T,*,*,271,7160,2494
51102,T,T,*,*,271,7160,2495
51103,G,G,*,*,271,7160,2496
51104,G,G,*,*,271,7160,2497
51105,G,G,*,*,271,7160,2498
51106,A,A,*,*,271,7160,2499
51107,G,G,*,*,271,7160,2500
51108,G,G,*,*,271,7160,2501
51109,C,C,*,*,271,7160,2502
51110,T,T,*,*,271,7160,2503
51111,G,G,*,*,271,7160,2504
51112,A,A,*,*,271,7160,2505
51113,G,G,*,*,271,7160,2506
51114,G,G,*,*,271,7160,2507
51115,C,C,*,*,271,7160,2508
51117,A,A,*,*,271,7160,2509
51118,G,G,*,*,271,7160,2510
51119,A,A,*,*,271,7160,2511
51120,G,G,*,*,271,7160,2512
51121,G,G,*,*,271,7160,2513
51122,A,A,*,*,271,7160,2514
51123,G,G,*,*,271,7160,2515
51124,A,A,*,*,271,7160,2516
51125,G,G,*,*,271,7160,2517
51126,C,C,*,*,271,7160,2518
51127,T,T,*,*,271,7160,2519
51128,T,T,*,*,271,7160,2520
51129,G,G,*,*,271,7160,2521
51130,A,A,*,*,271,7160,2522
51131,G,G,*,*,271,7160,2523
51132,C,C,*,*,271,7160,2524
51133,C,C,*,*,271,7160,2525
51134,C,C,*,*,271,7160,2526
51135,A,A,*,*,271,7160,2527
51136,G,G,*,*,271,7160,2528
51137,G,G,*,*,271,7160,2529
51138,A,A,*,*,271,7160,2530
51139,G,A,*,*,271,7160,2531
51140,T,T,*,*,271,7160,2532
51141,T,T,*,*,271,7160,2533
51142,T,T,*,*,271,7160,2534
51143,G,G,*,*,271,7160,2535
51144,A,A,*,*,271,7160,2536
51145,G,G,*,*,271,7160,2537
51146,A,A,*,*,271,7160,2538
51147,C,C,*,*,271,7160,2539
51148,C,C,*,*,271,7160,2540
51149,A,A,*,*,271,7160,2541
51150,G,G,*,*,271,7160,2542
51151,C,C,*,*,271,7160,2543
51152,C,C,*,*,271,7160,2544
51153,T,T,*,*,271,7160,2545
51154,G,G,*,*,271,7160,2546
51155,A,A,*,*,271,7160,2547
51156,G,G,*,*,271,7160,2548
51157,C,C,*,*,271,7160,2549
51158,A,A,*,*,271,7160,2550
51159,A,A,*,*,271,7160,2551
51160,C,C,*,*,271,7160,2552
51161,A,A,*,*,271,7160,2553
51162,T,T,*,*,271,7160,2554
51163,A,A,*,*,271,7160,2555
51164,G,G,*,*,271,7160,2556
51165,C,C,*,*,271,7160,2557
51166,A,A,*,*,271,7160,2558
51167,A,A,*,*,271,7160,2559
51168,G,G,*,*,271,7160,2560
51169,A,A,*,*,271,7160,2561
51170,C,C,*,*,271,7160,2562
51171,C,C,*,*,271,7160,2563
51172,C,C,*,*,271,7160,2564
51173,T,T,*,*,271,7160,2565
51174,G,G,*,*,271,7160,2566
51175,T,T,*,*,271,7160,2567
51176,C,C,*,*,271,7160,2568
51177,T,T,*,*,271,7160,2569
51178,G,G,*,*,271,7160,2570
51179,T,T,*,*,271,7160,2571
51180,A,A,*,*,271,7160,2572
51181,C,C,*,*,271,7160,2573
51182,A,A,*,*,271,7160,2574
51183,A,A,*,*,271,7160,2575
51184,A,A,*,*,271,7160,2576
51185,A,A,*,*,271,7160,2577
51186,A,A,*,*,271,7160,2578
51187,A,A,*,*,271,7160,2579
51193,A,A,*,*,271,7160,2580
51194,A,A,*,*,271,7160,2581
51195,T,T,*,*,271,7160,2582
51196,A,A,*,*,271,7160,2583
51197,A,A,*,*,271,7160,2584
51198,T,T,*,*,271,7160,2585
51199,A,A,*,*,271,7160,2586
51200,A,A,*,*,271,7160,2587
51201,G,G,*,*,271,7160,2588
51202,A,A,*,*,271,7160,2589
51203,G,G,*,*,271,7160,2590
51204,G,G,*,*,271,7160,2591
51205,A,A,*,*,271,7160,2592
51206,A,A,*,*,271,7160,2593
51207,G,G,*,*,271,7160,2594
51208,A,A,*,*,271,7160,2595
51209,A,A,*,*,271,7160,2596
51210,A,A,*,*,271,7160,2597
51211,A,A,*,*,271,7160,2598
51212,T,T,*,*,271,7160,2599
51213,T,T,*,*,271,7160,2600
51214,T,T,*,*,271,7160,2601
51215,G,G,*,*,271,7160,2602
51216,C,C,*,*,271,7160,2603
51217,C,C,*,*,271,7160,2604
51218,A,A,*,*,271,7160,2605
51220,G,G,*,*,271,7160,2606
51221,C,C,*,*,271,7160,2607
51222,A,A,*,*,271,7160,2608
51223,T,T,*,*,271,7160,2609
51224,G,G,*,*,271,7160,2610
51225,G,G,*,*,271,7160,2611
51226,T,T,*,*,271,7160,2612
51227,G,G,*,*,271,7160,2613
51228,G,G,*,*,271,7160,2614
51229,C,C,*,*,271,7160,2615
51230,T,T,*,*,271,7160,2616
51231,C,C,*,*,271,7160,2617
51232,A,A,*,*,271,7160,2618
51233,T,T,*,*,271,7160,2619
51234,G,G,*,*,271,7160,2620
51235,C,C,*,*,271,7160,2621
51236,C,C,*,*,271,7160,2622
51237,T,T,*,*,271,7160,2623
51238,G,G,*,*,271,7160,2624
51239,T,T,*,*,271,7160,2625
51240,A,A,*,*,271,7160,2626
51241,G,G,*,*,271,7160,2627
51242,C,C,*,*,271,7160,2628
51243,C,C,*,*,271,7160,2629
51244,C,C,*,*,271,7160,2630
51245,C,C,*,*,271,7160,2631
51246,A,A,*,*,271,7160,2632
51247,G,G,*,*,271,7160,2633
51248,C,C,*,*,271,7160,2634
51249,T,T,*,*,271,7160,2635
51250,A,A,*,*,271,7160,2636
51251,C,C,*,*,271,7160,2637
51252,T,T,*,*,271,7160,2638
51253,A,A,*,*,271,7160,2639
51254,G,G,*,*,271,7160,2640
51255,G,G,*,*,271,7160,2641
51256,G,G,*,*,271,7160,2642
51257,A,A,*,*,271,7160,2643
51258,G,G,*,*,271,7160,2644
51259,G,G,*,*,271,7160,2645
51260,C,C,*,*,271,7160,2646
51261,T,T,*,*,271,7160,2647
51262,G,G,*,*,271,7160,2648
51263,A,A,*,*,271,7160,2649
51264,G,G,*,*,271,7160,2650
51265,G,G,*,*,271,7160,2651
51266,C,C,*,*,271,7160,2652
51267,A,A,*,*,271,7160,2653
51268,T,T,*,*,271,7160,2654
51269,G,G,*,*,271,7160,2655
51270,A,A,*,*,271,7160,2656
51271,G,G,*,*,271,7160,2657
51272,G,G,*,*,271,7160,2658
51273,A,A,*,*,271,7160,2659
51274,T,T,*,*,271,7160,2660
51275,C,C,*,*,271,7160,2661
51276,A,A,*,*,271,7160,2662
51277,C,C,*,*,271,7160,2663
51278,C,T,*,*,271,7160,2664
51279,T,T,*,*,271,7160,2665
51280,G,G,*,*,271,7160,2666
51281,A,A,*,*,271,7160,2667
51282,G,G,*,*,271,7160,2668
51283,C,C,*,*,271,7160,2669
51284,C,C,*,*,271,7160,2670
51285,C,C,*,*,271,7160,2671
51286,A,A,*,*,271,7160,2672
51287,G,G,*,*,271,7160,2673
51288,A,A,*,*,271,7160,2674
51289,A,A,*,*,271,7160,2675
51290,G,G,*,*,271,7160,2676
51291,T,T,*,*,271,7160,2677
51292,T,T,*,*,271,7160,2678
51293,G,G,*,*,271,7160,2679
51294,A,A,*,*,271,7160,2680
51295,A,A,*,*,271,7160,2681
51296,G,G,*,*,271,7160,2682
51297,G,G,*,*,271,7160,2683
51298,C,C,*,*,271,7160,2684
51299,T,T,*,*,271,7160,2685
51300,G,G,*,*,271,7160,2686
51301,C,C,*,*,271,7160,2687
51302,A,A,*,*,271,7160,2688
51303,A,A,*,*,271,7160,2689
51304,T,T,*,*,271,7160,2690
51305,A,G,*,*,271,7160,2691
51306,C,C,*,*,271,7160,2692
51307,A,A,*,*,271,7160,2693
51308,C,C,*,*,271,7160,2694
51309,C,C,*,*,271,7160,2695
51310,A,A,*,*,271,7160,2696
51311,T,T,*,*,271,7160,2697
51312,G,G,*,*,271,7160,2698
51313,C,C,*,*,271,7160,2699
51314,T,T,*,*,271,7160,2700
51315,C,C,*,*,271,7160,2701
51316,A,A,*,*,271,7160,2702
51317,T,T,*,*,271,7160,2703
51318,G,G,*,*,271,7160,2704
51319,C,C,*,*,271,7160,2705
51320,C,C,*,*,271,7160,2706
51321,A,A,*,*,271,7160,2707
51322,T,T,*,*,271,7173,2708
51323,G,G,*,*,271,7173,2709
51324,G,G,*,*,271,7173,2710
51325,G,G,*,*,271,7173,2711
51326,C,C,*,*,271,7173,2712
51327,A,A,*,*,271,7173,2713
51328,A,A,*,*,271,7173,2714
51329,T,T,*,*,271,7173,2715
51330,A,A,*,*,271,7173,2716
51331,G,G,*,*,271,7173,2717
51332,A,A,*,*,271,7173,2718
51333,G,G,*,*,271,7173,2719
51334,T,T,*,*,271,7173,2720
51335,G,G,*,*,271,7173,2721
51336,A,A,*,*,271,7173,2722
51337,G,G,*,*,271,7173,2723
51338,A,A,*,*,271,7173,2724
51339,C,C,*,*,271,7173,2725
51340,T,T,*,*,271,7173,2726
51341,C,C,*,*,271,7173,2727
51342,T,T,*,*,271,7173,2728
51343,G,G,*,*,271,7173,2729
51344,T,T,*,*,271,7173,2730
51345,C,C,*,*,271,7173,2731
51346,T,T,*,*,271,7173,2732
51347,C,C,*,*,271,7173,2733
51348,A,A,*,*,271,7173,2734
51349,A,A,*,*,271,7173,2735
51350,A,A,*,*,271,7173,2736
51353,A,A,*,*,271,7174,2737
51354,A,A,*,*,271,7174,2738
51355,T,T,*,*,271,7174,2739
51356,A,A,*,*,271,7174,2740
51357,A,A,*,*,271,7174,2741
51358,T,T,*,*,271,7174,2742
51359,A,A,*,*,271,7174,2743
51360,A,A,*,*,271,7174,2744
51361,T,T,*,*,271,7174,2745
51362,A,A,*,*,271,7174,2746
51363,A,A,*,*,271,7174,2747
51364,T,T,*,*,271,7174,2748
51365,A,A,*,*,271,7174,2749
51366,A,A,*,*,271,7174,2750
51367,A,A,*,*,271,7174,2751
51368,A,A,*,*,271,7174,2752
51369,T,T,*,*,271,7174,2753
51370,A,A,*,*,271,7174,2754
51371,A,A,*,*,271,7174,2755
51372,A,A,*,*,271,7174,2756
51373,A,A,*,*,271,7174,2757
51374,T,T,*,*,271,7174,2758
51375,A,A,*,*,271,7174,2759
51376,A,A,*,*,271,7174,2760
51377,A,A,*,*,271,7174,2761
51378,G,G,*,*,271,7174,2762
51379,A,A,*,*,271,7180,2763
51380,A,A,*,*,271,7180,2764
51381,A,A,*,*,271,7180,2765
51382,G,T,*,*,271,7180,2766
51383,A,A,*,*,271,7180,2767
51384,A,A,*,*,271,7180,2768
51385,A,A,*,*,271,7180,2769
51386,T,A,*,*,271,7180,2770
51387,A,A,*,*,271,7180,2771
51388,A,A,*,*,271,7180,2772
51389,A,A,*,*,271,7180,2773
51390,A,A,*,*,271,7180,2774
51391,G,G,*,*,271,7180,2775
51392,A,A,*,*,271,7180,2776
51393,A,A,*,*,271,7180,2777
51394,A,A,*,*,271,7180,2778
51395,A,A,*,*,271,7183,2779
51396,A,A,*,*,271,7183,2780
51397,A,A,*,*,271,7183,2781
51398,A,A,*,*,271,7183,2782
51399,A,A,*,*,271,7183,2783
51400,A,A,*,*,271,7183,2784
51401,G,A,*,*,271,7183,2785
51402,C,C,*,*,271,7183,2786
51403,T,T,*,*,271,7183,2787
51404,A,A,*,*,271,7183,2788
51405,T,T,*,*,271,7183,2789
51406,G,G,*,*,271,7183,2790
51407,A,A,*,*,271,7183,2791
51408,G,G,*,*,271,7183,2792
51409,G,G,*,*,271,7183,2793
51410,T,T,*,*,271,7183,2794
51411,T,T,*,*,271,7183,2795
51412,T,T,*,*,271,7183,2796
51413,T,T,*,*,271,7183,2797
51414,G,G,*,*,271,7205,2798
51415,A,A,*,*,271,7205,2799
51416,A,A,*,*,271,7205,2800
51417,A,A,*,*,271,7205,2801
