57,A,A,G,G,1,5,0
100,G,G,T,T,2,8,0
191,T,T,G,G,3,29,0
758,C,C,A,T,4,175,0
872,C,C,-,*,4,183,1
885,T,T,-,*,4,184,2
904,T,T,-,*,4,184,3
948,G,G,-,*,4,185,4
1003,C,C,-,*,4,186,5
1004,T,T,-,*,4,186,6
1005,T,T,-,*,4,186,7
1055,A,A,-,*,4,202,8
1065,A,A,-,*,4,230,9
1066,A,A,-,*,4,230,10
1067,A,A,-,*,4,230,11
1103,G,G,-,*,4,230,12
1128,G,G,-,*,4,234,13
1294,A,A,T,T,5,238,13
1360,T,T,C,C,6,238,13
1371,G,G,A,A,7,238,13
1405,T,T,*,-,7,238,14
1406,C,C,*,-,7,238,15
1428,A,A,*,-,7,242,16
1429,A,A,*,*,7,242,17
1489,C,C,T,T,8,250,17
1724,T,T,C,C,9,262,17
2102,T,T,C,C,10,305,17
2113,G,G,T,A,11,305,17
2114,A,A,C,C,12,305,17
2124,A,A,G,G,13,305,17
2170,T,T,C,C,14,319,17
2359,G,G,A,A,15,332,17
2447,G,G,A,A,16,381,17
2555,G,G,A,A,17,581,17
2586,T,T,C,C,18,583,17
2654,A,A,C,C,19,603,17
2750,G,G,T,T,20,641,17
2997,G,G,A,A,21,694,17
3006,C,C,T,T,22,695,17
3092,A,A,G,G,23,728,17
3174,-,-,T,T,23,858,17
3174,-,-,T,T,23,859,17
3174,-,-,T,T,23,860,17
3174,-,-,G,T,23,861,17
3177,A,A,T,T,24,863,17
3226,C,C,G,A,25,872,17
3359,C,C,T,T,26,881,17
3412,A,A,C,C,27,881,17
3674,C,C,T,T,28,913,17
3969,G,G,T,T,29,1007,17
4010,A,A,-,-,29,1014,18
4210,-,-,C,C,29,1056,18
4210,-,-,T,A,29,1057,18
4227,-,-,T,T,29,1071,18
4227,-,-,T,T,29,1072,18
4227,-,-,C,C,29,1073,18
4449,G,G,A,A,30,1120,18
4828,T,T,-,*,30,1264,19
5458,C,C,T,T,31,1399,19
5461,C,C,T,T,32,1400,19
5610,T,T,G,G,33,1476,19
5780,G,G,A,A,34,1550,19
5811,A,A,G,G,35,1550,19
5870,T,T,G,G,36,1557,19
6307,A,A,-,*,36,1644,20
6431,G,G,-,*,36,1663,21
6432,A,A,-,*,36,1663,22
6433,A,A,-,*,36,1663,23
6434,G,G,-,*,36,1663,24
6435,A,A,-,*,36,1663,25
8596,A,A,-,*,36,1940,26
8597,C,C,-,*,36,1955,27
8598,A,A,-,*,36,1958,28
8599,C,C,-,*,36,1958,29
8924,T,T,-,*,36,2076,30
8925,G,G,-,*,36,2076,31
8933,T,T,-,*,36,2076,32
8934,G,G,-,*,36,2076,33
8935,T,T,-,*,36,2076,34
8936,T,T,-,*,36,2094,35
9016,T,T,-,*,36,2113,36
9017,A,A,-,*,36,2113,37
9199,A,A,G,G,37,2146,37
9333,C,C,G,G,38,2165,37
9433,C,C,A,G,39,2170,37
9433,-,-,G,G,39,2171,37
9436,C,C,T,T,40,2171,37
9486,A,A,G,G,41,2176,37
9672,A,A,G,G,42,2257,37
9742,A,A,G,G,43,2260,37
9907,A,A,G,G,44,2297,37
9952,T,T,G,G,45,2297,37
10070,A,A,C,C,46,2305,37
10103,C,C,-,-,46,2312,38
10322,C,C,-,*,46,2327,39
10323,C,C,-,*,46,2327,40
10324,T,T,-,*,46,2327,41
10325,C,C,-,*,46,2327,42
10326,C,C,-,*,46,2327,43
10327,C,C,-,*,46,2327,44
10328,T,T,-,-,46,2331,45
10329,C,C,-,-,46,2331,46
10330,C,C,-,-,46,2331,47
10331,T,T,-,-,46,2331,48
10332,C,C,-,-,46,2331,49
10341,G,G,C,C,47,2331,49
10403,T,T,C,C,48,2337,49
10451,C,C,G,G,49,2337,49
11362,G,G,A,A,50,2345,49
11636,A,G,-,-,50,2346,50
11771,A,A,C,C,51,2354,50
12042,T,T,C,C,52,2360,50
12208,G,G,-,-,52,2376,51
12209,A,A,-,-,52,2376,52
12210,T,T,-,-,52,2376,53
12211,C,G,-,-,52,2376,54
12212,G,G,-,-,52,2376,55
12239,C,C,-,-,52,2380,56
12240,T,T,-,-,52,2380,57
12241,A,A,-,-,52,2380,58
12242,T,T,-,-,52,2380,59
12243,C,C,-,-,52,2380,60
12264,T,T,C,C,53,2384,60
12265,T,T,C,C,54,2384,60
12266,T,T,C,C,55,2384,60
12280,C,C,G,G,56,2386,60
12305,T,T,C,C,57,2386,60
12649,G,G,A,A,58,2439,60
13094,G,G,-,-,58,2491,61
13105,T,T,C,C,59,2491,61
13107,A,G,-,-,59,2503,62
13108,G,G,-,-,59,2503,63
13109,G,G,-,-,59,2503,64
13110,G,G,-,-,59,2503,65
13111,G,G,-,-,59,2503,66
13112,G,G,-,-,59,2503,67
13113,T,T,-,-,59,2503,68
13114,G,G,-,-,59,2503,69
13115,G,G,-,-,59,2503,70
13116,G,G,-,-,59,2503,71
13117,C,C,-,-,59,2503,72
13118,G,G,-,-,59,2503,73
13275,A,A,G,G,60,2554,73
13484,T,T,C,C,61,2586,73
13534,A,A,G,G,62,2596,73
13624,-,-,T,T,62,2606,73
13624,-,-,G,T,62,2607,73
13624,-,-,T,T,62,2608,73
13624,-,-,T,T,62,2622,73
13624,-,-,T,T,62,2623,73
13624,-,-,T,T,62,2624,73
14128,-,-,T,T,62,2724,73
14179,A,A,G,G,63,2725,73
15091,C,C,A,A,64,2766,73
15481,G,G,-,-,64,2813,74
15790,C,C,G,G,65,2877,74
16275,T,T,C,C,66,2951,74
16469,A,A,G,G,67,2963,74
16571,C,C,A,A,68,2974,74
16600,G,G,A,A,69,2978,74
16624,C,C,G,A,70,2984,74
16687,C,C,T,T,71,3000,74
16699,T,T,C,C,72,3000,74
16724,C,C,T,T,73,3000,74
16730,G,G,T,T,74,3001,74
16844,G,G,A,A,75,3011,74
16913,G,G,A,A,76,3019,74
17024,A,A,-,-,76,3087,75
17168,-,-,A,A,76,3115,75
17168,-,-,A,A,76,3116,75
17168,-,-,G,G,76,3117,75
17242,T,T,C,G,77,3145,75
17342,A,A,C,C,78,3157,75
17524,G,G,C,A,79,3217,75
17550,A,A,T,C,80,3222,75
18509,A,A,T,T,81,3346,75
18525,A,A,G,G,82,3353,75
18623,C,C,T,T,83,3387,75
18680,-,-,A,A,83,3389,75
18680,-,-,C,C,83,3390,75
18681,C,C,T,T,84,3390,75
18683,A,A,C,C,85,3390,75
18691,A,A,C,C,86,3391,75
19103,G,G,C,C,87,3482,75
19105,-,-,C,C,87,3483,75
19105,-,-,A,A,87,3484,75
19233,A,A,G,G,88,3526,75
19372,T,T,G,G,89,3567,75
19491,G,G,C,C,90,3604,75
19872,A,A,G,G,91,3612,75
19998,G,G,A,A,92,3712,75
20073,T,T,A,G,93,3728,75
20220,C,C,T,T,94,3758,75
20450,G,G,A,A,95,3785,75
20508,C,C,G,G,96,3790,75
20515,A,A,G,G,97,3790,75
20692,C,C,A,A,98,3818,75
20908,T,T,C,C,99,3826,75
21405,G,G,T,T,100,3878,75
21425,C,C,T,T,101,3878,75
21712,G,G,C,C,102,3894,75
21835,A,A,G,G,103,3904,75
21862,-,-,A,G,103,3907,75
21890,A,A,T,T,104,3912,75
22222,G,G,A,A,105,3990,75
22314,A,A,G,G,106,3993,75
22383,G,G,C,C,107,3993,75
22588,A,A,G,T,108,4007,75
22674,G,G,A,A,109,4061,75
22696,T,T,-,-,109,4064,76
22751,C,C,T,T,110,4074,76
22803,C,C,T,T,111,4075,76
23144,G,G,A,A,112,4089,76
23317,T,T,C,C,113,4095,76
23318,G,G,A,A,114,4095,76
23361,T,T,G,G,115,4101,76
23376,A,A,G,G,116,4101,76
23385,C,C,T,G,117,4101,76
23431,G,G,A,A,118,4110,76
23756,A,A,G,G,119,4262,76
23820,T,T,C,C,120,4303,76
23889,G,G,A,T,121,4325,76
24150,A,A,*,-,121,4361,77
24151,A,A,*,-,121,4361,78
24152,A,A,*,-,121,4361,79
24191,T,T,*,-,121,4392,80
24192,T,T,*,-,121,4392,81
24193,T,T,*,-,121,4392,82
24194,T,T,*,-,121,4392,83
24195,T,T,*,-,121,4392,84
24196,T,T,*,-,121,4392,85
24197,A,A,*,-,121,4392,86
24200,T,T,*,*,121,4394,87
24201,T,T,*,*,121,4394,88
24202,T,T,*,*,121,4394,89
24203,T,T,*,*,121,4394,90
24493,C,C,*,-,121,4397,91
24495,T,T,*,-,121,4397,92
24496,T,T,*,-,121,4397,93
24498,A,A,*,-,121,4397,94
24504,A,A,*,-,121,4398,95
24724,A,A,G,C,122,4444,95
24798,T,T,G,C,123,4461,95
25869,T,T,C,C,124,4627,95
25886,G,G,A,A,125,4627,95
25988,T,T,C,C,126,4627,95
26052,G,G,C,C,127,4627,95
26059,C,C,T,T,128,4627,95
26194,A,A,G,C,129,4662,95
27455,C,C,T,G,130,4821,95
27505,C,C,T,A,131,4821,95
27506,C,C,A,A,132,4821,95
27676,G,G,A,A,133,4830,95
27817,G,G,C,C,134,4957,95
28051,C,C,T,T,135,4993,95
28066,A,A,G,G,136,4993,95
28166,C,C,T,T,137,4999,95
28351,C,C,T,A,138,5002,95
28403,A,A,G,G,139,5028,95
28600,G,G,A,A,140,5051,95
29280,T,T,C,C,141,5108,95
29447,A,A,T,T,142,5108,95
29550,T,T,G,G,143,5158,95
29590,A,A,G,G,144,5158,95
29616,T,T,C,C,145,5159,95
29976,A,A,G,G,146,5311,95
30073,C,C,T,T,147,5454,95
30169,C,C,T,T,148,5601,95
30332,A,A,G,G,149,5685,95
30458,C,C,T,T,150,5715,95
30573,T,T,C,C,151,5716,95
30597,A,A,-,-,151,5737,96
30757,C,C,G,G,152,5738,96
30794,G,G,A,A,153,5739,96
30879,C,C,G,G,154,5745,96
30950,A,A,G,G,155,5753,96
31549,G,G,A,A,156,5828,96
